id_registro,texto_principal,label,label_detalhe,pipeline_origem,portal_origem,origem_texto,tamanho_chars,data_publicacao,url_origem
8b632b65-950a-4de6-924a-1492cd0fe707,Jair Renan filho de Bolsonaro é alvo de operação policial em 2026,0,ENGANOSO,google_factcheck,AFP_CHECAMOS,afirmacao_checada,65,2026-05-06,https://checamos.afp.com/doc.afp.com.A9ZT363
cf4168df-676d-485a-86df-93c60f9923bd,Índia pediu pena de morte para “cientista da OMS que bloqueou o acesso à ivermectina” para tratamento da covid-19,0,ENGANOSO,google_factcheck,UOL_NOTÍCIAS,afirmacao_checada,113,,https://noticias.uol.com.br/comprova/ultimas-noticias/2024/07/01/post-engana-ao-afirmar-que-india-pediu-pena-de-morte-a-cientista-da-oms.htm
0e0249ea-d819-4f89-866f-8f26fdf5fa85,'Vai continuar os 500k ou pode ser os 300k?': PF aponta pagamento de 'mesada' de Vorcaro a Ciro Nogueira,1,NOTICIA_REAL,noticias_reais,G1_POLITICA,titulo,104,2026-05-07,https://g1.globo.com/politica/blog/andreia-sadi/noticia/2026/05/07/repasses-mensais-ciro-nogueira.ghtml
e52fd6c1-93d4-468d-9b80-a8dfa9aa2a1e,Polícia Militar confirma 2 milhões de pessoas na Avenida Paulista.,0,FALSO,google_factcheck,ESTADÃO,afirmacao_checada,66,,https://www.estadao.com.br/estadao-verifica/falso-policia-militar-divulgado-estimativa-publico-ato-anistia/
674514b1-b8af-4261-a9d5-31779a48b0fe,Escala 6x1: Durigan diz que é 'radicalmente contra' compensar empresas em caso de redução de jornada,1,NOTICIA_REAL,noticias_reais,G1_POLITICA,titulo,100,2026-05-12,https://g1.globo.com/economia/noticia/2026/05/12/escala-6x1-durigan-diz-que-e-radicalmente-contra-compensar-empresas-em-caso-de-reducao-de-jornada.ghtml
1df6e743-afc6-4d06-ac80-01cd25d0ac0e,Sempre defendi combater o vírus e o desemprego de forma simultânea.,0,FALSO,google_factcheck,AOS_FATOS,afirmacao_checada,67,2021-09-21,https://www.aosfatos.org/noticias/checamos-bolsonaro-assembleia-geral-onu/
20d05fb9-56d0-493b-a3c4-1c07b7958182,Saiba como vai funcionar programa federal contra o crime organizado,1,NOTICIA_REAL,noticias_reais,AGENCIA_BRASIL,titulo,67,2026-05-12,https://agenciabrasil.ebc.com.br/politica/noticia/2026-05/saiba-como-vai-funcionar-programa-federal-contra-o-crime-organizado
c2f6a199-5d94-4590-b006-7b8f3654bf7c,Em 1988 Renato Russo já dava alerta sobre Bolsonaro,0,FALSO,google_factcheck,UOL_NOTÍCIAS,afirmacao_checada,51,,https://noticias.uol.com.br/confere/ultimas-noticias/2026/04/07/falso-videos-renato-russo-cazuza-gonzaguinha-critica-jair-bolsonaro.ghtm
2333337c-eb47-4fe8-a00b-dd5a4c8ac22a,Assessores do PT ganharam R$ 120 milhões na Mega-Sena da virada de 2026,0,ENGANOSO,google_factcheck,DESCONHECIDA,afirmacao_checada,71,,https://noticias.uol.com.br/confere/ultimas-noticias/2026/01/05/assessores-do-pt-ganharam-r-120-milhoes-na-mega-sena-em-2019.htm
bf4cb316-cdd9-459b-8eb8-d6b027f2ab6d,FDA autoriza médicos a utilizarem ivermectina para Covid desde 08/08/23,0,FALSO,google_factcheck,AOS_FATOS,afirmacao_checada,71,2023-08-23,https://www.aosfatos.org/noticias/falso-recomendacao-fda-ivermectina/
a74c6e0d-b026-4d12-8381-9ef78a8d4846,"Aliado da família Bolsonaro, Tarcísio falta a evento com Flávio por causa de gripe — Informação foi dada pela assessoria do governador de São Paulo",1,NOTICIA_REAL,noticias_reais,CORREIO_BRAZILIENSE,titulo_resumo,147,2026-05-16,https://www.correiobraziliense.com.br/politica/2026/05/7421255-aliado-da-familia-bolsonaro-tarcisio-falta-a-evento-com-flavio-por-causa-de-gripe.html
143b1e9a-d639-466c-b2f5-02e244cfcc91,Ciro Nogueira diz que vai reapresentar 'Emenda Master' e volta a criticar ação da PF,1,NOTICIA_REAL,noticias_reais,G1_POLITICA,titulo,84,2026-05-12,https://g1.globo.com/pi/piaui/eleicoes/2026/noticia/2026/05/12/ciro-nogueira-candidato-senado.ghtml
09140c33-a074-44f7-8cf2-fbef7510446a,"Em um frete de R$ 6 mil, 70% é custos e despesas do caminhoneiro. O lucro seria de R$ 1.800, só que toda essa movimentação foi feita bancaria, por pix, debito e credito o valor a ser pago de imposto de renda é R$1.650.",0,FALSO,google_factcheck,UOL_NOTÍCIAS,afirmacao_checada,218,,https://noticias.uol.com.br/confere/ultimas-noticias/2025/01/23/falso-tributacao-imposto-de-renda-caminhoneiros.htm
9e3c2f1f-c018-43b2-88cb-a1ca4b8730a2,"Revelação de elo entre Flávio Bolsonaro e Daniel Vorcaro causa 'desgaste muito grande', diz Kassab",1,NOTICIA_REAL,noticias_reais,G1_POLITICA,titulo,98,2026-05-15,https://g1.globo.com/politica/eleicoes/2026/noticia/2026/05/15/kassab-flavio-bolsonaro-daniel-vorcaro.ghtml
66dd16e2-72f1-4876-80d0-91715204eff0,A conversa entre Flávio Bolsonaro e Daniel Vorcaro - O Assunto #1719,1,NOTICIA_REAL,noticias_reais,G1_POLITICA,titulo,68,2026-05-14,https://g1.globo.com/podcast/o-assunto/noticia/2026/05/14/o-desafio-de-enfrentar-o-crime-organizado-no-brasil-o-assunto-1718.ghtml
8b0662fd-c6c8-4fc0-89e5-c4bab81156f5,"Fundo nos EUA do caso 'Dark Horse' é controlado por aliados de Eduardo Bolsonaro — O fundo Havengate Development Fund, usado no financiamento do filme "" Dark Horse "" (""azarão"", em inglês) e que teria recebido parte dos R$ 61 milhões pagos pelo Banco Master , é administrado por Paulo Calixto, advogado ligado ao ex-deputado Eduardo Bolsonaro . Leia mais (05/15/2026 - 23h00)",1,NOTICIA_REAL,noticias_reais,FOLHA_PODER,titulo_resumo,374,2026-05-15,https://redir.folha.com.br/redir/online/poder/rss091/*https://www1.folha.uol.com.br/poder/2026/05/fundo-nos-eua-do-caso-dark-horse-e-controlado-por-aliados-de-eduardo-bolsonaro.shtml
88535e3e-7854-401c-80d9-df47b8e3916c,Câmara aprova aumento de penas para estupro e assédio sexual,1,NOTICIA_REAL,noticias_reais,AGENCIA_BRASIL,titulo,60,2026-05-07,https://agenciabrasil.ebc.com.br/politica/noticia/2026-05/camara-aprova-aumento-de-penas-para-estupro-e-assedio-sexual
6d978b17-3f8d-48a3-ab71-2db09b8b7710,"Renda recorde e desemprego baixo: por que o brasileiro segue endividado, mesmo ganhando mais?",1,NOTICIA_REAL,noticias_reais,G1_POLITICA,titulo,93,2026-05-08,https://g1.globo.com/economia/noticia/2026/05/08/por-que-o-brasileiro-segue-endividado.ghtml
4619250b-70f0-43f4-b94d-83831cc2c86f,"Detentos recebem R$ 1.754,18, valor superior ao salário mínimo de R$ 1.302",0,FALSO,google_factcheck,AOS_FATOS,afirmacao_checada,74,2024-01-16,https://www.aosfatos.org/noticias/falso-presos-auxilio-maior-que-salario-minimo/
0529bea2-88aa-4649-8dc3-512306ae6f39,"Myriam Bourla - esposa do CEO da Pfizer, Albert Bourla - morreu de complicações com a vacina COVID-19 na quarta-feira, de acordo com seu médico.",0,FALSO,google_factcheck,BOATOS.ORG,afirmacao_checada,144,2021-11-17,https://www.boatos.org/mundo/myriam-bourla-esposa-ceo-da-pfizer-albert-bourla-morreu-vacina-contra-covid-19.html
090166db-0157-402e-9651-cad4a31e1bf9,TSE mandou retirar todos os vídeos do 7 de Setembro da internet,0,FALSO,google_factcheck,AOS_FATOS,afirmacao_checada,63,2022-09-22,https://www.aosfatos.org/noticias/e-falso-que-tse-ordenou-que-todos-os-videos-dos-atos-de-7-de-setembro-sejam-excluidos-da-internet/
fe2116e7-31fd-47fd-ac4b-6b0e8c63f607,Lula mandou interromper doações para o Rio Grande do Sul,0,FALSO,google_factcheck,AOS_FATOS,afirmacao_checada,56,2024-05-27,https://www.aosfatos.org/noticias/falso-lula-mandou-interromper-doacoes-rs/
0a9e1b74-724f-479e-b7ec-46e0d60583fe,PF confirmou que Bolsonaro é o mais honesto de todos os presidentes,0,FALSO,google_factcheck,ESTADÃO,afirmacao_checada,67,,https://www.estadao.com.br/estadao-verifica/pf-confirma-bolsonaro-mais-humilde-todos-presidentes/
ff706059-b2b4-43b4-a00c-f314bab8b526,"Daniela Lima afirmou que no governo Lula pobre andaria de avião, mas agora Latam, Gol e Azul anunciaram aumento das passagens por causa do aumento do IOF.",0,ENGANOSO,google_factcheck,ESTADÃO,afirmacao_checada,154,,https://www.estadao.com.br/estadao-verifica/daniela-lima-promessa-lula-aeroportos-pobre-aviao-enganoso/
96eacf0e-924c-4f7c-82d0-01381b3f1b90,Saiba como pedir o reembolso de produtos Ypê suspensos pela Anvisa — Clientes devem preencher um formulário no site da empresa,1,NOTICIA_REAL,noticias_reais,CARTACAPITAL,titulo_resumo,126,2026-05-16,https://www.cartacapital.com.br/saude/saiba-como-pedir-o-reembolso-de-produtos-ype-suspensos-pela-anvisa/
11bd266f-2d24-4f5f-b658-ed9d451111b3,"Lindbergh pede ao STF que determine instalação da CPMI do Master — Em mandado de segurança, deputado do PT acusa Alcolumbre de omissão por não ter lido requerimento na última sessão conjunta.",1,NOTICIA_REAL,noticias_reais,CONGRESSO_EM_FOCO,titulo_resumo,191,2026-05-15,https://www.congressoemfoco.com.br/noticia/118920/lindbergh-pede-ao-stf-que-determine-instalacao-da-cpmi-do-master
4a1c1ce4-bd83-4823-ba01-b9142f94c36d,Conselho de Ética suspende três deputados por motim na Câmara,1,NOTICIA_REAL,noticias_reais,AGENCIA_BRASIL,titulo,61,2026-05-06,https://agenciabrasil.ebc.com.br/politica/noticia/2026-05/conselho-de-etica-suspende-tres-deputados-por-motim-na-camara
0ea3691e-bd09-4aba-b9bf-d39261ca4818,g1 publicou no X que Lulinha tem relação com Jair Bolsonaro,0,FALSO,google_factcheck,AOS_FATOS,afirmacao_checada,59,2026-02-27,https://www.aosfatos.org/noticias/falso-g1-associou-lulinha-a-bolsonaro-nas-redes/
e73e71f6-cce8-4454-b2e2-3c5fc02ecf2e,Lula acionou o STF para não devolver o dinheiro das vítimas da fraude no INSS,0,ENGANOSO,google_factcheck,AFP_CHECAMOS,afirmacao_checada,77,2025-06-18,https://checamos.afp.com/doc.afp.com.62X26WE
3cb97f3c-e145-4e5c-afd2-ab14042f51b9,Auxílio Brasil foi cancelado em prol de beneficiados pela Lei Rouanet,0,FALSO,google_factcheck,AOS_FATOS,afirmacao_checada,69,2024-03-07,https://www.aosfatos.org/noticias/falso-cortes-bolsa-familia-lei-rouanet/
3d994a93-9836-480b-92f4-a54c475d6f96,"Com juros altos, dívidas aumentam e exigem mais Desenrola, diz Boulos",1,NOTICIA_REAL,noticias_reais,AGENCIA_BRASIL,titulo,69,2026-05-12,https://agenciabrasil.ebc.com.br/politica/noticia/2026-05/com-juros-altos-dividas-aumentam-e-exigem-mais-desenrola-diz-boulos
0aefc2cf-8d23-49c9-9d5b-43464e068ea6,"Lula detalha encontro de 3 horas com Trump; reunião tratou de terras raras, tarifas, ONU, Irã e Cuba",1,NOTICIA_REAL,noticias_reais,G1_POLITICA,titulo,100,2026-05-07,https://g1.globo.com/mundo/ao-vivo/encontro-lula-trump-eua.ghtml
f1d5e66e-8b4d-4e25-ba81-f431760027c8,Trump impôs sanções que levaram Moraes a perder imóveis e dinheiro nos EUA,0,FALSO,google_factcheck,AOS_FATOS,afirmacao_checada,74,2025-04-04,https://www.aosfatos.org/noticias/trump-nao-impos-sancoes-aos-bens-de-alexandre-de-moraes-nos-eua/
6cb2c9ea-5dee-4d81-8f58-851aa5a6aa94,Ministro do TCU libera novos consignados do INSS até análise final de recurso do governo,1,NOTICIA_REAL,noticias_reais,G1_POLITICA,titulo,88,2026-05-08,https://g1.globo.com/economia/noticia/2026/05/08/tcu-libera-novos-consignados-do-inss-ate-analise-final-de-recurso-do-governo.ghtml
f525d4d1-55fa-4822-a858-4f671947cd39,"Líder do governo diz que Senado deve votar ainda em maio projeto das terras raras, assunto entre Lula e Trump",1,NOTICIA_REAL,noticias_reais,G1_POLITICA,titulo,109,2026-05-07,https://g1.globo.com/politica/noticia/2026/05/07/lider-do-governo-diz-que-senado-deve-votar-ainda-em-maio-projeto-das-terras-raras-assunto-entre-lula-e-trump.ghtml
cffad4d1-9dfc-4798-9fb5-4a907613022e,"“Por exemplo, nós chegamos agora no menor índice de desemprego desde 2015.”",1,GFC_VERDADEIRO,google_factcheck,AOS_FATOS,afirmacao_checada,75,2024-09-10,https://www.aosfatos.org/noticias/checamos-roda-viva-ricardo-nunes/
e82b80ea-ca9a-4ec4-a648-479a9dbf7063,"""Moraes dá 5 dias para Bolsonaro e governantes se manifestarem sobre população de rua”, “Moraes dá 120 dias para governo federal fazer diagnóstico da população em situação de rua”. O post é acompanhado por um emoji de um rosto pensativo.",0,ENGANOSO,google_factcheck,UOL_NOTÍCIAS,afirmacao_checada,237,,https://noticias.uol.com.br/comprova/ultimas-noticias/2023/08/02/post-faz-falsa-equivalencia-entre-decisoes-de-moraes.htm
dc7216ea-a529-481a-ace8-47be95e3ea63,Michelle Bolsonaro pretende alavancar candidaturas femininas no DF — Mulheres que representam os envolvidos no 8 de Janeiro contam com apoio da ex-primeira-dama na disputa por uma vaga no Congresso,1,NOTICIA_REAL,noticias_reais,VEJA_POLITICA,titulo_resumo,197,2026-05-16,https://veja.abril.com.br/politica/michelle-bolsonaro-pretende-alavancar-candidaturas-femininas-no-df/
ef678176-7761-4764-bcba-9ff5a7f551fb,Comparação entre inflação da Argentina e na Venezuela,0,FORA_DE_CONTEXTO,google_factcheck,ESTADÃO,afirmacao_checada,53,,https://www.estadao.com.br/estadao-verifica/postagem-que-compara-inflacao-na-venezuela-e-argentina-nao-leva-em-consideracao-historico-dos-paises/
0ee72e51-34d8-4fbc-93d6-fe83ab634266,"A crise do ""fica em casa"" [se] traduz em inflação e falta de alimentos",0,ENGANOSO,google_factcheck,UOL_NOTÍCIAS,afirmacao_checada,70,2021-10-08,https://noticias.uol.com.br/confere/ultimas-noticias/2021/10/07/para-justificar-crise-economica-bolsonaro-distorce-utilidade-de-isolamento.htm
ceacad82-1acf-42a5-9351-0c7ceb60c15d,"PGR denuncia Zema sob acusação de calúnia contra Gilmar Mendes — A PGR (Procuradoria-Geral da República) denunciou o ex-governador de Minas Gerais Romeu Zema (Novo), pré-candidato à Presidência da República, sob a acusação de calúnia no caso da série de vídeos contra o ministro do STF (Supremo Tribunal Federal) Gilmar Mendes . Leia mais (05/15/2026 - 19h37)",1,NOTICIA_REAL,noticias_reais,FOLHA_PODER,titulo_resumo,359,2026-05-15,https://redir.folha.com.br/redir/online/poder/rss091/*https://www1.folha.uol.com.br/poder/2026/05/pgr-denuncia-zema-sob-acusacao-de-calunia-contra-gilmar-mendes.shtml
8a79f643-1feb-4e8c-a29e-783eba97f069,"Turbinada sob Castro, cidade de pré-candidato bolsonarista no RJ espera verba acertada com Paes",1,NOTICIA_REAL,noticias_reais,UOL_NOTICIAS,titulo,95,,https://www1.folha.uol.com.br/poder/2026/05/turbinada-sob-castro-cidade-de-pre-candidato-bolsonarista-no-rj-espera-verba-acertada-com-paes.shtml
b4c1ce0c-a64e-4b01-aae3-e1719a04ba0e,Governo quer aprovar aumento da mistura do biodiesel no diesel até o fim do ano; testes começam neste mês,1,NOTICIA_REAL,noticias_reais,G1_POLITICA,titulo,105,2026-05-08,https://g1.globo.com/economia/noticia/2026/05/08/governo-quer-aprovar-aumento-da-mistura-do-biodiesel-no-diesel-ate-o-fim-do-ano-testes-comecam-neste-mes.ghtml
024d6236-929d-454f-8e75-3a37ae51a718,"Tarcísio nunca disse nada contra as tentativas de golpe e volta a apoiar Bolsonaro com post de Trump — Tarcísio endossa post de Trump em apoio a Bolsonaro. Aproveitou polêmica para agradar o ex-presidente e deixa claro, de novo, sua afinidade",1,NOTICIA_REAL,noticias_reais,METROPOLES,titulo_resumo,242,2025-07-08,https://www.metropoles.com/blog-do-noblat/tarcisio-nunca-disse-nada-contra-as-tentativas-de-golpe-e-volta-a-apoiar-bolsonaro-com-post-de-trump
9cdc7a05-9e4c-4b48-8bdf-de8eb78583a0,"Em áudios, ministros Luís Roberto Barroso e Alexandre de Moraes lamentam sanções impostas pela Lei Magnitsky",0,FALSO,google_factcheck,AOS_FATOS,afirmacao_checada,108,2025-08-07,https://www.aosfatos.org/noticias/sao-falsos-audios-atribuidos-aos-ministros-barroso-e-moraes-sobre-lei-magnitsky/
82bec226-83f9-4537-9ccb-6bbbeeecb26b,Estudo atesta que vacinas contra Covid-19 provocaram excesso de mortes ao redor do mundo,0,FALSO,google_factcheck,AOS_FATOS,afirmacao_checada,88,2024-06-17,https://www.aosfatos.org/noticias/falso-estudo-atesta-vacinas-covid-mortes-excesso/
804c3722-3e99-4093-97f6-d33a2bc5b34b,Urgente Congresso americano convidou o Eduardo Bolsonaro pra depor,0,FALSO,google_factcheck,AFP_CHECAMOS,afirmacao_checada,66,2025-10-01,https://checamos.afp.com/doc.afp.com.77E68CQ
eeeddf62-eba0-41c7-913f-ae91450fc4c7,Pfizer admite que funcionários receberam lote especial de vacina contra covid,0,FALSO,google_factcheck,UOL_NOTÍCIAS,afirmacao_checada,77,,https://noticias.uol.com.br/confere/ultimas-noticias/2023/08/16/pfizer-nao-disse-que-funcionarios-receberam-vacina-especial-contra-covid.htm
be18eaf6-33f4-44e3-8cc1-b52cbf882a8a,"Zé Gatinha, governador da Bahia apresenta mascote trans para incentivar vacinação do público LGBTQIA+. A novidade foi divulgada durante o lançamento do Programa Vacina Bahia, e contou com a presença do governador Jerônimo Rodrigues (PT)",0,FALSO,google_factcheck,UOL_NOTÍCIAS,afirmacao_checada,236,2023-03-08,https://noticias.uol.com.br/confere/ultimas-noticias/2023/03/08/governo-da-bahia-nao-criou-mascote-trans-ze-gatinha.htm
45575c18-29e2-44c2-b8e9-6474e30d6882,Áudio mostra Moraes ameaçando Hugo Motta e Davi Alcolumbre caso sejam pautados seu impeachment e anistia aos golpistas do 8 de Janeiro.,0,FALSO,google_factcheck,AOS_FATOS,afirmacao_checada,135,2025-08-12,https://www.aosfatos.org/noticias/e-falso-audio-atribuido-a-moraes-com-ameacas-a-motta-e-alcolumbre/
bc87b753-065d-4507-bc94-75a968f6e479,"Datafolha: 9 de 10 eleitores dizem não se arrepender de voto em Lula ou Bolsonaro em 2022 — Passados quase três anos e meio do segundo turno da eleição presidencial de 2022, a maioria absoluta dos eleitores afirma não se arrepender do voto dado naquele pleito. É o que mostra nova rodada de pesquisa Datafolha . Leia mais (05/16/2026 - 15h00)",1,NOTICIA_REAL,noticias_reais,FOLHA_PODER,titulo_resumo,342,2026-05-16,https://redir.folha.com.br/redir/online/poder/rss091/*https://www1.folha.uol.com.br/poder/2026/05/datafolha-9-de-10-eleitores-dizem-nao-se-arrepender-de-voto-em-lula-ou-bolsonaro-em-2022.shtml
859ef61e-c557-446c-905c-1daae98e420f,Diretor da PF avisou logo cedo Alcolumbre da operação contra Ciro Nogueira,1,NOTICIA_REAL,noticias_reais,G1_POLITICA,titulo,74,2026-05-07,https://g1.globo.com/politica/blog/valdo-cruz/post/2026/05/07/diretor-da-pf-avisou-logo-cedo-alcolumbre-da-operacao-contra-ciro-nogueira.ghtml
f97fa85a-eec8-4aec-9630-2639d4f18739,Imprensa internacional aponta início de ditadura do TSE e do STF,0,ENGANOSO,google_factcheck,PROJETO_COMPROVA,afirmacao_checada,64,2022-11-11,https://projetocomprova.com.br/publica%C3%A7%C3%B5es/nao-ha-registros-que-imprensa-internacional-repercutiu-suposta-ditadura-do-stf-e-do-tse/
54cbe6e5-5268-4dbb-975f-8d39cee3ef97,Deputado propõe tornar obrigatório atendimento humano em bancos — Projeto prevê opção presencial em agências e cria regras para suporte humano em plataformas digitais.,1,NOTICIA_REAL,noticias_reais,CONGRESSO_EM_FOCO,titulo_resumo,167,2026-05-15,https://www.congressoemfoco.com.br/noticia/118923/deputado-propoe-tornar-obrigatorio-atendimento-humano-em-bancos
c9f5c209-5876-4a0c-b753-04b223fba894,Lula comemora o 'inferno astral' de Flávio Bolsonaro e quer seguir com 'pacote de bondades',1,NOTICIA_REAL,noticias_reais,G1_POLITICA,titulo,91,2026-05-15,https://g1.globo.com/politica/blog/valdo-cruz/post/2026/05/15/depois-de-fase-de-perda-de-aprovacao-lula-comemora-o-inferno-astral-de-flavio-bolsonaro.ghtml
be32345c-45d1-4d86-b501-03885ca06df1,Novo diz que vídeo de Zema contra Flávio mostra que ele não é linha auxiliar do bolsonarismo — O vídeo de Romeu Zema (Novo-MG) com ataques a Flávio Bolsonaro ( PL -RJ) após a divulgação do áudio com Daniel Vorcaro passou pela cúpula do partido Novo . Leia mais (05/14/2026 - 15h32),1,NOTICIA_REAL,noticias_reais,FOLHA_PODER,titulo_resumo,281,2026-05-14,https://redir.folha.com.br/redir/online/poder/rss091/*https://www1.folha.uol.com.br/colunas/painel/2026/05/novo-diz-que-video-de-zema-contra-flavio-mostra-que-ele-nao-e-linha-auxiliar-do-bolsonarismo.shtml
be7a8900-a42e-4d14-b74d-429da7aa8061,Paraná Pesquisas mostra que Bolsonaro lidera disputa presidencial em todos os estados,0,FALSO,google_factcheck,AOS_FATOS,afirmacao_checada,85,2021-11-08,https://www.aosfatos.org/noticias/e-falso-que-pesquisa-mostra-que-bolsonaro-lidera-disputa-presidencial-em-todos-os-estados/
54fcb86b-2183-423a-821e-fd1f7f5ca28d,"Flávio fala em 'zero dinheiro público', mas produtora de filme tem elo com emendas e verba da Prefeitura de SP",1,NOTICIA_REAL,noticias_reais,FOLHA_PODER,titulo,110,2026-05-14,https://redir.folha.com.br/redir/online/poder/rss091/*https://www1.folha.uol.com.br/poder/2026/05/flavio-fala-em-zero-dinheiro-publico-mas-produtora-de-filme-tem-elo-com-emendas-e-verba-da-prefeitura-de-sp.shtml
0488b1b1-4be5-46b8-942e-4bf9cbf00a57,"Alcolumbre e Múcio se encontram um dia após constrangimento em posse do TSE — Um dia após o clima de constrangimento instalado no TSE (Tribunal Superior Eleitoral) entre o presidente Lula ( PT ) e o presidente do Senado , Davi Alcolumbre (União-AP), o ministro da defesa, José Múcio, se reuniu por horas com o senador na Residência Oficial do Senado. Leia mais (05/14/2026 - 06h00)",1,NOTICIA_REAL,noticias_reais,FOLHA_PODER,titulo_resumo,381,2026-05-14,https://redir.folha.com.br/redir/online/poder/rss091/*https://www1.folha.uol.com.br/colunas/painel/2026/05/alcolumbre-e-mucio-se-encontram-um-dia-apos-constrangimento-em-posse-do-tse.shtml
4c4f01e2-9a6a-4294-a063-95f7678bd653,"Reino Unido promete navios, jatos e drones para missão em Ormuz — Missão conta com a participação de mais de 40 nações e quer reabrir o estreito, fechado pelo Irã em represália à guerra",1,NOTICIA_REAL,noticias_reais,PODER360,titulo_resumo,185,2026-05-13,https://www.poder360.com.br/poder-internacional/reino-unido-promete-navios-jatos-e-drones-para-missao-em-ormuz/
dea45915-f6cb-4c15-8556-e603f81077a2,Lei 14.534/23 obriga atualização do CPF para receber benefícios federais,0,FALSO,google_factcheck,AOS_FATOS,afirmacao_checada,72,2024-01-05,https://www.aosfatos.org/noticias/falso-nova-lei-cpf-bolsa-familia/
ffd2e982-4f33-426d-8903-b1eedaedc018,As urnas eletrônicas não tem o certificado de qualidade do INMETRO,0,ENGANOSO,google_factcheck,AFP_CHECAMOS,afirmacao_checada,66,2022-02-10,https://checamos.afp.com/doc.afp.com.9ZG44W
39c75992-c30c-4762-9dac-1405370058b8,Experimento na Bahia criou supermosquito responsável pelo atual surto de dengue.,0,FALSO,google_factcheck,AOS_FATOS,afirmacao_checada,80,2024-02-20,https://www.aosfatos.org/noticias/falso-supermosquito-bahia-surto-dengue/
03e50864-75dc-4768-9abf-5be33e84e66a,"#NÃO É BEM ASSIM: Voos da FAB com apenas um passageiro foram investigados no governo Lula, mas também no governo Bolsonaro",1,NOTICIA_REAL,noticias_reais,G1_POLITICA,titulo,122,2026-05-08,https://g1.globo.com/fato-ou-fake/noticia/2026/05/08/nao-e-bem-assim-voos-da-fab-com-apenas-um-passageiro-foram-investigados-no-governo-lula-mas-tambem-no-governo-bolsonaro.ghtml
62746f28-4128-400b-a55c-01cf7cb6923c,Mário Frias contradiz Flávio Bolsonaro e afirma não haver um 'único centavo' de Vorcaro no filme sobre o ex-presidente,1,NOTICIA_REAL,noticias_reais,G1_POLITICA,titulo,118,2026-05-14,https://g1.globo.com/sp/sao-paulo/noticia/2026/05/14/mario-frias-nega-uso-de-dinheiro-de-vorcaro-em-filme-que-produz-sobre-a-vida-de-bolsonaro.ghtml
ed70d0fd-ca3c-4a8e-8034-e3c5b2f859a0,"Marçal, Hang e Flávio Bolsonaro promovem programa de resgate a saldo no CPF",0,FALSO,google_factcheck,AFP_CHECAMOS,afirmacao_checada,75,2024-10-17,https://checamos.afp.com/doc.afp.com.36KB4TN
59f64e6a-7813-4d00-ae9a-7b4b10bc4d5f,"PL lidera em candidatos competitivos para governador, dizem pesquisas — Partido de Flávio Bolsonaro tem 9 nomes em 1º lugar ou empatados nessa posição; PSD aparece na sequência, com 6 candidatos",1,NOTICIA_REAL,noticias_reais,PODER360,titulo_resumo,194,2026-05-16,https://www.poder360.com.br/poder-pesquisas/pl-lidera-em-candidatos-competitivos-para-governador-dizem-pesquisas/
db781c6f-7822-4ea8-8956-d05c47b4aa90,Estados Unidos anunciam nova caçada contra Alexandre de Moraes,0,FORA_DE_CONTEXTO,google_factcheck,ESTADÃO,afirmacao_checada,62,,https://www.estadao.com.br/estadao-verifica/estados-unidos-nova-sancoes-alexandre-de-moraes-enganoso/
43aad39e-a9c7-43c9-9500-f06d8a46edaa,Flávio Bolsonaro volta a fazer dancinha em SC — Senador repetiu performance já registrada em eventos do PL; pré-candidato quer suavizar a imagem pública da família Bolsonaro,1,NOTICIA_REAL,noticias_reais,PODER360,titulo_resumo,173,2026-05-10,https://www.poder360.com.br/poder-eleicoes/flavio-bolsonaro-volta-a-fazer-dancinha-em-sc/
f12ad364-91a7-40d2-8a18-795926973c8f,"Ciro Gomes confunde letra com símbolo do CV e pede prisão de apoiador — O fato inusitado ocorreu durante o lançamento da pré-candidatura de Ciro ao governo do Ceará, o ex-ministro se desculpou pela confusão",1,NOTICIA_REAL,noticias_reais,CORREIO_BRAZILIENSE,titulo_resumo,206,2026-05-16,https://www.correiobraziliense.com.br/politica/2026/05/7421316-ciro-gomes-confunde-letra-com-simbolo-do-cv-e-pede-prisao-de-apoiador.html
d0c33ec3-8cf7-4e0d-ab61-0a42c47ee65f,"“Só uma coincidência, o cara tava acompanhando Lula no Complexo do Alemão/ RJ , foi preso hoje na favela em SP após o ataque a Tarcísio”.",0,FALSO,google_factcheck,BOATOS.ORG,afirmacao_checada,137,2022-10-19,https://www.boatos.org/politica/presos-por-atentado-tarcisio-em-paraisopolis-estiveram-com-lula-no-complexo-do-alemao.html
46ddf06f-01cd-4c3b-8297-5f6b4e22ab6c,"Medo de violência política atinge 6 a cada 10 brasileiros, aponta estudo",1,NOTICIA_REAL,noticias_reais,G1_POLITICA,titulo,72,2026-05-11,https://g1.globo.com/politica/eleicoes/2026/noticia/2026/05/11/medo-de-violencia-politica-atinge-6-a-cada-10-brasileiros-aponta-estudo.ghtml
edb3b19a-adf9-44f8-ae5d-0bc94f8c22e0,Fernando Haddad fez apenas 2 meses de formação em Economia,0,FORA_DE_CONTEXTO,google_factcheck,AFP_CHECAMOS,afirmacao_checada,58,2022-12-15,https://checamos.afp.com/doc.afp.com.333Z23T
aeea1cc9-ce4b-4b62-ba95-fda8f5bd1446,Trump diz que Lula é 'cara inteligente' após encontro — Presidentes do Brasil e dos EUA trocaram elogios após encontro de três horas na Casa Branca na quinta-feira.,1,NOTICIA_REAL,noticias_reais,BBC_BRASIL,titulo_resumo,164,2026-05-08,https://www.bbc.com/portuguese/articles/cvgzpk3r7n6o?at_medium=RSS&at_campaign=rss
c7481629-3350-4181-80fc-085180687efb,É #FAKE vídeo de Caetano Veloso pedindo apoio a Lula em 2026; áudio foi criado com IA,1,NOTICIA_REAL,noticias_reais,G1_POLITICA,titulo,85,2026-05-07,https://g1.globo.com/fato-ou-fake/noticia/2026/05/07/e-fake-video-de-caetano-veloso-pedindo-apoio-a-lula-em-2026-audio-foi-criado-com-ia.ghtml
1beac8fa-244c-48fa-9c59-189404017118,"Reunião entre Lula e Trump foi marcada por respeito mútuo, diz Durigan",1,NOTICIA_REAL,noticias_reais,AGENCIA_BRASIL,titulo,70,2026-05-12,https://agenciabrasil.ebc.com.br/politica/noticia/2026-05/reuniao-entre-lula-e-trump-foi-marcada-por-respeito-mutuo-diz-durigan
72ff7a33-c579-485f-bb97-27cd73a7ddcc,Fundo ligado a aliado de Eduardo compra casa no Texas — PF investiga desvio de recursos; fundo gerenciou verba de filme sobre Bolsonaro,1,NOTICIA_REAL,noticias_reais,PODER360,titulo_resumo,135,2026-05-17,https://www.poder360.com.br/poder-justica/fundo-ligado-a-aliado-de-eduardo-compra-casa-no-texas/
53b96fa0-7e6c-4fc5-b29f-cb7707ceace9,Bomba. Donald Trump em sua rede social falou que não convidou Lula para sua posse porque lugar de ladrão é na cadeia e não na presidência. Já dorme sem essa bandidão de 9 dedos,0,FALSO,google_factcheck,ESTADÃO,afirmacao_checada,176,,https://www.estadao.com.br/estadao-verifica/trump-nao-convidar-lula-posse-falso/
f21f7935-1fb9-41eb-9bf3-f9803df906a6,Vídeo mostra protesto recente contra a prisão de Jair Bolsonaro,0,FALSO,google_factcheck,AOS_FATOS,afirmacao_checada,63,2025-11-26,https://www.aosfatos.org/noticias/videos-nao-mostram-protestos-contra-prisao-de-bolsonaro/
324b7dd4-9085-4da2-99f0-c8082fb22bd7,Este vídeo mostra indígenas protestando contra o retorno do PT em Brasília,0,FALSO,google_factcheck,AFP_CHECAMOS,afirmacao_checada,74,2022-11-10,https://checamos.afp.com/doc.afp.com.32NB2R8
8ba74db1-f4d1-44ec-b40a-7ce1679401cf,"Lula afirmou que pobres não devem estudar, só trabalhar",0,FALSO,google_factcheck,AOS_FATOS,afirmacao_checada,55,2026-01-19,https://www.aosfatos.org/noticias/lula-nao-defendeu-pobres-nao-devem-estudar-trabalhar/
0d0ef017-e922-4f9d-bb29-86b716f3c533,PGR pede condenação de Eduardo Bolsonaro por coação,1,NOTICIA_REAL,noticias_reais,G1_POLITICA,titulo,51,2026-05-11,https://g1.globo.com/politica/noticia/2026/05/11/pgr-pede-condenacao-de-eduardo-bolsonaro-por-coacao.ghtml
5e82116f-d36c-4e77-b23e-71fd8de5982a,Mega-Sena acumula e próximo prêmio vai a R$ 52 milhões — Nenhuma aposta acertou as 6 dezenas do concurso 3006; próximo sorteio será na 3ª feira (12.mai),1,NOTICIA_REAL,noticias_reais,PODER360,titulo_resumo,152,2026-05-10,https://www.poder360.com.br/poder-brasil/mega-sena-acumula-e-proximo-premio-vai-a-r-52-milhoes/
e105d5a4-da4e-44f8-93f1-324b7338f070,"Filiação de Joaquim Barbosa para disputar Presidência abre crise e gera ameaças no partido DC — A filiação do ex-ministro do STF Joaquim Barbosa ao DC (Democracia Cristã), com possível candidatura a presidente, gerou uma crise na pequena legenda. Leia mais (05/16/2026 - 09h10)",1,NOTICIA_REAL,noticias_reais,FOLHA_PODER,titulo_resumo,277,2026-05-16,https://redir.folha.com.br/redir/online/poder/rss091/*https://www1.folha.uol.com.br/colunas/painel/2026/05/filiacao-de-joaquim-barbosa-abre-crise-no-dc-e-dirigente-em-sp-diz-que-ex-ministro-do-stf-e-inapoiavel.shtml
082ab703-fd18-49aa-84c5-507921bbde00,Lula e Fernando Haddad dizem que Lázaro Barbosa é inocente,0,FALSO,google_factcheck,AOS_FATOS,afirmacao_checada,58,2021-06-21,https://www.aosfatos.org/noticias/e-montagem-foto-em-que-lula-e-haddad-seguram-bandeira-com-frase-lazaro-e-inocente/
42192f6b-e077-4e03-a12f-69050f227c05,Presidente Lula assumiu em 2023 e arquivou o projeto de lei que defende 30h para enfermagem.,0,FORA_DE_CONTEXTO,google_factcheck,ESTADÃO,afirmacao_checada,92,,https://www.estadao.com.br/estadao-verifica/lula-30-horas-enfermeiros-arquivada-31-janeiro-2023/
677e4e40-1be8-479d-9e01-d1aa7ae7c5fc,Estudo Argentino Divulgado em Revista Publicada Pela The Lancet Constata Eficácia da Ivermectina na Redução da Carga Viral de Pacientes Com Covid-19,0,FORA_DE_CONTEXTO,google_factcheck,AFP_CHECAMOS,afirmacao_checada,148,2021-06-23,https://checamos.afp.com/ivermectina-nao-se-mostrou-eficaz-na-prevencao-e-tratamento-da-covid-19
f41fb47e-775c-4695-ba5e-c77095eda0e3,Deputado propõe endurecer pena para reincidentes em crimes sexuais — Proposta impede redução penal e condiciona saídas a exame criminológico que indique ausência de risco de reincidência.,1,NOTICIA_REAL,noticias_reais,CONGRESSO_EM_FOCO,titulo_resumo,187,2026-05-13,https://www.congressoemfoco.com.br/noticia/118838/deputado-propoe-endurecer-pena-para-reincidentes-em-crimes-sexuais
740eb220-33b3-4fa8-a463-85c53f542aa1,Canadá aprofunda laços de defesa no Ártico com países nórdicos após ameaças de Trump — Por Maria Cheng,1,NOTICIA_REAL,noticias_reais,UOL_NOTICIAS,titulo_resumo,102,,https://noticias.uol.com.br/ultimas-noticias/reuters/2026/05/16/canada-aprofunda-lacos-de-defesa-no-artico-com-paises-nordicos-apos-ameacas-de-trump.htm
dcfb166f-572b-48c1-b584-e261371f822d,Câmara permite usar fundos de minerais críticos para outros minérios,1,NOTICIA_REAL,noticias_reais,AGENCIA_BRASIL,titulo,68,2026-05-07,https://agenciabrasil.ebc.com.br/politica/noticia/2026-05/camara-permite-usar-fundos-de-minerais-criticos-para-outros-minerios
3c2fa93e-680f-4c15-bb5c-377100398a19,Ministros do TSE levaram apenas um minuto e seis segundos para cassar Deltan Dallagnol,0,FALSO,google_factcheck,AOS_FATOS,afirmacao_checada,86,2023-05-22,https://www.aosfatos.org/noticias/falso-julgamento-tse-deltan-dallagnol-dois-minutos/
4e8f19f7-73fa-457e-8d96-2738614bac51,URGENTE - Servidores do INSS têm salário cortado por participar de greve e se revoltam contra Lula: 'Isso é vergonhoso! Nem Bolsonaro teve coragem de fazer isso!,0,ENGANOSO,google_factcheck,UOL_NOTÍCIAS,afirmacao_checada,161,,https://noticias.uol.com.br/comprova/ultimas-noticias/2024/09/16/post-omite-corte-de-salario-de-servidores-do-inss-por-bolsonaro.htm
13553f01-6dbb-40c5-92d0-dbdafa2fe23e,A verdade de Bolsonaro: pedida a condenação por tentativa de golpe — A pena pode superar 40 anos caso Bolsonaro seja condenado por todos os crimes indicados pela PGR,1,NOTICIA_REAL,noticias_reais,METROPOLES,titulo_resumo,165,2025-07-15,https://www.metropoles.com/blog-do-noblat/a-verdade-de-bolsonaro-pedida-a-condenacao-por-tentativa-de-golpe
f72895c5-5d08-4e11-93bf-53860dd15cac,Taxa das blusinhas: arrecadação sobe 25% e bate recorde; governo discute acabar com imposto,1,NOTICIA_REAL,noticias_reais,G1_POLITICA,titulo,91,2026-05-11,https://g1.globo.com/economia/noticia/2026/05/11/taxa-das-blusinhas-arrecadacao-federal-sobe-25percent-ate-abril-e-bate-novo-recorde-governo-discute-acabar-com-imposto.ghtml
51347e23-e3c0-4c9b-9222-b889feaf02da,Lula mandou retirar público de arquibancada no Carnaval por medo de vaias,0,FALSO,google_factcheck,AOS_FATOS,afirmacao_checada,73,2026-02-19,https://www.aosfatos.org/noticias/posts-mentem-lula-mandou-retirar-publico-arquibancada-carnaval-medo-de-vaias/
d91b382f-fee4-47bc-b6d7-5e2a20f58168,O vinagre de álcool pode inutilizar o mosquito da dengue,0,FALSO,google_factcheck,AFP_CHECAMOS,afirmacao_checada,56,2024-02-19,https://checamos.afp.com/doc.afp.com.34JT3MK
dbf1e381-f633-4157-a3d6-85fc66972cd0,Projeto prevê 7 anos de cadeia para quem duvidar do sistema eleitoral,0,ENGANOSO,google_factcheck,DESCONHECIDA,afirmacao_checada,69,2025-07-01,https://projetocomprova.com.br/publica%C3%A7%C3%B5es/projeto-no-senado-preve-punicao-para-desinformacao-eleitoral-nao-para-criticas-ao-sistema-de-votacao/
71e80e10-a623-4579-a307-44154355a36f,TSE destruiu 200 mil urnas para apagar rastros de fraude e enterrar chances de autoria nas eleições,0,ENGANOSO,google_factcheck,ESTADÃO,afirmacao_checada,99,,https://www.estadao.com.br/estadao-verifica/tse-detona-200-mil-urnas-para-apagar-rastro-fraude-enganoso/
0558587f-1e58-4f5d-a9a9-4b69b4c3672b,"Bolsonaristas veem Tarcísio distante e querem apoio maior a Flávio — O primeiro posicionamento do governador Tarcísio de Freitas (Republicanos) diante da crise gerada pelas relações entre Flávio Bolsonaro ( PL -RJ) e Daniel Vorcaro , do Banco Master , desagradou bolsonaristas em São Paulo . Leia mais (05/15/2026 - 15h15)",1,NOTICIA_REAL,noticias_reais,FOLHA_PODER,titulo_resumo,322,2026-05-15,https://redir.folha.com.br/redir/online/poder/rss091/*https://www1.folha.uol.com.br/poder/2026/05/bolsonaristas-veem-tarcisio-distante-e-querem-apoio-maior-a-flavio.shtml
634a5b6f-4c76-48a8-8c90-cc0c28545e14,Crianças e adolescentes morrem todos os dias após início da vacinação contra a covid,0,ENGANOSO,google_factcheck,ESTADÃO,afirmacao_checada,84,,https://www.estadao.com.br/estadao-verifica/protesto-ativista-anti-vacina-criancas-adolescentes/
c88413ea-511e-41b4-96ed-e9e32ce34841,PF mira 02 de Ciro Nogueira em operação contra suposto esquema ligado à Refit; veja os nomes,1,NOTICIA_REAL,noticias_reais,G1_POLITICA,titulo,92,2026-05-15,https://g1.globo.com/politica/blog/octavio-guedes/post/2026/05/15/operacao-refit-nomes.ghtml
d8461ce5-f8cd-4760-a402-c0746068fa74,Agora tudo está claro: imagem mostra ministro Alexandre de Moraes usando boné da USAID,0,FALSO,google_factcheck,ESTADÃO,afirmacao_checada,86,,https://www.estadao.com.br/estadao-verifica/alexandre-de-moraes-bone-usaid-falso-ia/
3d16b075-b886-4423-90e7-eb1a8eec2297,"Conversa com Vorcaro encerra lua de mel de Flávio e pode ser fatal para campanha — Os diálogos entre Flávio Bolsonaro e o banqueiro Daniel Vorcaro , revelados pelo site Intercept Brasil , jogaram a campanha do senador em uma crise que pode ser fatal. Leia mais (05/14/2026 - 15h13)",1,NOTICIA_REAL,noticias_reais,FOLHA_PODER,titulo_resumo,281,2026-05-14,https://redir.folha.com.br/redir/online/poder/rss091/*https://www1.folha.uol.com.br/colunas/painel/2026/05/conversa-com-vorcaro-encerra-lua-de-mel-de-flavio-e-pode-ser-fatal-para-campanha.shtml
38634295-8c8e-47be-8e51-dd8ac3d6b6de,"Como terminou o encontro entre Trump e Xi Jinping na China, mais simbólico do que prático — Houve muitas cerimônias coreografadas cuidadosamente, mas nenhum avanço comercial, após a visita do presidente americano, que durou dois dias.",1,NOTICIA_REAL,noticias_reais,BBC_BRASIL,titulo_resumo,234,2026-05-15,https://www.bbc.com/portuguese/articles/cqxpz2wdej0o?at_medium=RSS&at_campaign=rss
94696e47-1b42-4e9b-b761-40cf2d536975,Lula se reúne com Trump na Casa Branca nesta quinta; será o segundo encontro entre os dois,1,NOTICIA_REAL,noticias_reais,G1_POLITICA,titulo,90,2026-05-07,https://g1.globo.com/politica/noticia/2026/05/07/lula-se-reune-com-trump-na-casa-branca-nesta-quinta-sera-o-segundo-encontro-entre-os-dois.ghtml
9c1f590e-ec5f-4915-9eff-1489e9fb837a,'Não se justifica mais': Tebet defende fim da taxa das blusinhas em ano eleitoral,1,NOTICIA_REAL,noticias_reais,G1_POLITICA,titulo,81,2026-05-15,https://g1.globo.com/sp/piracicaba-regiao/eleicoes/2026/noticia/2026/05/15/nao-se-justifica-mais-tebet-defende-fim-da-taxa-das-blusinhas-em-ano-eleitoral.ghtml
fd7751d2-2fd1-4a55-b230-504bcabf1bf5,Taxa das blusinhas: calculadora do g1 mostra quanto ficaria sua compra com e sem o imposto,1,NOTICIA_REAL,noticias_reais,G1_POLITICA,titulo,90,2026-05-14,https://g1.globo.com/economia/noticia/2026/05/14/taxa-das-blusinhas-calculadora-do-g1-mostra-quanto-ficaria-sua-compra-com-e-sem-o-imposto.ghtml
4464adc8-08a0-4258-898c-4ed646d76c1c,"""AGORA: Petista Fernanda Montenegro move ação contra o INSS após ter pensão suspensa pelo governo Lula.""",0,ENGANOSO,google_factcheck,UOL_NOTÍCIAS,afirmacao_checada,104,,https://noticias.uol.com.br/confere/ultimas-noticias/2025/05/13/fernanda-montenegro-aposentadoria-suspensa-acao-inss-nao-lula.htm
96bc60d2-8ea6-4b8f-acd4-c0421d045b1e,Datafolha divulga neste sábado pesquisa sobre a disputa pela Presidência — As 2.004 entrevistas começaram na terça-feira 12 e terminaram na quinta 14. A margem de erro é de dois pontos percentuais,1,NOTICIA_REAL,noticias_reais,CARTACAPITAL,titulo_resumo,196,2026-05-16,https://www.cartacapital.com.br/cartaexpressa/datafolha-divulga-neste-sabado-pesquisa-sobre-a-disputa-pela-presidencia/
31c691a2-4228-4a12-a6fb-8e07ed57daab,"Papa viaja à França em setembro e visitará a Unesco, atingida por cortes de Trump — Por Joshua McElwee",1,NOTICIA_REAL,noticias_reais,UOL_NOTICIAS,titulo_resumo,102,,https://noticias.uol.com.br/ultimas-noticias/reuters/2026/05/16/papa-viaja-a-franca-em-setembro-e-visitara-a-unesco-atingida-por-cortes-de-trump.htm
719d74d2-e280-43e7-b9c0-0e40b99b2158,"""Notícia bombástica internacional confirmada agora. O presidente americano Donald Trump incluiu o nome de Luiz Inácio Lula da Silva e Alexandre de Moraes no protocolo do Veredito Final""",0,FALSO,google_factcheck,UOL_NOTÍCIAS,afirmacao_checada,185,,https://noticias.uol.com.br/confere/ultimas-noticias/2026/01/19/falso-trump-proibiu-lula-alexandre-moraes-sair-brasil.htm
c27b6c1c-ea01-4e53-8b93-0b68c44c84b4,"Gravíssimo! Fotografo do LULA que foi Flagrado tirando fotos no meio do Povo no dia 8 era contratado pelo vice presidente ""Alckmin"" e Gl@bo! FOI TUDO DESCOBERTO! Após ser pressionando, fotografo deu suas explicação de quem o contratou para ele fazer todo o teatro do dia que foi visto no dia 8 de janeiro... A casa caiu!",0,FALSO,google_factcheck,UOL_NOTÍCIAS,afirmacao_checada,320,,https://noticias.uol.com.br/confere/ultimas-noticias/2023/10/24/fotografo-da-reuters-nao-disse-em-depoimento-que-foi-contratado-por-alckmin.htm
dd6b92f8-b67a-43d0-845f-dc13ec8f9ad9,Moraes determina que Thiago Rangel continue preso e barra Alerj de votar pela soltura do deputado,1,NOTICIA_REAL,noticias_reais,G1_POLITICA,titulo,97,2026-05-06,https://g1.globo.com/politica/blog/octavio-guedes/post/2026/05/06/moraes-prisao-thiago-rangel-alerj.ghtml
cca3033d-973b-43cb-af58-5eea5785272a,"A Aneel pode dizer: ‘A empresa não cumpriu o contrato, o contrato está caduco, caducidade, vou romper a concessão’. Essa é uma decisão que não é do Lula, não é do Tarcísio, não é minha, não é do Nunes. Essa decisão é da Aneel.",1,GFC_VERDADEIRO,google_factcheck,AOS_FATOS,afirmacao_checada,226,2024-10-24,https://www.aosfatos.org/noticias/checamos-boulos-inteligencia-ltda-segundo-turno/
16b3d537-2a28-4c52-8ab8-705179ba6c94,Lula quer o comprovante do voto impresso para confirmar a vitória do Maduro na Venezuela porque não confia nas urnas eletrônicas,0,ENGANOSO,google_factcheck,AFP_CHECAMOS,afirmacao_checada,128,2024-09-25,https://checamos.afp.com/doc.afp.com.36H266P
93cb355f-503a-4cf8-ac92-9830abf8e850,Policial Federal aposentado recebia informações vazadas ilegalmente mesmo após ser preso,1,NOTICIA_REAL,noticias_reais,G1_POLITICA,titulo,88,2026-05-14,https://g1.globo.com/politica/blog/camila-bomfim/post/2026/05/14/policial-federal-aposentado-recebia-informacoes-vazadas-ilegalmente-mesmo-apos-ser-preso.ghtml
99200045-dc2c-4d9e-bc1c-3031624dc77d,"IVERMECTINA supera vacinas: mais de 83% de eficácia contra a Covid-19, revela a ciência",0,FALSO,google_factcheck,BOATOS.ORG,afirmacao_checada,87,2021-03-19,https://www.boatos.org/saude/ivermectina-supera-vacinas-83-eficacia-contra-covid-19.html
a012e5f4-1c9b-4494-9dd6-6bbfd3e085cc,Haddad declarou a impossibilidade de o governo pagar funcionários públicos e PIB está caindo,0,ENGANOSO,google_factcheck,ESTADÃO,afirmacao_checada,92,,https://www.estadao.com.br/estadao-verifica/postagem-cita-dados-falsos-sobre-pib-e-inflacao-e-inventa-fala-de-haddad-sobre-funcionalismo/
1a5412b1-2b49-45ff-895f-434b28f4f028,Flávio Bolsonaro diz que não há nada errado com filme sobre Jair — Senador defendeu recursos para longa-metragem sobre o pai; Flávio disse no X que esquerda tenta manipular a opinião pública,1,NOTICIA_REAL,noticias_reais,PODER360,titulo_resumo,190,2026-05-17,https://www.poder360.com.br/poder-eleicoes/flavio-bolsonaro-diz-que-nao-ha-nada-errado-com-filme-sobre-jair/
3e65762d-0c47-41da-945b-ebf33951477b,Deputados pedem investigação sobre relação entre Vorcaro e Flávio,1,NOTICIA_REAL,noticias_reais,AGENCIA_BRASIL,titulo,65,2026-05-13,https://agenciabrasil.ebc.com.br/politica/noticia/2026-05/deputados-pedem-investigacao-sobre-relacao-entre-vorcaro-e-flavio
dfe47f26-9668-4c98-a69c-ae02a499194a,A dobradinha da Esplanada que vem chamando atenção de Lula e ministros — Sintonia fina entre Dario Durigan e Bruno Moretti tem recebido elogios nos bastidores,1,NOTICIA_REAL,noticias_reais,VEJA_POLITICA,titulo_resumo,158,2026-05-16,https://veja.abril.com.br/politica/a-dobradinha-da-esplanada-que-vem-chamando-atencao-de-lula-e-ministros/
f38b7e56-6228-48b5-8333-6d894d1e4a7c,"Após visita à China, Trump alerta Taiwan contra independência — O presidente dos EUA diz que quer que Pequim e Taipei “acalmem” as tensões sobre a ilha.",1,NOTICIA_REAL,noticias_reais,BBC_BRASIL,titulo_resumo,152,2026-05-16,https://www.bbc.com/portuguese/articles/c242re0pl5vo?at_medium=RSS&at_campaign=rss
d478c858-fe19-4283-8f91-d117739a1b72,"Pai de nome do PL ao governo do Rio, prefeito de São Gonçalo nega ter sido miliciano — Antes de entrar para a política, o prefeito de São Gonçalo, Nelson Ruas dos Santos, 68, pai do deputado estadual Douglas Ruas , pré-candidato ao governo do Rio de Janeiro pelo PL, atuou na Polícia Militar do Rio de Janeiro ?daí porque adotou o cognome eleitoral de Capitão Nelson. Leia mais (05/16/2026 - 23h00)",1,NOTICIA_REAL,noticias_reais,FOLHA_PODER,titulo_resumo,398,2026-05-16,https://redir.folha.com.br/redir/online/poder/rss091/*https://www1.folha.uol.com.br/poder/2026/05/pai-de-nome-do-pl-ao-governo-do-rio-prefeito-de-sao-goncalo-nega-ter-sido-miliciano.shtml
1f49c154-f26b-4ef5-a3df-23d732d9b8da,"Monitoramento do Pix pelo governo Lula é quebra de sigilo e indica que o PT vai tirar 27,5% do que as pessoas ganham",0,ENGANOSO,google_factcheck,ESTADÃO,afirmacao_checada,116,,https://www.estadao.com.br/estadao-verifica/video-nikolas-ferreira-pix-receita-federal-enganoso/
d21aac07-f149-45e1-a0ec-97fb2741ca45,Papa Leão 14 é filmado fazendo a trend do “Six Seven” — Pontífice repetiu o gesto ao lado de padre italiano e grupo de crianças; publicação usa funk brasileiro de fundo,1,NOTICIA_REAL,noticias_reais,PODER360,titulo_resumo,168,2026-05-16,https://www.poder360.com.br/poder-internacional/papa-leao-14-e-filmado-fazendo-a-trend-do-six-seven/
68d8bd1c-b362-4435-b6c8-26bdbb08aad0,O receio do ‘efeito Orloff’ do caso Master no Supremo — Declaração do presidenciável do PL para consolar aliado do Centrão que havia sido alvo da PF passa a valer para ele mesmo após revelação de áudio para Vorcaro,1,NOTICIA_REAL,noticias_reais,VEJA_POLITICA,titulo_resumo,214,2026-05-16,https://veja.abril.com.br/politica/o-receio-do-efeito-orloff-do-caso-master-no-supremo/
2819def8-9126-4432-b456-78d76b847f4b,Nome de Bolsonaro não aparece em relatório da PF sobre tentativa de golpe,0,FALSO,google_factcheck,AFP_CHECAMOS,afirmacao_checada,73,2024-12-05,https://checamos.afp.com/doc.afp.com.36PL68M
faec92f9-738e-4f95-ae6d-53f67e66f459,"PGR denuncia Romeu Zema ao STJ por calúnia contra Gilmar Mendes — Segundo a PGR, vídeos publicados por Zema atribuíram falsamente crime de corrupção passiva ao ministro do STF",1,NOTICIA_REAL,noticias_reais,CORREIO_BRAZILIENSE,titulo_resumo,175,2026-05-15,https://www.correiobraziliense.com.br/politica/2026/05/7420983-pgr-denuncia-romeu-zema-ao-stj-por-calunia-contra-gilmar-mendes.html
e5713cf8-235e-4f64-a570-93f78d00caa6,IR 2026: contribuinte pode saber em um dia se declaração entregue caiu na malha fina; entenda,1,NOTICIA_REAL,noticias_reais,G1_POLITICA,titulo,93,2026-05-16,https://g1.globo.com/economia/imposto-de-renda/noticia/2026/05/16/ir-2026-contribuinte-pode-saber-em-um-dia-se-declaracao-entregue-caiu-na-malha-fina-entenda.ghtml
83b7b26c-d31f-4f70-bbc0-44055a3df48f,Lula destinou 15 milhões de reais a empresas do Oriente Médio afetadas pela guerra e esse dinheiro sai do bolso do povo brasileiro,0,FALSO,google_factcheck,BOL_-_UOL,afirmacao_checada,130,2026-04-10,https://www.bol.uol.com.br/noticias/2026/04/10/checagem-governo-lula-15-bilhoes-empresas-oriente-medio.amp.htm
042b6c74-f843-4445-9963-28700f5d4f9b,Súmula 99 do STF aponta que a reforma tributária é inconstitucional.,0,ENGANOSO,google_factcheck,ESTADÃO,afirmacao_checada,68,,https://www.estadao.com.br/estadao-verifica/video-engana-ao-usar-sumula-do-stf-para-dizer-que-reforma-tributaria-seria-inconstitucional/
e941b9c9-6831-487b-a6b7-24abe6464bec,"Congresso: a ""baleia branca"" de Lula 3? — Impasse do IOF expõe calcanhar de Aquiles do Congresso",1,NOTICIA_REAL,noticias_reais,METROPOLES,titulo_resumo,96,2025-07-05,https://www.metropoles.com/blog-do-noblat/congresso-a-baleia-branca-de-lula-3
2598ee2b-3b3c-4c2d-bc53-1c02f3486f50,"Funai: 297 terras ficarão desprotegidas com derrubada de vetos de Lula — Congresso derrotou Lula e derrubou 88,8% dos vetos do presidente no projeto conhecido como “PL da Devastação”",1,NOTICIA_REAL,noticias_reais,METROPOLES,titulo_resumo,182,2025-11-27,https://www.metropoles.com/brasil/politica-brasil/funai-297-terras-ficarao-desprotegidas-com-derrubada-de-vetos-de-lula
8a5435ab-fb47-4736-be4f-fa9b15af6df2,Bolsonaro pegou 44 milhões dos aposentados e do Banco Master,0,ENGANOSO,google_factcheck,AFP_CHECAMOS,afirmacao_checada,60,2026-02-10,https://checamos.afp.com/doc.afp.com.96VG8ZQ
6ca655f0-a409-4418-af7c-dad6f128856f,Leia a íntegra da MP que acaba com a “taxa das blusinhas” — Imposto sobre compras extrangeiras de até US$ 50 vigorava desde 2024; nova medida entra em vigor nesta 3ª feira (12.mai),1,NOTICIA_REAL,noticias_reais,PODER360,titulo_resumo,180,2026-05-13,https://www.poder360.com.br/poder-governo/leia-a-integra-da-mp-que-acaba-com-a-taxa-das-blusinhas/
fd278090-07fc-4ead-9b33-0e234bba17c2,saiu o relatório que confirma podridão do stf e tse via Moraes e companhia,0,FALSO,google_factcheck,UOL_NOTÍCIAS,afirmacao_checada,74,,https://noticias.uol.com.br/confere/ultimas-noticias/2024/07/03/e-falso-que-relatorio-comprove-podridao-do-stf-e-tse.htm
5e119c85-c7fb-48c7-bb48-50f2edda152e,Vigilância Sanitária pede para colocar meio copo de cloro e uma colher de sal em todos os ralos contra a dengue,0,ENGANOSO,google_factcheck,AFP_CHECAMOS,afirmacao_checada,111,2025-02-20,https://checamos.afp.com/doc.afp.com.36YA9HR
77604a55-7621-4ac4-9dca-21dbb38f2b03,Governo Lula anuncia R$ 37 bi para o refino em São Paulo — Aporte na Refinaria de Paulínia deve criar 38 mil empregos diretos e indiretos até 2030,1,NOTICIA_REAL,noticias_reais,PODER360,titulo_resumo,146,2026-05-17,https://www.poder360.com.br/poder-infra/governo-lula-anuncia-r-37-bi-para-o-refino-em-sao-paulo/
e29d3beb-9a63-4539-b27d-a1b3de375399,"Lula mais uma vez desafia Trump; ""Se ele invadir Cuba, o Brasil estará pronto para ajudar a proteger a soberania do país""",0,FALSO,google_factcheck,BOL_-_UOL,afirmacao_checada,121,,https://www.bol.uol.com.br/noticias/2026/05/03/falso-lula-brasil-protecao-cuba-invasao-eua.ghtm
b0d42e30-7116-4797-b949-cf9575c477ef,Nikolas Ferreira grava vídeo pedindo doação para vítimas em Israel,0,FALSO,google_factcheck,AOS_FATOS,afirmacao_checada,66,2025-07-03,https://www.aosfatos.org/noticias/video-em-que-nikolas-ferreira-pede-doacoes-para-criancas-em-israel-e-golpe/
7ae27b14-94ac-4b30-ab72-23ad62ae14b9,"Eduardo se junta a Flávio na lista de contradições do clã Bolsonaro sobre o dinheiro de Vorcaro — O papel do ex-deputado federal na empreitada entrou em cena nesta sexta-feira, enquanto o senador busca conter danos à sua pré-candidatura à Presidência",1,NOTICIA_REAL,noticias_reais,CARTACAPITAL,titulo_resumo,250,2026-05-15,https://www.cartacapital.com.br/politica/eduardo-se-junta-a-flavio-na-lista-de-contradicoes-do-cla-bolsonaro-sobre-o-dinheiro-de-vorcaro/
4c244318-0d74-4177-8921-8a4abb2d1b06,Vorcaro surtou na prisão e admitiu pagamentos a ministros do STF e para o governo Lula,0,FALSO,google_factcheck,AFP_CHECAMOS,afirmacao_checada,86,2026-03-13,https://checamos.afp.com/doc.afp.com.A38E2G3
0810273f-15f5-47b6-bf28-d9041fc7329d,Gilmar Mendes e Dias Toffoli não têm formação em Direito nem OAB,0,FALSO,google_factcheck,AFP_CHECAMOS,afirmacao_checada,64,2024-11-14,https://checamos.afp.com/doc.afp.com.36MJ8ET
c5d785f2-7244-46ed-9792-603526214456,PF tem indícios que Cláudio Castro criou 'ambiente favorável' para os crimes da Refit,1,NOTICIA_REAL,noticias_reais,G1_POLITICA,titulo,85,2026-05-15,https://g1.globo.com/politica/blog/octavio-guedes/post/2026/05/15/pf-tem-indicios-que-claudio-castro-criou-ambiente-favoravel-para-os-crimes-da-refit.ghtml
d740bb22-aa15-48d4-8cd1-67ffb8c5be18,"O que o arcabouço prevê, que é uma novidade na legislação, é que você vai ter um aumento real de despesa mínima de 0,6% e máxima de 2,5%, para justamente funcionar como mecanismos anticíclicos. Se tiver uma recessão, você garante a despesa do governo. Se tiver um crescimento exorbitante, você economiza justamente para equilibrar no tempo as contas públicas.",1,GFC_VERDADEIRO,google_factcheck,AOS_FATOS,afirmacao_checada,359,2024-01-25,https://www.aosfatos.org/noticias/checamos-haddad-roda-viva/
6caa7422-2caa-44b7-b812-32642afd1a01,Lula perdeu todas as eleições feitas com cédulas de papel e venceu todas após as urnas eletrônicas,0,FALSO,google_factcheck,AOS_FATOS,afirmacao_checada,98,2025-12-09,https://www.aosfatos.org/noticias/falso-que-lula-so-venceu-eleicoes-apos-urnas-eletronicas/
91996f42-4546-47e8-85e4-cbb9b7c0c175,Operação contra Ciro Nogueira no caso Master é trunfo eleitoral para Lula,1,NOTICIA_REAL,noticias_reais,G1_POLITICA,titulo,73,2026-05-08,https://g1.globo.com/politica/blog/julia-duailibi/post/2026/05/08/operacao-contra-ciro-nogueira-no-caso-master-e-trunfo-eleitoral-para-lula.ghtml
2c3a24a3-8d39-4c45-8fad-5ccd54591408,"Flávio garante que os R$ 134 milhões não foram para Eduardo Bolsonaro — Senador declarou que põe a mão no fogo pelo irmão, que mora nos Estados Unidos. Segundo Flávio, Eduardo também prestará explicações sobre o caso",1,NOTICIA_REAL,noticias_reais,CORREIO_BRAZILIENSE,titulo_resumo,216,2026-05-15,https://www.correiobraziliense.com.br/politica/2026/05/7420744-flavio-garante-que-os-rs-134-milhoes-nao-foram-para-eduardo-bolsonaro.html
4845b651-3917-4539-92f5-04a3f7cdcc27,"MST teria ameaçado ""incendiar o agro"" antes das queimadas recentes",0,FALSO,google_factcheck,METRÓPOLES,afirmacao_checada,66,2024-02-09,https://www.metropoles.com/projeto-comprova/mst-nao-ameacou-provocar-queimadas
376648a8-a1ff-4b4f-9e95-258d5e5ae133,Proteína spike sintética tem feito lesões na parede muscular de vacinados,0,FALSO,google_factcheck,ESTADÃO,afirmacao_checada,73,,https://www.estadao.com.br/estadao-verifica/medica-falsas-alegacoes-vacina-covid-19/
098d875a-df8e-496a-bec6-f25042286646,Milícia venezuelana avançou no território brasileiro em 2023 e mídia não falou nada,0,FALSO,google_factcheck,BOATOS.ORG,afirmacao_checada,83,2023-06-16,https://www.boatos.org/politica/milicia-venezuelana-avancou-territorio-brasileiro-2023-midia-nao-falou-nada.html
7b0a899e-ce9a-4a28-a34c-c6d86bbfcb46,a informação de que quatro deputados federais da bancada do Distrito Federal votaram contra ou se ausentaram da votação da Proposta de Emenda à Constituição (PEC) que visava estabelecer a adoção do voto impresso no país.,1,GFC_VERDADEIRO,google_factcheck,METRÓPOLES,afirmacao_checada,220,2022-09-15,https://www.metropoles.com/distrito-federal/e-verdadeiro-que-quatro-deputados-do-df-votaram-contra-o-voto-impresso
98de9769-340e-4c1b-88f2-ef96d780dffa,TSE descarta 195 mil urnas após denúncia de golpe por Mike Benz,0,ENGANOSO,google_factcheck,DESCONHECIDA,afirmacao_checada,63,,https://www.estadao.com.br/estadao-verifica/tse-descarta-195-mil-urnas-apos-denuncias-mike-benz/
d6507ca3-5b3d-4e30-a3ff-91f612cc3190,Trump ameaça enviar tropas dos EUA para prender Moraes,0,ENGANOSO,google_factcheck,PROJETO_COMPROVA,afirmacao_checada,54,2025-08-12,https://projetocomprova.com.br/publica%C3%A7%C3%B5es/trump-nao-ameacou-enviar-tropas-contra-alexandre-de-moraes/
3fd6cbb5-f3b8-4da4-a030-bd6c8e8d1a32,Foto mostra Trump gritando com Lula durante reunião na Casa Branca,0,FALSO,google_factcheck,AOS_FATOS,afirmacao_checada,66,2026-05-08,https://www.aosfatos.org/noticias/trump-grita-lula/
91e52fa9-9654-4fec-b5f6-796453593548,"Pessoal, a esquerda fez um link com um vírus com uma falsa mensagem do G1 que diz que o TSE reconheceu a vitória de Bolsonaro nas eleições Não abram! Os que abriram tiveram seus telefones danificados",0,FALSO,google_factcheck,BOATOS.ORG,afirmacao_checada,199,2022-11-10,https://www.boatos.org/politica/esquerda-criou-virus-em-link-do-g1-que-fala-tse-reconheceu-vitoria-de-bolsonaro.html
fb9fdf99-54b5-44f8-a5a6-2a43abb8cb3b,STF aprova regra para limitar votos de Kassio Nunes Marques e André Mendonça,0,FORA_DE_CONTEXTO,google_factcheck,ESTADÃO,afirmacao_checada,76,,https://www.estadao.com.br/estadao-verifica/alexandre-stf-regra-restringe-votos-kassio-nunes-andre-mendonca/
35bb3c7f-309a-4fbe-8940-7c4d4efc9196,"Polícia Federal encontrou um cofre cheio de dinheiro no endereço de Luciano Cavalcante, um dos principais auxiliares de Arthur Lira.",0,ENGANOSO,google_factcheck,ESTADÃO,afirmacao_checada,132,,https://www.estadao.com.br/estadao-verifica/cofre-luciano-cavalcante-pp-arthur-lira-fake-news/
d3cca1d2-feb6-4426-990a-0b3d6fb71626,Encontramos um meio de auditar os votos. Cada um de nós se comprometesse a guardar o comprovante de comparecimento às urnas e entregar para o senhor,0,FALSO,google_factcheck,UOL_NOTÍCIAS,afirmacao_checada,148,2022-10-03,https://noticias.uol.com.br/confere/ultimas-noticias/2022/10/02/comprovante-de-votacao-nao-indica-em-quem-o-eleitor-votou.htm
917050a9-d422-41b6-9735-888c392f0a30,PL da Anistia é aprovado pela Câmara dos Deputados,0,ENGANOSO,google_factcheck,AFP_CHECAMOS,afirmacao_checada,50,2025-12-02,https://checamos.afp.com/doc.afp.com.86UK6NR
80c99b57-5227-4414-8be9-a98c767ad9fa,Trump chama jornalista de “burra” ao responder pergunta — Presidente norte-americano ofendeu repórter após receber questionamento sobre tamanho de salão de festas que será construído,1,NOTICIA_REAL,noticias_reais,PODER360,titulo_resumo,182,2026-05-13,https://www.poder360.com.br/poder-internacional/trump-chama-jornalista-de-burra-ao-responder-pergunta/
8c6c1d65-fdde-4516-afdb-5b4fd7feb443,"Lula (PT) foi recebido com gritos de “Lula, ladrão, seu lugar é na prisão” na entrega de casas do “Minha Casa, Minha Vida” no município de Viamão (RS)",0,FALSO,google_factcheck,AOS_FATOS,afirmacao_checada,150,2023-07-03,https://www.aosfatos.org/noticias/lula-nao-foi-vaiado-evento-minha-casa-minha-vida-viamao/
b2f3809d-7852-407f-a3b0-577f92aad6b7,A popularidade de Lula no Datafolha a menos de 5 meses da eleição — O instituto entrevistou 2.004 eleitores entre a terça-feira 12 e a quarta 13,1,NOTICIA_REAL,noticias_reais,CARTACAPITAL,titulo_resumo,144,2026-05-16,https://www.cartacapital.com.br/cartaexpressa/a-popularidade-de-lula-no-datafolha-a-menos-de-5-meses-da-eleicao/
fad6e348-a006-4fed-ab81-0486de886e42,"‘Não tem que justificar nada’, diz Flávio sobre pedido de dinheiro a Vorcaro — Senador e pré-candidato à Presidência foi vaiado durante agenda na sede da Polícia Militar do Rio de Janeiro",1,NOTICIA_REAL,noticias_reais,VEJA_POLITICA,titulo_resumo,187,2026-05-15,https://veja.abril.com.br/politica/nao-tem-que-justificar-nada-diz-flavio-sobre-pedido-de-dinheiro-a-vorcaro/
175923bb-c296-4b82-b174-595ee77907de,"Governo mantém sob sigilo proposta para reverter tarifaço de Trump — Gestão Lula segue atuando no modo analógico, enquanto Donald Trump está na era digital",1,NOTICIA_REAL,noticias_reais,METROPOLES,titulo_resumo,155,2025-07-16,https://www.metropoles.com/colunas/andreza-matais/governo-mantem-sob-sigilo-proposta-para-reverter-tarifaco-de-trump
347d7e31-a377-452d-8f63-1cbb080c3fc4,"FGTS: governo libera R$ 8,4 bilhões de trabalhadores que optaram pelo saque-aniversário e autoriza uso para dívidas no fim de maio",1,NOTICIA_REAL,noticias_reais,G1_POLITICA,titulo,130,2026-05-14,https://g1.globo.com/economia/noticia/2026/05/14/trabalhadores-que-optaram-pelo-saque-aniversario-poderao-sacar-r-84-bilhoes-no-fim-de-maio.ghtml
a17f5942-40d9-4795-923e-2b8b1173733c,"O impasse sobre a extradição de chileno condenado por estelionato, após aval do STF — Relator do caso, Alexandre de Moraes negou afrouxar a prisão enquanto ocorrem os trâmites diplomáticos",1,NOTICIA_REAL,noticias_reais,CARTACAPITAL,titulo_resumo,188,2026-05-16,https://www.cartacapital.com.br/justica/o-impasse-sobre-a-extradicao-de-chileno-condenado-por-estelionato-apos-aval-do-stf/
b6414559-ceb0-4781-b299-f6777bb683ce,"'Tensão' sobre tarifas e surpresa em terras raras: os bastidores da reunião entre Lula e Trump na Casa Branca — Para o governo brasileiro, reunião atingiu ao menos um dos seus objetivos: ganhar tempo e evitar imposição de novas tarifas sobre produtos do país a meses das eleições presidenciais.",1,NOTICIA_REAL,noticias_reais,BBC_BRASIL,titulo_resumo,294,2026-05-08,https://www.bbc.com/portuguese/articles/cgep1ll4ewyo?at_medium=RSS&at_campaign=rss
84a2b000-a6db-4e65-975d-b65082664fce,"Quaest: Lula é mais rejeitado no Paraná e em Goiás; Flávio, em Pernambuco e na Bahia",1,NOTICIA_REAL,noticias_reais,G1_POLITICA,titulo,84,2026-05-07,https://g1.globo.com/politica/eleicoes/2026/noticia/2026/05/07/quaest-lula-e-mais-rejeitado-no-parana-e-em-goias-flavio-em-pernambuco-e-na-bahia.ghtml
6cf0871a-07bf-4d73-a67b-1e32e2d51b86,Como assim o assassino da Mariele não pode ser preso? Moraes manda soltar Chiquinho Brazão e quer prender Bolsonaro,0,FALSO,google_factcheck,UOL_NOTÍCIAS,afirmacao_checada,115,,https://noticias.uol.com.br/confere/ultimas-noticias/2024/04/05/moraes-nao-mandou-soltar-brazao-post-distorce-materia-sobre-prisao.htm
d4ddfe51-04a1-4cb2-82e8-92bc0290bb64,Datafolha: Lula e Flávio empatavam antes de áudios que ligam senador a Vorcaro — Pesquisa foi concluída antes da repercussão das conversas em que Flávio Bolsonaro cobrou R$ 134 milhões ao banqueiro Daniel Vorcaro,1,NOTICIA_REAL,noticias_reais,CORREIO_BRAZILIENSE,titulo_resumo,212,2026-05-16,https://www.correiobraziliense.com.br/politica/2026/05/7421201-datafolha-lula-e-flavio-empatavam-antes-de-audios-que-ligam-senador-a-vorcaro.html
03ac9b4f-b88b-4295-8688-e021ca93b5fb,Todos os juízes que condenaram Lula foram afastados de seus cargos pelo CNJ,0,ENGANOSO,google_factcheck,UOL_NOTÍCIAS,afirmacao_checada,75,,https://noticias.uol.com.br/comprova/ultimas-noticias/2024/04/18/e-falso-que-todos-os-juizes-que-condenaram-lula-foram-afastados-pelo-cnj.htm
3267567c-821f-49af-bdc0-979929775627,"Flávio pediu dinheiro a Vorcaro para financiar filme sobre Bolsonaro — Pré-candidato do PL à Presidência da República, Flávio Bolsonaro pediu dinheiro a Daniel Vorcaro , do Banco Master , para financiar um filme sobre Jair Bolsonaro . Leia mais (05/13/2026 - 16h52)",1,NOTICIA_REAL,noticias_reais,FOLHA_PODER,titulo_resumo,265,2026-05-13,https://redir.folha.com.br/redir/online/poder/rss091/*https://www1.folha.uol.com.br/poder/2026/05/vorcaro-pagou-r-61-milhoes-para-filme-sobre-jair-bolsonaro-e-flavio-pediu-mais-diz-site.shtml
7e8bef1e-a26f-433a-acb2-573e211851f9,"Três Poderes: Nunes Marques é o vencedor da semana; Flávio, o perdedor — Vencedor da semana: o ministro Nunes Marques, que tomou posse na presidência do Tribunal Superior Eleitoral ( TSE ) com um elogiado discurso sobre defesa das urnas eletrônicas e da moderação no Judiciário. Leia mais (05/16/2026 - 12h00)",1,NOTICIA_REAL,noticias_reais,FOLHA_PODER,titulo_resumo,309,2026-05-16,https://redir.folha.com.br/redir/online/poder/rss091/*https://www1.folha.uol.com.br/colunas/painel/2026/05/tres-poderes-nunes-marques-e-o-vencedor-da-semana-flavio-o-perdedor.shtml
d96a131d-bc93-4f89-bc14-800ba52f0521,"Datafolha: Lula tem 38%, e Flávio, 35% das intenções de voto no 1º turno",1,NOTICIA_REAL,noticias_reais,G1_POLITICA,titulo,72,2026-05-16,https://g1.globo.com/politica/eleicoes/2026/noticia/2026/05/16/datafolha-maio-primeiro-turno.ghtml
f14cd3d7-b46b-4902-b37f-a492e67600e8,Gilmar Mendes jantando na Itália com um filho de Lula,0,FALSO,google_factcheck,AFP_CHECAMOS,afirmacao_checada,53,2022-10-27,https://checamos.afp.com/doc.afp.com.32MA8XN
32f79bef-1768-48a5-b177-8f21d3ad5177,"Senado aprova renovação automática da CNH de bons condutores, mas com exigência de exame médico",1,NOTICIA_REAL,noticias_reais,G1_POLITICA,titulo,95,2026-05-12,https://g1.globo.com/politica/noticia/2026/05/12/senado-deve-votar-em-plenario-mp-que-preve-renovacao-automatica-da-cnh-de-bons-condutores.ghtml
d7922c9c-bb5d-436a-93b8-d05782947a68,"Tuíte reproduz participação do comentarista Matthew Tyrmand no programa Tucker Carlson Tonight, da emissora Fox News, dos Estados Unidos. No vídeo, Tyrmand comenta os atos ao redor do Brasil que contestam, sem evidências, o resultado das eleições presidenciais, dizendo se tratar do “maior protesto democrático e possivelmente até da humanidade”.",0,ENGANOSO,google_factcheck,FOLHA_-_UOL,afirmacao_checada,346,2022-12-07,https://www1.folha.uol.com.br/poder/2022/12/nao-e-possivel-afirmar-que-atos-antidemocraticos-contra-resultado-das-eleicoes-sao-o-maior-protesto-da-historia.shtml
8cfaaf95-cd17-4dc2-9d9b-250918f2d5ef,Advogado do almirante Garnier DELATA BOLSONARO AO VIVO E EM CORES. Ele revelou que quem deu 'curso prático de golpe' foi o ex-presidente,0,FALSO,google_factcheck,UOL_NOTÍCIAS,afirmacao_checada,136,,https://noticias.uol.com.br/confere/ultimas-noticias/2025/03/27/advogado-garnier-bolsonaro-deu-curso-golpe-nao.htm
c4568d15-4054-481d-8662-d7d2689b3861,Agora é lei: pessoas com diabetes têm direito à isenção do IPVA e do Imposto de Renda,0,FALSO,google_factcheck,UOL_NOTÍCIAS,afirmacao_checada,85,,https://noticias.uol.com.br/confere/ultimas-noticias/2025/12/08/e-falso-que-pessoas-com-diabetes-tem-direito-a-isencao-de-ipva-e-ir.htm
9470745d-bc0a-4d90-854f-8fb305a04ca6,"Lula diz: ""Eu só ganhei as eleições porque o povo nordestino é analfabeto""",0,ENGANOSO,google_factcheck,UOL_NOTÍCIAS,afirmacao_checada,74,,https://noticias.uol.com.br/confere/ultimas-noticias/2026/04/29/lula-nao-disse-que-so-ganhou-eleicao-porque-nordestino-e-analfabeto.ghtm
736b58d2-951c-43a1-ac51-b14dde6d75a9,"Donald Trump diz: ""O mundo já entendeu que Alexandre de Moraes e seus cúmplices do Supremo Tribunal Federal nos últimos seis anos destruíram a Constituição, a democracia e as instituições e passaram a oprimir o povo brasileiro com o objetivo de instaurar, através do uso da força, o comunismo chinês no Brasil""",0,FALSO,google_factcheck,UOL_NOTÍCIAS,afirmacao_checada,310,,https://noticias.uol.com.br/confere/ultimas-noticias/2025/07/21/video-trump-critica-alexandre-moraes-stf-falso-criado-ia.htm
cdd50ec2-5230-437f-9520-d6482286c9f6,"Ministro da Fazenda diz que reavaliar constantemente os preços de combustíveis é tarefa da Petrobras, não do governo",1,NOTICIA_REAL,noticias_reais,G1_POLITICA,titulo,116,2026-05-11,https://g1.globo.com/economia/noticia/2026/05/11/durigan-admite-necessidade-de-a-petrobras-ir-reavaliando-precos-de-combustiveis-e-pede-aprovacao-de-projeto-enviado-pelo-governo.ghtml
31a28f82-f83f-472a-86cd-12e1c1506a39,É possível pagar só R$ 178 de INSS duas vezes por ano e se aposentar com R$ 3 mil,0,ENGANOSO,google_factcheck,ESTADÃO,afirmacao_checada,81,,https://www.estadao.com.br/estadao-verifica/contribuicao-duas-vezes-ao-ano-ao-inss-nao-garante-aposentadoria/
f9ce1131-1566-4fa8-b3c2-8e705e73d267,Nova regra da Receita Federal monitora automaticamente todas as transações Pix e cruza os dados diretamente com a declaração de Imposto de Renda para identificar inconsistências financeiras.​,0,ENGANOSO,google_factcheck,DESCONHECIDA,afirmacao_checada,191,,https://www.estadao.com.br/estadao-verifica/receita-federal-nao-monitora-pix-individual-automaticamente-enganoso/
9f2a8f8e-41fa-439a-be8b-52edd9b0742d,CPMI do INSS pretende mirar bancos que aparecerem nas investigações — Senador Carlos Viana promete resistir à pressão de instituições ligadas a esquemas de empréstimos consignados irregulares,1,NOTICIA_REAL,noticias_reais,METROPOLES,titulo_resumo,191,2025-08-29,https://www.metropoles.com/brasil/cpmi-do-inss-pretende-mirar-bancos-que-aparecerem-nas-investigacoes
4101ecc0-81e3-409f-94c7-6dad4b98b29f,Donald Trump afirmou que tomará providências contra Moraes caso ele “encoste” em Eduardo Bolsonaro,0,FALSO,google_factcheck,AOS_FATOS,afirmacao_checada,98,2025-03-11,https://www.aosfatos.org/noticias/nao-ha-registros-trump-ameacou-moraes-eduardo-bolsonaro/
ea36d1ba-ae93-492c-8b9f-5903c98550ce,Alexandre de Moraes ordenou a troca de 48 urnas eletrônicas na cidade de São Paulo,0,FALSO,google_factcheck,UOL_NOTÍCIAS,afirmacao_checada,82,,https://noticias.uol.com.br/comprova/ultimas-noticias/2024/10/16/moraes-nao-e-mais-do-tse-e-nao-trocou-urnas-video-mostra-ministro-votando.htm
3ac5b742-dc39-4f1a-85a7-ad7a679c3b73,Exército sairá da Amazônia e da fronteira por ordem do governo Lula,0,FALSO,google_factcheck,AOS_FATOS,afirmacao_checada,67,2024-11-05,https://www.aosfatos.org/noticias/falso-lula-mandou-exercito-sair-da-amazonia/
7e517314-6848-49e7-b954-410a58a1c0e1,"Eleitor perderá voto caso aperte a tecla “confirma” da urna eletrônica enquanto o equipamento exibir o aviso ""Confira seu voto""",0,FALSO,google_factcheck,ESTADÃO,afirmacao_checada,127,,https://www.estadao.com.br/estadao-verifica/confira-seu-voto-confirma-anula-falso/
bbdfc796-a681-406a-a3c0-a40a32b54c27,Lula foi substitúído por sósia em homenagem no Carnaval do Rio,0,FALSO,google_factcheck,ESTADÃO,afirmacao_checada,62,,https://www.estadao.com.br/estadao-verifica/foto-lula-carnaval-rio-cinco-dedos-falso/
56859e15-889d-4da2-82ad-e4deee46f40a,Lula quer confiscar terras atingidas por queimadas,0,FALSO,google_factcheck,ESTADÃO,afirmacao_checada,50,,https://www.estadao.com.br/estadao-verifica/governo-quer-confiscar-terras-atingidas-por-queimadas/
8c9ee9a9-7b53-4bf5-b23f-858c6b177346,"Com Lula prestes a encontrar Trump, Alckmin fala em buscar parcerias com EUA",1,NOTICIA_REAL,noticias_reais,G1_POLITICA,titulo,76,2026-05-07,https://g1.globo.com/ce/ceara/noticia/2026/05/07/com-lula-prestes-a-encontrar-trump-alckmin-fala-em-buscar-parcerias-com-eua.ghtml
c1f8b6be-dee8-43b0-94b2-33f15110b481,Lula diz que foliões não devem levar celular no Carnaval para evitar roubos,0,FALSO,google_factcheck,AOS_FATOS,afirmacao_checada,75,2026-02-09,https://www.aosfatos.org/noticias/lula-nao-aconselhou-populacao-deixe-celular-casa-evitar-roubo-carnaval/
da61178a-edad-495d-9a9e-2fe673bbcdb5,Empresa investigada por roubar 32 milhões dos aposentados do INSS pagava cartão de crédito de Michelle Bolsonaro,0,FALSO,google_factcheck,AOS_FATOS,afirmacao_checada,112,2025-05-16,https://www.aosfatos.org/noticias/empresa-suspeita-de-pagar-despesas-de-michelle-bolsonaro-nao-e-investigada-por-fraude-no-inss/
b458cea7-d035-49ae-9591-32dd2b5bc318,"A história dos golfinhos suicidas treinados na União Soviética que o Irã comprou da Ucrânia — A imprensa americana especulou a possibilidade de que a República Islâmica possa utilizar animais adestrados para atacar navios de guerra dos Estados Unidos, tentando romper o bloqueio naval imposto por Washington.",1,NOTICIA_REAL,noticias_reais,BBC_BRASIL,titulo_resumo,308,2026-05-12,https://www.bbc.com/portuguese/articles/ceqp7n8887no?at_medium=RSS&at_campaign=rss
e5a643a5-1261-4940-aa94-d43ed6b3e1c7,Viva o PT. Lula vai aprovar o que cristãos vão se arrepender. Incesto liberado,0,FALSO,google_factcheck,UOL_NOTÍCIAS,afirmacao_checada,78,2023-04-23,https://noticias.uol.com.br/confere/ultimas-noticias/2023/04/23/falso-projeto-de-lei-incesto.htm
915e5e81-59da-4db0-946f-4c53652090d0,"O plano inusitado que Zema pretende implementar caso seja eleito para a presidência — Se chegar ao Planalto em 2027, ex-governador de Minas Gerais quer alianças para reformular as relações do Executivo com o Congresso",1,NOTICIA_REAL,noticias_reais,VEJA_POLITICA,titulo_resumo,217,2026-05-16,https://veja.abril.com.br/politica/a-plano-inusitado-que-zema-pretende-implementar-caso-seja-eleito-para-a-presidencia/
85d208dc-f18e-40c0-aefa-b39c12bd92fc,Bolsonaro enviou mais de R$ 200 bilhões para prefeitos e aliados e ainda assim perdeu a eleição para o Lula,0,FORA_DE_CONTEXTO,google_factcheck,ESTADÃO,afirmacao_checada,107,,https://www.estadao.com.br/estadao-verifica/postagens-tiram-de-contexto-fala-de-presidente-do-pl-sobre-destinacao-de-verbas-na-pandemia/
46b148f0-4a0b-4517-9dcf-f6ca865508a0,Saiba como eliminar a vacina contra a covid-19 do seu organismo.,0,FALSO,google_factcheck,ESTADÃO,afirmacao_checada,64,,https://www.estadao.com.br/estadao-verifica/e-falso-que-remedios-suramin-e-ivermectina-eliminem-vacina-contra-covid-do-corpo/
86373801-2d75-47d6-9e64-90aa5a696656,"Empresa que repassou dinheiro a filme de Bolsonaro é dona de fundos da rede do Master — A Entre Investimentos, empresa que teria sido utilizada por Daniel Vorcaro para financiar um filme sobre o ex-presidente Jair Bolsonaro ( PL ), é cotista de sete fundos na rede do Banco Master (em quatro deles, única cotista). Ao todo, esses fundos têm R$ 2,9 bilhões em ativos. Leia mais (05/15/2026 - 04h04)",1,NOTICIA_REAL,noticias_reais,FOLHA_PODER,titulo_resumo,397,2026-05-15,https://redir.folha.com.br/redir/online/poder/rss091/*https://www1.folha.uol.com.br/poder/2026/05/empresa-que-repassou-dinheiro-a-filme-de-bolsonaro-e-dona-de-fundos-da-rede-do-master.shtml
d705cdb0-429c-41c3-9f7b-d5f824e92d34,Vítima de violência doméstica poderá pedir divórcio direto em cartório — Comissão da Câmara aprovou proposta que amplia mecanismos de proteção às vítimas.,1,NOTICIA_REAL,noticias_reais,CONGRESSO_EM_FOCO,titulo_resumo,154,2026-05-15,https://www.congressoemfoco.com.br/noticia/118912/vitima-de-violencia-domestica-podera-pedir-divorcio-direto-em-cartorio
ed74840a-c9fa-4cc6-8edf-f65fe40e9f0f,BC comunica vazamento de dados de 46 chaves PIX de clientes da Credifit Sociedade de Crédito,1,NOTICIA_REAL,noticias_reais,G1_POLITICA,titulo,92,2026-05-12,https://g1.globo.com/economia/noticia/2026/05/12/bc-comunica-vazamento-de-dados-de-46-chaves-pix-de-pessoas-com-conta-na-credifit-sociedade-de-credito.ghtml
dc34ff18-bc85-4514-88d6-527139a1e237,Nanoempreendedor e revendedoras de cosméticos serão taxadas por projeto do PT,0,FALSO,google_factcheck,AFP_CHECAMOS,afirmacao_checada,77,2024-07-22,https://checamos.afp.com/doc.afp.com.364P4NB
3b3a2d14-1166-4401-ac2a-143e23024856,Projeto autoriza uso do FGTS para comprar armas; texto será analisado em comissão de segurança da Câmara,1,NOTICIA_REAL,noticias_reais,G1_POLITICA,titulo,104,2026-05-12,https://g1.globo.com/politica/noticia/2026/05/12/projeto-pretende-autorizar-uso-do-fgts-para-comprar-armas-texto-sera-analisado-em-comissao-de-seguranca-da-camara.ghtml
805e7cd6-d386-4a56-9907-dd75d1bee5be,"""É um caso de polícia"", diz Lula sobre relação entre Flávio e Vorcaro",1,NOTICIA_REAL,noticias_reais,AGENCIA_BRASIL,titulo,69,2026-05-14,https://agenciabrasil.ebc.com.br/politica/noticia/2026-05/e-um-caso-de-policia-diz-lula-sobre-relacao-entre-flavio-e-vorcaro
4c715b2d-caca-45ab-a4e8-0807e123e6f6,"'Caso dele é de polícia', diz Lula sobre pedido de dinheiro de Flávio a Vorcaro para filme de Bolsonaro",1,NOTICIA_REAL,noticias_reais,G1_POLITICA,titulo,103,2026-05-14,https://g1.globo.com/politica/noticia/2026/05/14/caso-dele-e-de-policia-diz-lula-sobre-conversas-entre-flavio-bolsonaro-e-daniel-vorcaro.ghtml
bea9b91b-c4a8-4ac1-9fdd-4a8a441a877d,Smartmatic foi responsável por urnas eletrônicas de 2022 e contagem de votos,0,ENGANOSO,google_factcheck,AFP_CHECAMOS,afirmacao_checada,76,2025-02-26,https://checamos.afp.com/doc.afp.com.36YQ723
8954a387-f25c-4162-b004-2304dd88fe18,"Destino do dinheiro, orçamento do filme e histórico de Flávio e Vorcaro: 3 perguntas sem resposta — Mensagens reveladas nesta quarta-feira (13) expuseram cobranças de dinheiro feitas pelo senador Flávio Bolsonaro ( PL -RJ) ao ex-banqueiro Daniel Vorcaro e abalaram a pré-campanha do senador à Presidência. Leia mais (05/14/2026 - 12h50)",1,NOTICIA_REAL,noticias_reais,FOLHA_PODER,titulo_resumo,336,2026-05-14,https://redir.folha.com.br/redir/online/poder/rss091/*https://www1.folha.uol.com.br/poder/2026/05/destino-do-dinheiro-orcamento-do-filme-e-historico-de-flavio-e-vorcaro-3-perguntas-sem-resposta.shtml
d311794c-34a6-41d2-a52c-26f267e1a0f0,Notas de dólar deixarão de circular nos EUA para dar lugar as transações digitais,0,FALSO,google_factcheck,AOS_FATOS,afirmacao_checada,81,2023-04-11,https://www.aosfatos.org/noticias/falso-fed-banco-central-dos-eua-acabara-cedulas-dolar/
aff3e7bc-712e-49d6-ba7f-f8462b811b4f,"Milhões de votos foram registrados após às 17h, indicando fraude",0,ENGANOSO,google_factcheck,PROJETO_COMPROVA,afirmacao_checada,64,2022-11-23,https://projetocomprova.com.br/publica%C3%A7%C3%B5es/votos-depositados-nas-urnas-apos-as-17-horas-nao-indicam-fraude/
4c8f3c64-3979-4340-b872-7f62b536fe32,Pesquisa aponta que fake news sobre eleições miram urnas eletrônicas,1,NOTICIA_REAL,noticias_reais,AGENCIA_BRASIL,titulo,68,2026-05-13,https://agenciabrasil.ebc.com.br/politica/noticia/2026-05/pesquisa-aponta-que-fake-news-sobre-eleicoes-miram-urnas-eletronicas
60d7012a-f1ff-484e-b957-3998bf968c86,"Dino abre apuração sobre emendas destinadas a produtora de filme sobre Bolsonaro — O ministro Flávio Dino , do STF (Supremo Tribunal Federal), abriu uma apuração preliminar sigilosa sobre emendas destinadas à produtora do filme ""Dark Horse"" (""Azarão""), que trata da vida do ex-presidente Jair Bolsonaro (PL). Leia mais (05/15/2026 - 11h29)",1,NOTICIA_REAL,noticias_reais,FOLHA_PODER,titulo_resumo,339,2026-05-15,https://redir.folha.com.br/redir/online/poder/rss091/*https://www1.folha.uol.com.br/poder/2026/05/dino-abre-apuracao-sobre-emendas-destinadas-a-produtora-de-filme-sobre-bolsonaro.shtml
97b825c7-d084-4a93-ac17-eeff55e88372,"Como ver mais notícias da Folha na pesquisa do Google — Ao pesquisar um assunto na internet , especialmente temas noticiosos, a prioridade do usuário é encontrar respostas confiáveis . Diante do enorme volume de conteúdo publicado diariamente, filtrar o que é relevante pode ser um desafio. Leia mais (05/14/2026 - 17h15)",1,NOTICIA_REAL,noticias_reais,FOLHA_PODER,titulo_resumo,321,2026-05-14,https://redir.folha.com.br/redir/online/poder/rss091/*https://www1.folha.uol.com.br/poder/2026/05/como-ver-mais-noticias-da-folha-na-pesquisa-do-google.shtml
5086f792-ae88-4a5d-95f1-4287c2d3ddb2,"Flávio lança novo jingle: “Com o pé direito, o Brasil tem futuro” — Slogan faz referência à propaganda da maraca de calçados Havaianas",1,NOTICIA_REAL,noticias_reais,PODER360,titulo_resumo,134,2026-05-10,https://www.poder360.com.br/poder-eleicoes/flavio-lanca-novo-jingle-com-o-pe-direito-o-brasil-tem-futuro/
60995b30-7ad7-49da-bd65-0d79c2d0f087,"O fenômeno Carla Madeira, que domina as redes e divide leitores com seus livros: 'Literatura não é manual' — Autora de Tudo é Rio fala sobre o sucesso inesperado dos livros, as reações polarizadas no BookTok, a adaptação de Véspera para a HBO e por que acredita que a arte deve provocar desconforto — não dar respostas prontas",1,NOTICIA_REAL,noticias_reais,BBC_BRASIL,titulo_resumo,326,2026-05-12,https://www.bbc.com/portuguese/articles/cx21le0k8wdo?at_medium=RSS&at_campaign=rss
0ce2aaa8-4816-4297-b778-d3e0f770602c,Reportagem diz que desemprego aumentou em doze estados no governo Lula,0,FALSO,google_factcheck,AOS_FATOS,afirmacao_checada,70,2023-02-10,https://www.aosfatos.org/noticias/posts-enganam-atribuir-lula-aumento-indice-desemprego/
2689915b-7959-400a-88f4-82902634aee9,"'Não restou outra alternativa', diz líder do PL na Câmara sobre retomar debate de PEC da Anistia",1,NOTICIA_REAL,noticias_reais,G1_POLITICA,titulo,96,2026-05-11,https://g1.globo.com/politica/blog/andreia-sadi/post/2026/05/11/sostenes-cavalcante-globonews-entrevista.ghtml
ff57b7d1-976a-40cc-9ee0-27ea737ee849,"Projeto endurece penas de roubo e extorsão contra motoristas de app — Texto inclui motoristas de ônibus, taxistas e trabalhadores de aplicativo desde que o crime seja cometido durante o exercício da profissão.",1,NOTICIA_REAL,noticias_reais,CONGRESSO_EM_FOCO,titulo_resumo,209,2026-05-13,https://www.congressoemfoco.com.br/noticia/118841/projeto-endurece-penas-de-roubo-e-extorsao-contra-motoristas-de-app
c84e130d-f3d8-48aa-8a5f-bd9d8bbd4745,"Duas verdades que nunca te contaram sobre Paulo Freire: 1 - Ele NUNCA foi professor, o único diploma que Paulo Freire tinha era de bacharel em direito. 2 - Ele NUNCA alfabetizou uma criança, sua experiência em alfabetização foi de adultos no MST",0,ENGANOSO,google_factcheck,AFP_CHECAMOS,afirmacao_checada,245,2021-09-29,https://checamos.afp.com/doc.afp.com.9NR73M
15b1cabc-984a-4e38-9750-dedeb486d067,"Fraude nas urnas: eleitor em Parauapebas, no Pará, foi votar e alguém já havia votado por ele",0,ENGANOSO,google_factcheck,ESTADÃO,afirmacao_checada,93,,https://www.estadao.com.br/estadao-verifica/eleitor-votou-no-lugar-de-outro-fraude-parauapebas-pa-enganoso/
2796cee7-8a77-4f79-ad08-e599b7fd8bb6,Caiado diz que Moraes “ultrapassa limites institucionais” — Pré-candidato à Presidência critica suspensão da Lei da Dosimetria e afirma que decisão do STF amplia polarização política,1,NOTICIA_REAL,noticias_reais,PODER360,titulo_resumo,182,2026-05-10,https://www.poder360.com.br/poder-justica/caiado-diz-que-moraes-ultrapassa-limites-institucionais/
9b5b3533-0252-4d28-8c2e-e818dbef804f,Bolsonaro na verdade ganhou a eleição e tudo foi roubado pelo TSE,0,ENGANOSO,google_factcheck,UOL_NOTÍCIAS,afirmacao_checada,65,,https://noticias.uol.com.br/confere/ultimas-noticias/2024/06/06/daniela-lima-nao-disse-que-tse-roubou-as-eleicoes-para-dar-vitoria-a-lula.htm
99b3cba2-5b0f-446f-bf9e-761dc0d9e9c6,"México não existia antes da Espanha, diz governadora de Madri — Declaração de Isabel Ayuso provocou críticas no Parlamento espanhol; presidente Claudia Sheinbaum rebateu e disse ser ""ignorância histórica""",1,NOTICIA_REAL,noticias_reais,PODER360,titulo_resumo,204,2026-05-16,https://www.poder360.com.br/poder-internacional/mexico-nao-existia-antes-da-espanha-diz-governadora-de-madri/
a0e5f9e3-4fb7-4c84-919f-ac311a776916,"A nova pesquisa de intenção de voto em Minas Gerais, em meio à indefinição de Pacheco — O Real Time Big Data conduzirá 1.600 entrevistas, com margem de erro de dois pontos percentuais",1,NOTICIA_REAL,noticias_reais,CARTACAPITAL,titulo_resumo,183,2026-05-16,https://www.cartacapital.com.br/cartaexpressa/a-nova-pesquisa-de-intencao-de-voto-em-minas-gerais-em-meio-a-indefinicao-de-pacheco/
e4c3ded1-c654-4146-a283-3177c23cb4d9,Fernando Haddad anunciou aumento do diesel a partir de 1º de janeiro de 2025,0,FALSO,google_factcheck,AOS_FATOS,afirmacao_checada,76,2024-12-23,https://www.aosfatos.org/noticias/declaracao-haddad-imposto-diesel-2023-nao-recente/
e1954b51-cb97-4a0d-aa6f-bdc29b22c620,Nikolas associa pretos e pardos a bandidos,1,GFC_VERDADEIRO,google_factcheck,UOL_NOTÍCIAS,afirmacao_checada,42,,https://noticias.uol.com.br/confere/ultimas-noticias/2026/04/04/nikolas-sobre-associacao-entre-negros-e-criminosos-estereotipos-existem.ghtm
d78c6aca-2f9d-4a4b-8435-898545fdf3a4,É recomendado se vacinar contra a dengue só depois do verão,0,ENGANOSO,google_factcheck,ESTADÃO,afirmacao_checada,59,,https://www.estadao.com.br/estadao-verifica/nao-e-recomendado-esperar-epidemia-de-dengue-passar-para-se-vacinar-imunizantes-podem-conter-surtos/
d719c75b-f8a1-42ec-ba21-47fbe47f5f3d,Ivermectina reduz 97% da carga viral da Covid-19 em 48 horas,0,ENGANOSO,google_factcheck,AOS_FATOS,afirmacao_checada,60,2022-01-12,https://www.aosfatos.org/noticias/posts-distorcem-fatos-ao-alegar-ivermectina-reduz-97-da-carga-viral-da-covid-19-em-48-horas/
e8c9c27d-cf2d-43c5-b5e4-587c6fe82180,"Fim da 6x1 pode encarecer moradias do Minha Casa, Minha Vida, diz Câmara da Construção — Um estudo da CBIC (Câmara Brasileira da Indústria da Construção) aponta que o fim da escala 6x1 pode encarecer as obras populares no país e, com isso, reduzir o número de entregas no âmbito do Minha Casa, Minha Vida. Leia mais (05/15/2026 - 06h00)",1,NOTICIA_REAL,noticias_reais,FOLHA_PODER,titulo_resumo,336,2026-05-15,https://redir.folha.com.br/redir/online/poder/rss091/*https://www1.folha.uol.com.br/colunas/painel/2026/05/fim-da-6x1-pode-encarecer-moradias-do-minha-casa-minha-vida-diz-camara-da-construcao.shtml
99e322dc-8bbf-439f-97b0-a234c23625e8,"Gabriel Galípolo considera a alta do dólar artificial e não enxerga o cenário com preocupação. Ele diz que a meta é fazer a moeda retornar aos R$ 5,00 em 2025..",0,FALSO,google_factcheck,ESTADÃO,afirmacao_checada,160,,https://www.estadao.com.br/estadao-verifica/falso-gabriel-galipolo-alta-dolar-artificial-cenario-nao-preocupa/
198d6563-821e-485a-9b53-da010551e958,"Por unanimidade, STF valida lei com medidas para igualdade salarial entre homens e mulheres",1,NOTICIA_REAL,noticias_reais,G1_POLITICA,titulo,91,2026-05-14,https://g1.globo.com/politica/noticia/2026/05/14/por-unanimidade-stf-valida-lei-com-medidas-para-igualdade-salarial-entre-homens-e-mulheres.ghtml
26ed04ba-1a7c-4bae-9dbe-aa13c588e3b1,Nunes Marques assume a presidência do TSE; veja perfis dos ministros da corte,1,NOTICIA_REAL,noticias_reais,G1_POLITICA,titulo,77,2026-05-12,https://g1.globo.com/politica/eleicoes/2026/noticia/2026/05/12/nunes-marques-assume-a-presidencia-do-tse-veja-perfis-dos-ministros-da-corte.ghtml
0b2d5ba4-bcdf-46e5-b3e7-581cb5466bf8,"Bateu, levou: Brasil adota regra de reciprocidade com Portugal — ""Acham que os imigrantes chegam em Portugal para roubar o trabalho deles. É um discurso de extrema-direita muito forte""",1,NOTICIA_REAL,noticias_reais,METROPOLES,titulo_resumo,184,2025-07-08,https://www.metropoles.com/blog-do-noblat/bateu-levou-brasil-adota-regra-de-reciprocidade-com-portugal-c
6b721738-00fe-4399-abae-c59ce7c4e137,"Por que o governo da Índia pediu aos seus cidadãos que não comprem ouro durante um ano — O governo indiano pede à população uma medida difícil, em um país onde as importações de ouro totalizaram US$ 72 bilhões no último ano fiscal — o segundo maior mercado de ouro do mundo.",1,NOTICIA_REAL,noticias_reais,BBC_BRASIL,titulo_resumo,274,2026-05-16,https://www.bbc.com/portuguese/articles/c2029qwkp51o?at_medium=RSS&at_campaign=rss
ddfa4617-eb20-4606-b59c-98fce256dfd5,'Taxa das blusinhas’: o que muda com o fim do imposto sobre compras internacionais de até US$ 50,1,NOTICIA_REAL,noticias_reais,G1_POLITICA,titulo,96,2026-05-13,https://g1.globo.com/economia/noticia/2026/05/13/fim-da-taxa-das-blusinhas-o-que-muda.ghtml
3515be28-63c2-43c0-891f-4688abc714b7,Governo federal começou a pagar no dia 17/11 um valor extra de R$ 1.150 a beneficiários do INSS,0,FALSO,google_factcheck,AOS_FATOS,afirmacao_checada,95,2025-11-19,https://www.aosfatos.org/noticias/e-falso-que-governo-federal-vai-pagar-beneficio-extra-de-r-1150-a-beneficiarios-do-inss/
ae9540d5-4312-4417-8592-05430eee59f6,"Produtora de filme sobre Bolsonaro nega ter recebido aporte de Vorcaro, apesar de Flávio confirmar pedido — A Go Up Entertainment, produtora do filme ""Dark Horse"" (que significa ""azarão""), sobre a história de Jair Bolsonaro ( PL ), negou à Folha o recebimento de repasses de verba do ex-banqueiro Daniel Vorcaro para o projeto. Leia mais (05/13/2026 - 20h11)",1,NOTICIA_REAL,noticias_reais,FOLHA_PODER,titulo_resumo,358,2026-05-13,https://redir.folha.com.br/redir/online/poder/rss091/*https://www1.folha.uol.com.br/poder/2026/05/produtora-de-filme-sobre-bolsonaro-nega-ter-recebido-aporte-de-vorcaro-apesar-de-flavio-confirmar-pedido.shtml
48d72a37-4cbc-4505-98dc-5b538d3798ca,Terras Raras: Câmara aprova projeto com fundo garantidor e crédito de R$ 5 bi para estimular exploração,1,NOTICIA_REAL,noticias_reais,G1_POLITICA,titulo,103,2026-05-06,https://g1.globo.com/politica/noticia/2026/05/06/camara-aprova-projeto-terras-raras.ghtml
5859d7a6-160b-466b-a9ff-adcae5169e8a,"Flávio Bolsonaro admite cobrança a Vorcaro, mas nega crime",1,NOTICIA_REAL,noticias_reais,AGENCIA_BRASIL,titulo,58,2026-05-13,https://agenciabrasil.ebc.com.br/politica/noticia/2026-05/flavio-bolsonaro-admite-cobranca-vorcaro-mas-nega-crime
f46f8a61-ce8c-41ad-ba5f-72d24336067c,Torcedores do Flamengo pedem a volta de Bolsonaro durante partida de futebol,0,FALSO,google_factcheck,UOL_NOTÍCIAS,afirmacao_checada,76,,https://noticias.uol.com.br/confere/ultimas-noticias/2024/02/15/falso-torcedores-flamengo-apoio-bolsonaro.htm
7837ceb3-f1dc-41b3-8cf6-de89ec771568,Anistia aos presos pelo 8 de Janeiro foi aprovada na Câmara dos Deputados.,0,FALSO,google_factcheck,DESCONHECIDA,afirmacao_checada,74,2025-09-18,https://www.aosfatos.org/noticias/camara-aprovou-urgencia-nao-anistia-aos-golpistas-do-8-de-janeiro/
8520be96-55b7-4016-8769-c222d2e5a6ff,"O governo federal suspendeu sistema de rastreamento de bebidas, o que permitiu a adulteração por metanol",0,ENGANOSO,google_factcheck,ESTADÃO,afirmacao_checada,104,,https://www.estadao.com.br/estadao-verifica/sicobe-sistema-receita-haddad-lula-bebidas-metanol/
2b960c8b-1ef2-4c9a-9fc3-59608fcb8ec3,Polícia Federal achou recibo de aluguel de jatinho em nome de Nikolas Ferreira (PL-MG) e Michelle Bolsonaro em empresa que desviou R$ 32 milhões do INSS.,0,FALSO,google_factcheck,AOS_FATOS,afirmacao_checada,153,2025-06-30,https://www.aosfatos.org/noticias/nao-ha-indicios-de-que-nikolas-e-michelle-alugaram-jatinho-com-dinheiro-da-fraude-do-inss/
3d6f96b5-6a0e-464f-9c08-2651d8ec6aac,Ficha Limpa: STF corre contra o tempo para decidir sobre candidaturas — STF vai julgar de 22 a 29 de maio ação contra mudanças na Ficha Limpa; parecer de Paulo Gonet está na Corte há quatro meses. Decisão célere interessa tanto a críticos quanto a defensores da ação.,1,NOTICIA_REAL,noticias_reais,CONGRESSO_EM_FOCO,titulo_resumo,267,2026-05-15,https://www.congressoemfoco.com.br/noticia/118904/ficha-limpa-stf-corre-contra-o-tempo-para-decidir-sobre-candidaturas
391696ab-7c9e-46ee-9b04-235d9f82b727,Alexandre de Moraes foi condenado por tribunal dos EUA,0,FALSO,google_factcheck,AFP_CHECAMOS,afirmacao_checada,54,2025-04-22,https://checamos.afp.com/doc.afp.com.436B9T3
f4ce08b6-f7d1-4614-bbcd-a7a587d38d2a,A lacuna na versão de Flávio Bolsonaro sobre áudio para Daniel Vorcaro,1,NOTICIA_REAL,noticias_reais,G1_POLITICA,titulo,70,2026-05-13,https://g1.globo.com/politica/blog/julia-duailibi/post/2026/05/13/a-lacuna-na-versao-de-flavio-bolsonaro-sobre-audio-para-daniel-vorcaro.ghtml
4e6b9b05-74a6-4c1a-812f-24817c5103cd,"Plano contra crime organizado mira 'andar de cima', diz coordenador de programa de Lula — Coordenador do programa de governo de Lula para a segurança pública na eleição de 2022, o sociólogo Benedito Mariano diz ser consistente o plano contra o crime organizado anunciado na última terça-feira (12). Leia mais (05/16/2026 - 10h52)",1,NOTICIA_REAL,noticias_reais,FOLHA_PODER,titulo_resumo,329,2026-05-16,https://redir.folha.com.br/redir/online/poder/rss091/*https://www1.folha.uol.com.br/colunas/painel/2026/05/plano-contra-crime-organizado-mira-andar-de-cima-diz-coordenador-de-programa-de-lula.shtml
53a5ed48-cc65-4c31-8e97-7a57194125a8,"Flávio ironiza ataque de Zema: ‘Mineiro tem mais calma na hora de falar’ — Pré-candidato do PL participou de agenda com aliados na PM do Rio; ex-governador de Minas disse que conversa com Vorcaro é ""tapa na cara dos brasileiros""",1,NOTICIA_REAL,noticias_reais,VEJA_POLITICA,titulo_resumo,228,2026-05-15,https://veja.abril.com.br/politica/flavio-ironiza-ataque-de-zema-mineiro-tem-mais-calma-na-hora-de-falar/
5bfbb45a-92e8-448d-a399-2bb529cfacb9,"Caso Marielle: Moraes vota para tornar policiais réus em mais um processo — Primeira Turma do STF analisa o caso em plenário virtual, com sessão prevista até sexta-feira, 22",1,NOTICIA_REAL,noticias_reais,VEJA_POLITICA,titulo_resumo,173,2026-05-15,https://veja.abril.com.br/politica/caso-marielle-moraes-vota-para-tornar-policiais-reus-em-mais-um-processo/
94f114c9-e03b-47b7-b00f-d729aefaf7e3,Jogador dinamarquês Christian Eriksen desmaiou por causa da vacina contra a covid-19 na Eurocopa,0,FALSO,google_factcheck,AFP_CHECAMOS,afirmacao_checada,96,2021-06-16,https://checamos.afp.com/o-desmaio-de-eriksen-na-eurocopa-nao-teve-relacao-com-vacina-contra-covid-19
ed00b44d-99b5-483e-862f-c10e72a07e8a,Vídeo mostra Bolsonaro sendo ovacionado em Buenos Aires,0,FALSO,google_factcheck,AOS_FATOS,afirmacao_checada,55,2023-12-12,https://www.aosfatos.org/noticias/gravacao-bolsonaro-ovacionado-2022-nao-argentina/
173f74d9-06fc-4d91-a8e5-2d7c6b1e2a94,"Datafolha: 39% avaliam governo Lula como ruim ou péssimo; 30% como ótimo ou bom — Avaliação do presidente permaneceu estável dentro da margem de erro, que é de dois pontos percentuais para mais ou menos. Pesquisa aponta que 29% classificam a gestão como regular.",1,NOTICIA_REAL,noticias_reais,G1_POLITICA,titulo_resumo,262,2026-05-17,https://g1.globo.com/politica/noticia/2026/05/16/datafolha-39percent-avaliam-governo-lula-como-ruim-ou-pessimo-30percent-como-otimo-ou-bom.ghtml
a58e06c2-5d1b-4090-a19e-5f4cb30c6e02,"Bia Kicis nega ter destinado emendas para filme sobre Bolsonaro — Deputada afirmou ter recebido representação de Tabata Amaral e Pastor Henrique Vieira no STF com ""estranhamento"".",1,NOTICIA_REAL,noticias_reais,CONGRESSO_EM_FOCO,titulo_resumo,179,2026-05-15,https://www.congressoemfoco.com.br/noticia/118921/bia-kicis-nega-ter-destinado-emendas-para-filme-sobre-bolsonaro
39bee3b2-fa25-4e05-a970-fff6bf7d4257,Daniel Vorcaro delatou à Polícia Federal participação de Lulinha e de Moraes em atentado a Bolsonaro,0,FALSO,google_factcheck,DESCONHECIDA,afirmacao_checada,100,2026-04-30,https://checamos.afp.com/doc.afp.com.A9HU89E
ce4347a1-1c03-49ba-b550-ca383e588935,Joaquim Barbosa se filia ao DC e deve disputar a Presidência da República,1,NOTICIA_REAL,noticias_reais,G1_POLITICA,titulo,73,2026-05-16,https://g1.globo.com/politica/noticia/2026/05/16/joaquim-barbosa-se-filia-ao-dc-e-deve-disputar-a-presidencia-da-republica.ghtml
731092c0-0975-446b-ae4c-e95d2aabe422,"Nós queremos uma cidade onde não se aceite como natural que 500 mil pessoas passem fome na própria cidade do Rio de Janeiro enquanto o prefeito gasta mais dinheiro em publicidade do que no enfrentamento à fome, como foi em 2023.",1,GFC_VERDADEIRO,google_factcheck,AOS_FATOS,afirmacao_checada,228,2024-10-04,https://www.aosfatos.org/noticias/checamos-debate-globo-prefeitura-rio-de-janeiro/
1ec054c3-8b56-4ca7-aa06-62f0d893e132,A PEC que amplia o número de cadeiras no STF é de autoria de Luiza Erundina e tem apoio de 40 deputados do PT,0,FORA_DE_CONTEXTO,google_factcheck,AFP_CHECAMOS,afirmacao_checada,109,2022-10-18,https://checamos.afp.com/doc.afp.com.32LN8T2
80e9e254-80c4-4d08-8dc8-4629f5b448cd,Lula recebe credenciais de sete novos embaixadores,1,NOTICIA_REAL,noticias_reais,AGENCIA_BRASIL,titulo,50,2026-05-06,https://agenciabrasil.ebc.com.br/politica/noticia/2026-05/lula-recebe-credenciais-de-sete-novos-embaixadores
98c19206-a82f-49c8-8cf3-5e9bf80436ca,Kakay diz que decisão de deixar defesa de Ciro Nogueira foi 'de comum acordo',1,NOTICIA_REAL,noticias_reais,G1_POLITICA,titulo,77,2026-05-11,https://g1.globo.com/politica/blog/andreia-sadi/post/2026/05/11/advogados-ciro-nogueira-saida-kakay.ghtml
3029bf0c-7130-44f7-acba-73765b89c02a,"Marina condiciona candidatura ao Senado: ""Está entre mim e Márcio França' — Ex-ministra do Meio Ambiente de Lula, Marina Silva disputa com Márcio França, ex-ministro do Empreendedorismo, a escolha pela segunda vaga na candidatura ao Senado por São Paulo",1,NOTICIA_REAL,noticias_reais,CORREIO_BRAZILIENSE,titulo_resumo,253,2026-05-16,https://www.correiobraziliense.com.br/politica/2026/05/7421424-marina-condiciona-candidatura-ao-senado-esta-entre-mim-e-marcio-franca.html
097a9979-ee18-4178-8354-12811cd9ed63,"Como ditadura teria assassinado Juscelino Kubitschek, segundo comissão — Relatório da Comissão Sobre Mortos e Desaparecidos Políticos conclui que o ex-presidente Juscelino Kubitschek foi assassinado, excluindo a teoria do acidente de automóvel sofrido por ele há 50 anos.",1,NOTICIA_REAL,noticias_reais,BBC_BRASIL,titulo_resumo,271,2026-05-12,https://www.bbc.com/portuguese/articles/c4g4kx2v17ko?at_medium=RSS&at_campaign=rss
9f368e2b-8726-42a6-b42d-a7d7de84158a,"Vídeo mostra trecho de um comentário da analista política Clarissa Oliveira, da CNN, em transmissão da emissora. O post aplica acima do vídeo o texto: “Governo Lula vai oferecer comida vencida para deixar os alimentos mais baratos”. Há a marca d’água “JMNotícias” sobreposto à imagem e na descrição do post está escrito “#patriotas”.",0,ENGANOSO,google_factcheck,FOLHA_-_UOL,afirmacao_checada,333,2025-02-04,https://www1.folha.uol.com.br/mercado/2025/02/tirado-de-contexto-video-engana-ao-dizer-que-governo-lula-quer-dar-comida-estragada-para-a-populacao.shtml
f2855bbe-e7da-4929-91e6-124adae6ec2d,Presidente do Paraguai preferiu se encontrar com Tarcísio de Freitas do com o presidente Lula,0,FALSO,google_factcheck,AOS_FATOS,afirmacao_checada,93,2023-08-16,https://www.aosfatos.org/noticias/falso-presidente-do-paraguai-ignorou-lula/
3a16c067-be35-4b7c-a54f-39a1a5e08558,Gleisi Hoffmann previu derrota do PT em áudio gravado após primeiro debate de 2022,0,FALSO,google_factcheck,AFP_CHECAMOS,afirmacao_checada,82,2022-09-10,https://checamos.afp.com/doc.afp.com.32J34VY
53b8d66f-6747-4672-8707-a20a39dcdcb7,"Flávio Bolsonaro faz aceno a Tarcísio e cita troca de delegado da PF e endividamento — O senador e pré-candidato à Presidência da República Flávio Bolsonaro (PL) chamou o governador do Estado de São Paulo e pré-candidato à reeleição Tarcísio de Freitas (Republicanos) de ""meu amigo"" em discurso neste sábado, 16.",1,NOTICIA_REAL,noticias_reais,UOL_NOTICIAS,titulo_resumo,312,,https://noticias.uol.com.br/ultimas-noticias/agencia-estado/2026/05/16/flavio-bolsonaro-faz-aceno-a-tarcisio-e-cita-troca-de-delegado-da-pf-e-endividamento.htm
d116eb29-fb80-43fb-8416-023525820645,Lula reage na busca por reeleição com pacote de benesses e vê caso Master acuar adversários,1,NOTICIA_REAL,noticias_reais,UOL_NOTICIAS,titulo,91,,https://www1.folha.uol.com.br/poder/2026/05/lula-reage-na-busca-por-reeleicao-com-pacote-de-benesses-e-ve-caso-master-acuar-adversarios.shtml
c4aacf94-ebcd-443f-a9c9-e4f746a0a421,"Nós temos um prazo para fazer isso, que é 2029, que é quando começa a transição da reforma tributária. Porque aí o ISS vai deixar de existir e vai se juntar com o ICMS e construir o IVA dual, que vai ser um imposto novo, que vai juntar os dois.",1,GFC_VERDADEIRO,google_factcheck,AOS_FATOS,afirmacao_checada,244,2024-10-24,https://www.aosfatos.org/noticias/checamos-boulos-inteligencia-ltda-segundo-turno/
6c2d1643-128b-41af-8ac4-dfcc16404719,"Protocolo composto por vitaminas C e D, própolis e Broncho-Vaxom é indicado para dengue",0,FALSO,google_factcheck,AOS_FATOS,afirmacao_checada,87,2024-02-20,https://www.aosfatos.org/noticias/propolis-vitamina-c-d-dengue-sem-evidencias/
761552e1-3c6e-4183-a0e8-24dc90448e4e,Policiais são feitos de reféns por terroristas do MST,0,ENGANOSO,google_factcheck,ESTADÃO,afirmacao_checada,53,,https://www.estadao.com.br/estadao-verifica/policiais-foram-expulsos-pelo-mst-de-protesto-em-rodovia-no-pr-e-nao-feitos-refens/
0f8c08c8-bd4b-4217-8381-aae7bf7d937a,"Após áudio de Flávio, Lindbergh pede que STF determine instalação da CPI do Master — O deputado federal Lindbergh Farias ( PT -RJ) acionou o Supremo Tribunal Federal ( STF ) para que a Corte determine a instalação da CPMI do Master imediatamente. Na peça, o petista cita o áudio entre Flávio Bolsonaro ( PL -RJ) e Daniel Vorcaro . Leia mais (05/15/2026 - 13h16)",1,NOTICIA_REAL,noticias_reais,FOLHA_PODER,titulo_resumo,361,2026-05-15,https://redir.folha.com.br/redir/online/poder/rss091/*https://www1.folha.uol.com.br/colunas/painel/2026/05/apos-audio-de-flavio-lindbergh-pede-que-stf-determine-instalacao-da-cpi-do-master.shtml
fd879b44-e12f-4072-962a-f9ca85b1e704,Nikolas ironiza Lula após fim da taxa das blusinhas — Deputado publicou vídeo durante posse de Nunes Marques no TSE e afirmou que petista está “empenhado para ganhar votos”,1,NOTICIA_REAL,noticias_reais,PODER360,titulo_resumo,172,2026-05-13,https://www.poder360.com.br/poder-congresso/nikolas-ironiza-fim-da-taxa-das-blusinhas-e-diz-que-mp-e-eleitoral/
00f54ca0-9791-4df0-8bf6-e31418790455,"Erika Hilton será ministra da mulher, família e direitos humanos do governo Lula",0,FALSO,google_factcheck,AFP_CHECAMOS,afirmacao_checada,80,2024-10-08,https://checamos.afp.com/doc.afp.com.36JM77X
fe3f2636-cf0c-4620-ba38-5577c0212f59,Câmara inicia análise de projeto sobre exploração de minerais críticos,1,NOTICIA_REAL,noticias_reais,AGENCIA_BRASIL,titulo,70,2026-05-06,https://agenciabrasil.ebc.com.br/politica/noticia/2026-05/camara-inicia-analise-de-projeto-sobre-exploracao-de-minerais-criticos
e79893ba-73c0-44d5-b176-0c6fa3393d23,O benefício para indenizar quem teve seus dados vazados já está ativo,0,FALSO,google_factcheck,AFP_CHECAMOS,afirmacao_checada,69,2025-02-27,https://checamos.afp.com/doc.afp.com.36YP2NJ
2a3652b9-520d-42a1-a467-80b32fde2732,"Não se iludam, bolsonaristas: post de Trump não vai dar em nada — Polêmica de Trump em defesa de Bolsonaro recebe reação dura de Lula, mas para bolsonaristas deixa a ilusão de ""mais 72h"" (de novo)",1,NOTICIA_REAL,noticias_reais,METROPOLES,titulo_resumo,196,2025-07-08,https://www.metropoles.com/blog-do-noblat/nao-se-iludam-bolsonaristas-post-de-trump-nao-vai-dar-em-nada
2b892177-02c6-4ca2-9448-b4004b73a90d,Lula renomeia Nestor Cerveró para cargo de direção na Petrobras,0,FALSO,google_factcheck,AFP_CHECAMOS,afirmacao_checada,63,2023-06-02,https://checamos.afp.com/doc.afp.com.33GU9RW
64981581-c010-460d-bef2-89da1ba31719,"Pilili, mascote da urna eletrônica, faz o L de Lula",0,FALSO,google_factcheck,UOL_NOTÍCIAS,afirmacao_checada,51,,https://noticias.uol.com.br/confere/ultimas-noticias/2026/05/08/falso-mascote-tse-fez-o-l.ghtm
d4345de6-ce5f-4976-ba93-b3d050f6b537,Lula recebe Michelle Bachelet nesta segunda em meio à disputa pelo comando da ONU,1,NOTICIA_REAL,noticias_reais,G1_POLITICA,titulo,81,2026-05-11,https://g1.globo.com/politica/noticia/2026/05/11/lula-recebe-ex-presidente-do-chile-michelle-bachelet-em-meio-a-disputa-pelo-comando-da-onu.ghtml
f6c8de05-1c77-4d04-88d9-787ea5bdf867,PF revelou dossiê contra Nikolas Ferreira e irmão de Bolsonaro,0,FALSO,google_factcheck,AOS_FATOS,afirmacao_checada,62,2025-12-09,https://www.aosfatos.org/noticias/posts-inventam-pf-revelou-dossie-contra-nikolas-ferreira-irmao-bolsonaro/
88ab940e-f3b6-417e-baec-6ed3a3779fd5,"Eu não aumento, a Petrobras é obrigada a aumentar o preço [dos combustíveis], porque ela tem que seguir a legislação.",0,FALSO,google_factcheck,UOL_NOTÍCIAS,afirmacao_checada,117,2021-10-28,https://noticias.uol.com.br/confere/ultimas-noticias/2021/10/28/live-bolsonaro-checagem-preco-gasolina-empregos.htm
3b58b387-5e55-4264-95cd-f4498b5419f0,Entenda como funcionaria Maria da Penha Digital proposta por Sâmia — Texto estabelece um marco jurídico para combater violência de gênero praticada em ambientes digitais.,1,NOTICIA_REAL,noticias_reais,CONGRESSO_EM_FOCO,titulo_resumo,170,2026-05-11,https://www.congressoemfoco.com.br/noticia/118756/entenda-como-funcionaria-maria-da-penha-digital-proposta-por-samia
3d264b81-20d2-4098-8b36-1c9cdf8d1c48,Trem colide com ônibus e mata 8 pessoas em Bangkok — Acidente na capital da Tailândia envolveu múltiplos veículos e deixou 25 feridos,1,NOTICIA_REAL,noticias_reais,PODER360,titulo_resumo,133,2026-05-16,https://www.poder360.com.br/poder-internacional/trem-colide-com-onibus-e-mata-8-pessoas-em-bangkok/
3ba97881-189e-48c4-838a-db0361e9eea0,“URGENTE! LULA COM DOENÇA GRAVE - CH0R0 NA SEDE DO PT! FIM DA CANDIDATURA DO PETISTA!”.,0,FALSO,google_factcheck,BOATOS.ORG,afirmacao_checada,87,2022-09-02,https://www.boatos.org/politica/lula-esta-com-doenca-grave-ha-choro-na-sede-pt-e-o-fim-da-candidatura.html
3daf8379-4cf8-4120-af9d-e056ab315936,Globo excluiu vídeo que mostra Gilmar Mendes criticando o PT,0,FALSO,google_factcheck,AFP_CHECAMOS,afirmacao_checada,60,2022-08-30,https://checamos.afp.com/doc.afp.com.32HC8D2
03254d44-32ba-41aa-ba38-e3bedfe96344,Míriam Leitão: Vorcaro não falou sobre financiamento de filme de Bolsonaro em delação,1,NOTICIA_REAL,noticias_reais,G1_POLITICA,titulo,85,2026-05-14,https://g1.globo.com/bom-dia-brasil/noticia/2026/05/14/miriam-leitao-vorcaro-nao-falou-sobre-financiamento-de-filme-de-bolsonaro-em-delacao.ghtml
fafe9bdb-f76e-4c9c-901b-147f0ffab0cd,Vacina da Pfizer contém o vírus SV40 causador de câncer,0,ENGANOSO,google_factcheck,ESTADÃO,afirmacao_checada,55,,https://www.estadao.com.br/estadao-verifica/vacina-pfizer-sv40-cancer-enganoso/
6fd6daa9-3bb9-4faf-9616-0a6303ae9e5c,"Fundo de advogado de Eduardo Bolsonaro comprou casa em estado onde vive o deputado — Imóvel custou R$ 3,6 milhões de reais e foi comprado por fundo de advogado vinculado aos R$ 61 milhões pagos por Daniel Vorcaro para bancar filme sobre Jair Bolsonaro",1,NOTICIA_REAL,noticias_reais,CORREIO_BRAZILIENSE,titulo_resumo,251,2026-05-16,https://www.correiobraziliense.com.br/politica/2026/05/7421127-fundo-de-advogado-de-eduardo-bolsonaro-comprou-casa-em-estado-onde-vive-o-deputado.html
12b6afb4-662a-4edb-82b3-eefa7a2c338a,"Em áudio | Por que as pessoas estão abandonando os fones de ouvido sem fio? — Para muitos, fones de ouvido com fio estavam com os dias contados depois que novos celulares aboliram a entrada para o cabo; mas por que estão voltando?",1,NOTICIA_REAL,noticias_reais,BBC_BRASIL,titulo_resumo,230,2026-05-04,https://www.bbc.com/portuguese/articles/cm2pegxw847o?at_medium=RSS&at_campaign=rss
022a5362-f3c9-48ae-beae-65f784319c83,"Contrariando o DC, Aldo Rebelo afirma que pré-candidatura está mantida — Mais cedo, o próprio presidente do partido já havia confirmado que o recém-filiado Joaquim Barbosa concorrerá ao Planalto",1,NOTICIA_REAL,noticias_reais,CORREIO_BRAZILIENSE,titulo_resumo,194,2026-05-16,https://www.correiobraziliense.com.br/politica/2026/05/7421376-contrariando-o-dc-aldo-rabelo-afirma-que-pre-candidatura-esta-mantida.html
a4edc770-f302-46e4-9f5a-07471a5d8bb1,Etchegoyen disse que o resultado das eleições de 2022 foi manipulado,0,FALSO,google_factcheck,AOS_FATOS,afirmacao_checada,68,2023-07-05,https://www.aosfatos.org/noticias/falso-etchegoyen-resultado-manipulado-eleicoes-2022/
6e999e9e-ec49-4a5f-8217-378467fa00c9,De volta ao mapa da fome: Brasil despenca para 87º lugar em ranking do FMI,0,ENGANOSO,google_factcheck,AFP_CHECAMOS,afirmacao_checada,74,2025-08-08,https://checamos.afp.com/doc.afp.com.694Q4G3
db3c8ff7-52c9-47f4-ac58-b688f5552c81,"Dino abre processo para apurar uso de emendas em filme sobre Bolsonaro — Ordem do ministro do STF, ainda em caráter preliminar e com sigilo, tem como base pedidos de parlamentares",1,NOTICIA_REAL,noticias_reais,CORREIO_BRAZILIENSE,titulo_resumo,179,2026-05-16,https://www.correiobraziliense.com.br/politica/2026/05/7421043-dino-abre-processo-para-apurar-uso-de-emendas-em-filme-sobre-bolsonaro.html
820076e8-bb61-46eb-a5f3-ac34ac0425df,Mpox é um efeito colateral da vacina contra a covid-19,0,FALSO,google_factcheck,ESTADÃO,afirmacao_checada,54,,https://www.estadao.com.br/estadao-verifica/mpox-reacao-adversa-vacina-covid-falso/
bb454693-5dd3-41f7-b1a0-69976993a333,PT elegeu apenas 46 prefeitos na eleição municipal de 2024,0,FALSO,google_factcheck,AOS_FATOS,afirmacao_checada,58,2024-10-07,https://www.aosfatos.org/noticias/pt-elegeu-248-prefeitos-nao-46/
ae00f264-7fc8-41e0-beda-01488f41c8e2,"Helio Lopes quer zerar imposto na importação de armas para militares — Texto beneficia militares da ativa e da reserva, além de policiais e guardas municipais na compra de armas importadas.",1,NOTICIA_REAL,noticias_reais,CONGRESSO_EM_FOCO,titulo_resumo,189,2026-05-11,https://www.congressoemfoco.com.br/noticia/118755/helio-lopes-quer-zerar-imposto-na-importacao-de-armas-para-militares
e9c1ef86-b8c0-4f3f-971e-6c9540afbf21,"Entidades da sociedade civil discutem código de conduta dos tribunais com Fachin — Nove entidades da sociedade civil se reúnem na próxima quarta-feira (20) com o presidente do STF (Supremo Tribunal Federal), ministro Edson Fachin , para tratar do código de conduta para ministros de tribunais superiores. Leia mais (05/14/2026 - 17h30)",1,NOTICIA_REAL,noticias_reais,FOLHA_PODER,titulo_resumo,335,2026-05-14,https://redir.folha.com.br/redir/online/poder/rss091/*https://www1.folha.uol.com.br/colunas/painel/2026/05/entidades-da-sociedade-civil-discutem-codigo-de-conduta-dos-tribunais-com-fachin.shtml
42c37f77-a46f-4171-a967-1d56b31bd1d2,Congresso instala comissão sobre MP que eleva piso dos professores e muda cálculo para reajustes,1,NOTICIA_REAL,noticias_reais,G1_POLITICA,titulo,96,2026-05-12,https://g1.globo.com/politica/noticia/2026/05/12/congresso-instala-comissao-sobre-mp-que-eleva-piso-dos-professores-e-muda-calculo-para-reajustes.ghtml
e6f003d2-7a41-4734-b3b5-cdddfe7051ca,"Oposição diz que pesquisa reflete 'máquina pública a favor' de Lula, mas vê limite em melhora — Lideranças bolsonaristas interpretam que a recuperação do presidente Luiz Inácio Lula da Silva (PT) na pesquisa Quaest divulgada nesta quarta-feira (13), ainda que tímida, é o primeiro sinal do poder da máquina pública a favor do petista. Leia mais (05/13/2026 - 18h10)",1,NOTICIA_REAL,noticias_reais,FOLHA_PODER,titulo_resumo,365,2026-05-13,https://redir.folha.com.br/redir/online/poder/rss091/*https://www1.folha.uol.com.br/blogs/brasilia-hoje/2026/05/oposicao-diz-que-pesquisa-reflete-maquina-publica-a-favor-de-lula-mas-ve-limite-em-melhora.shtml
929118ac-d16d-4b40-91a4-628c5b7ef7cf,"Erika Hilton vai ser ministra da Mulher, Família e Direitos Humanos no Governo Lula",0,FALSO,google_factcheck,UOL_NOTÍCIAS,afirmacao_checada,83,2022-10-10,https://noticias.uol.com.br/confere/ultimas-noticias/2022/10/10/e-falso-que-erika-hilton-foi-convidada-para-ser-ministra-de-lula.htm
6d4db278-d818-4026-a5ff-1c1bda40c8ab,Moraes vota para tornar policiais réus por obstruir caso Marielle — Ex-chefe da Polícia Civil do RJ e outros dois agentes são julgados no STF por desviar investigações e proteger milicianos,1,NOTICIA_REAL,noticias_reais,CORREIO_BRAZILIENSE,titulo_resumo,189,2026-05-15,https://www.correiobraziliense.com.br/politica/2026/05/7420555-moraes-vota-para-tornar-policiais-reus-por-obstruir-caso-marielle.html
5640fe0a-cd28-4152-971d-b05d18e69006,Vídeo mostra Gilmar Mendes sendo hostilizado em voo de volta de Londres em abril de 2024,0,FALSO,google_factcheck,AOS_FATOS,afirmacao_checada,88,2024-04-30,https://www.aosfatos.org/noticias/2018-video-gilmar-mendes-hostilizado-voo/
e35d618e-2c49-44e4-9b71-53480f65cd78,Lula diz que pobre tem que trabalhar porque se estudar ele parar de votar.,0,ENGANOSO,google_factcheck,ESTADÃO,afirmacao_checada,74,,https://www.estadao.com.br/estadao-verifica/posts-distorcem-fala-lula-politicos-cuidarem-de-pobres/
55787587-8fc1-4cef-b5c3-8f36c4f618b2,Salário mínimo não vai acompanhar inflação. Vai ficar abaixo,0,ENGANOSO,google_factcheck,UOL_NOTÍCIAS,afirmacao_checada,60,,https://noticias.uol.com.br/comprova/ultimas-noticias/2024/08/29/entenda-discussao-sobre-reajuste-do-salario-minimo-acima-da-inflacao.htm
7ca5bc1b-5c00-484e-9ce1-c39ba089174f,"Lula confirma que Bolsonaro deixou Presidência com R$ 1,45 trilhão em reservas internacionais",0,FALSO,google_factcheck,AOS_FATOS,afirmacao_checada,93,2023-11-13,https://www.aosfatos.org/noticias/falso-lula-2018-brasil-reservas/
de0767ba-a647-413c-937e-323eb6d2312e,Trump concedeu passaporte diplomático para Bolsonaro,0,FALSO,google_factcheck,ESTADÃO,afirmacao_checada,52,,https://www.estadao.com.br/estadao-verifica/trump-passaporte-diplomatico-bolsonaro-falso/
539df7d7-afc3-4507-b98a-542feb493329,Urgente acontecendo em Portugal! Lula é expulso e jogado pra fora com chuva de ovos!,0,FALSO,google_factcheck,UOL_NOTÍCIAS,afirmacao_checada,84,,https://noticias.uol.com.br/confere/ultimas-noticias/2026/04/24/falso-video-lula-ovada-expulso-portugal.ghtm
b9d1e2dd-9632-4767-bacc-c40332464fd8,A inflação dos alimentos tá em 15%,1,GFC_VERDADEIRO,google_factcheck,AOS_FATOS,afirmacao_checada,34,2022-08-15,https://www.aosfatos.org/noticias/checamos-ciro-gomes-roda-viva/
6464d902-579c-4f71-80b2-5f4bfd6bd534,Fonte militar de Brasília (do governo) garante que houve fraude e que haverá intervenção após 2º turno das eleições,0,FALSO,google_factcheck,BOATOS.ORG,afirmacao_checada,115,2022-10-09,https://www.boatos.org/politica/fonte-militar-brasilia-governo-garante-houve-fraude-e-havera-intervencao-apos-2-turno-eleicoes.html
f037006e-0b84-471d-9243-7528f57c7592,"Turbinada sob Castro, cidade de pré-candidato bolsonarista no RJ espera verba acertada com Paes",1,NOTICIA_REAL,noticias_reais,FOLHA_PODER,titulo,95,2026-05-16,https://redir.folha.com.br/redir/online/poder/rss091/*https://www1.folha.uol.com.br/poder/2026/05/turbinada-sob-castro-cidade-de-pre-candidato-bolsonarista-no-rj-espera-verba-acertada-com-paes.shtml
9abe160e-34dc-4ce6-8fef-da6213692c6a,"'Nefasta à democracia brasileira', diz líder do governo sobre PEC da Anistia",1,NOTICIA_REAL,noticias_reais,G1_POLITICA,titulo,76,2026-05-11,https://g1.globo.com/politica/blog/andreia-sadi/post/2026/05/11/jaques-wagner-entrevista-estudio-i.ghtml
5de6a1f6-0b39-446c-adc7-6dd16cea5f60,"Lula pede mapeamento de cargos para retaliação, mas afaga Alcolumbre após derrotas no Congresso",1,NOTICIA_REAL,noticias_reais,UOL_NOTICIAS,titulo,95,,https://www1.folha.uol.com.br/poder/2026/05/lula-pede-mapeamento-de-cargos-para-retaliacao-mas-afaga-alcolumbre-apos-derrotas-no-congresso.shtml
072d57c5-fbe3-4b73-a163-e7be2491bc21,"Líder do governo no Senado, Jaques Wagner propõe adiar eleições de 2026",0,ENGANOSO,google_factcheck,ESTADÃO,afirmacao_checada,71,,https://www.estadao.com.br/estadao-verifica/jaques-wagner-propoe-adiar-eleicao-2026-enganoso/
0a09e27a-4b27-47c8-8229-2b25a7271ea5,"Alckmin diz que por motivos financeiros especificos, a taxação do pix é algo extremamente necessário para o crescimento economico brasileiro",0,FALSO,google_factcheck,BOATOS.ORG,afirmacao_checada,140,2022-11-04,https://www.boatos.org/politica/alckmin-diz-taxacao-do-pix-e-algo-extremamente-necessario.html
7c9f274c-4eab-422b-be40-eb4300791c2f,"ÍNDIOS CAMBADAS DE PILANTRAS. BEM FORTÃO, MUSCULOSOS. BEM ALIMENTADOS ANDANDO DE JET-SKI. TEM É QUE DÁ MERDA PARA ESSES VAGABUNDOS QUE VIVE AS CUSTAS DO NOSSO DINHEIRO DADO PELO GOVERNO FEDERAL PARA TOMAREM TERRAS DE QUEM QUER TRABALHAR.",0,FALSO,google_factcheck,BOATOS.ORG,afirmacao_checada,237,2024-01-28,https://www.boatos.org/brasil/funai-deu-jet-ski-para-indio-andar-na-aldeia.html
a3187e0e-1733-4e5e-96cc-78170b8b6080,"Lula reage na busca por reeleição com pacote de benesses e vê caso Master acuar adversários — O presidente Lula (PT) reagiu em sua pré-campanha à reeleição depois de passar meses com um discurso ameno diante de adversários e desofrer uma derrota histórica com a rejeição, pelo Senado , da nomeação de Jorge Messias para uma vaga no STF (Supremo Tribunal Federal). Leia mais (05/16/2026 - 23h00)",1,NOTICIA_REAL,noticias_reais,FOLHA_PODER,titulo_resumo,394,2026-05-16,https://redir.folha.com.br/redir/online/poder/rss091/*https://www1.folha.uol.com.br/poder/2026/05/lula-reage-na-busca-por-reeleicao-com-pacote-de-benesses-e-ve-caso-master-acuar-adversarios.shtml
c7a164b0-a575-4145-8f73-12e1899a2b68,Vitaminas são capazes de prevenir e ivermectina de tratar a infecção pelo vírus Nipah,0,FALSO,google_factcheck,AOS_FATOS,afirmacao_checada,85,2026-01-29,https://www.aosfatos.org/noticias/em-video-medico-mente-sobre-o-virus-nipah-e-as-vacinas-contra-a-covid-19/
c496ab11-9ee6-4d9e-bf1f-82ab7eb228e8,Alexandre de Moraes deu 48 horas para Lady Gaga explicar o suposto apoio ao Bolsonaro em show no Brasil,0,FALSO,google_factcheck,UOL_NOTÍCIAS,afirmacao_checada,103,,https://noticias.uol.com.br/confere/ultimas-noticias/2025/05/18/lady-gaga-bolsonaro-moraes.htm
bc5c5b45-87fe-4dfa-8374-d22631e4e08a,"Lula é rejeitado por 47% e Flávio, por 43%, diz Datafolha — Pesquisa foi feita de 12 a 13 de maio; no último dia de campo do levantamento, foi divulgado um áudio de Flávio pedindo dinheiro a Daniel Vorcaro para o filme que conta a história de seu pai",1,NOTICIA_REAL,noticias_reais,PODER360,titulo_resumo,250,2026-05-16,https://www.poder360.com.br/poder-eleicoes/lula-e-rejeitado-por-47-e-flavio-por-43-diz-datafolha/
bc02d99f-0d7a-4475-ad16-aa5f135b38fa,"Após derrota de Boulos, militantes do MST começam série de invasões na Grande São Paulo",0,ENGANOSO,google_factcheck,UOL_NOTÍCIAS,afirmacao_checada,87,,https://noticias.uol.com.br/comprova/ultimas-noticias/2024/11/01/ocupacoes-em-sao-paulo-nao-tiveram-relacao-com-resultado-das-eleicoes.htm
0d5e3741-2aff-4c5b-afaf-486bdfc4f06e,"Motorista de Uber vai pagar 26,5% de imposto em 2026",0,ENGANOSO,google_factcheck,AFP_CHECAMOS,afirmacao_checada,52,2026-01-13,https://checamos.afp.com/doc.afp.com.92KN79F
43b282bb-1ae6-43aa-b178-4a89b165a360,"Bannon diz que filme com Bolsonaro será sequência de 'A Paixão de Cristo' e prevê sucesso estrondoso — O estrategista conservador norte-americano Steve Bannon tem dito a pessoas próximas que o filme ""Dark Horse"" (azarão) , sobre a vida de Jair Bolsonaro , será uma espécie de sequência de ""A Paixão de Cristo"". Leia mais (05/14/2026 - 12h44)",1,NOTICIA_REAL,noticias_reais,FOLHA_PODER,titulo_resumo,341,2026-05-14,https://redir.folha.com.br/redir/online/poder/rss091/*https://www1.folha.uol.com.br/colunas/painel/2026/05/bannon-diz-que-filme-com-bolsonaro-sera-sequencia-de-a-paixao-de-cristo.shtml
0f2314e8-c945-4c28-8e7d-5d29a7a27cde,Lula disse que Brasil vai defender Cuba em caso de invasão norte-americana,0,ENGANOSO,google_factcheck,AFP_CHECAMOS,afirmacao_checada,74,2026-04-28,https://checamos.afp.com/doc.afp.com.A9A769E
263385d2-43a9-49d1-b143-9cf9f55e37d9,"A vacina da dengue é transgênica, altera o DNA e causa câncer",0,FALSO,google_factcheck,UOL_NOTÍCIAS,afirmacao_checada,61,,https://noticias.uol.com.br/confere/ultimas-noticias/2024/02/07/falso-drauzio-varella-vacina-dengue-transgenica.htm
e90506cb-45ec-4854-8a20-009416ac2d9a,"""Fui ao Plenário das Nações Unidas receber o prêmio mundial de combate a mortalidade infantil""",1,GFC_VERDADEIRO,google_factcheck,UOL_NOTÍCIAS,afirmacao_checada,94,2022-09-25,https://noticias.uol.com.br/confere/ultimas-noticias/2022/09/24/no-sbt-ciro-cita-premio-que-recebeu-por-politica-criada-por-tasso.htm
d72e1f0e-30ab-4b45-9f49-d216355d2bbc,Ministro Flávio Dino criticou sistema eleitoral do país no passado. Só vale contra Bolsonaro?,1,GFC_VERDADEIRO,google_factcheck,PROJETO_COMPROVA,afirmacao_checada,93,2023-07-13,https://projetocomprova.com.br/publica%C3%A7%C3%B5es/tuites-antigos-de-flavio-dino-com-criticas-ao-sistema-eleitoral-sao-verdadeiros-entenda-o-contexto/
ffebe05b-c9a8-4daa-a6e4-3b8346679cab,É #FAKE que Lula disse que 'vai embora para Cuba' se Flávio Bolsonaro vencer eleições,1,NOTICIA_REAL,noticias_reais,G1_POLITICA,titulo,85,2026-05-06,https://g1.globo.com/fato-ou-fake/noticia/2026/05/06/e-fake-que-lula-disse-que-vai-embora-para-cuba-se-flavio-bolsonaro-vencer-eleicoes.ghtml
0bb4be23-8306-4687-b00b-69e6e443966c,"Prerrogativas fala em possível financiamento político clandestino e aciona PGR e PF — O grupo Prerrogativas, alinhado ao presidente Lula (PT), acionou a PGR (Procuradoria Geral da República) e a PF ( Polícia Federal ) pedindo abertura de investigação para rastrear o dinheiro arrecadado para financiar o filme que conta a história de Jair Bolsonaro . Leia mais (05/15/2026 - 14h00)",1,NOTICIA_REAL,noticias_reais,FOLHA_PODER,titulo_resumo,381,2026-05-15,https://redir.folha.com.br/redir/online/poder/rss091/*https://www1.folha.uol.com.br/colunas/painel/2026/05/prerrogativas-fala-em-possivel-financiamento-politico-clandestino-e-aciona-pgr-e-pf.shtml
2f80dbdf-8c80-47ce-993e-ce1018b4857f,STF suspende todas as prisões de Bolsonaro e ele está elegível novamente,0,FALSO,google_factcheck,ESTADÃO,afirmacao_checada,72,,https://www.estadao.com.br/estadao-verifica/falso-stf-suspendeu-prisao-bolsonaro-elegivel/
ca29dad0-0a7f-49c4-9a63-09c3c0f1ad61,Jair Bolsonaro aparece em vídeo da campanha de Donald Trump em 2024,0,FALSO,google_factcheck,AFP_CHECAMOS,afirmacao_checada,67,2024-03-13,https://checamos.afp.com/doc.afp.com.34LJ66D
e0d0c593-4c29-4fa0-bf94-c18cdd493373,"Joaquim Barbosa se filia ao partido DC, que pretende lançá-lo à Presidência — O ex-ministro do STF Joaquim Barbosa filiou-se no início de abril ao partido DC (Democracia Cristã). A legenda pretende lançá-lo candidato a presidente da República. Leia mais (05/15/2026 - 19h51)",1,NOTICIA_REAL,noticias_reais,FOLHA_PODER,titulo_resumo,274,2026-05-15,https://redir.folha.com.br/redir/online/poder/rss091/*https://www1.folha.uol.com.br/colunas/painel/2026/05/joaquim-barbosa-se-filia-ao-partido-dc-que-pretende-lanca-lo-a-presidencia.shtml
d54d9471-7499-49f1-a4c1-209c1f688822,Resolução da Câmara suspendeu investigação do STF contra Bolsonaro,0,FALSO,google_factcheck,AOS_FATOS,afirmacao_checada,66,2025-05-27,https://www.aosfatos.org/noticias/resolucao-da-camara-nao-suspendeu-investigacao-do-stf-contra-bolsonaro/
f2fb530a-1cad-444b-ad9e-179d9e57cec2,"Lá na Europa não tem comida mais, não. Na Europa, as gôndolas estão vazias. O Reino Unido tá um desespero. Por quê? Trancaram a população. Foram lockdowns severos. Meses e meses da população trancada, a conta chegou.",0,FALSO,google_factcheck,UOL_NOTÍCIAS,afirmacao_checada,216,2021-10-19,https://noticias.uol.com.br/confere/ultimas-noticias/2021/10/19/mentira-sobre-desabastecimento-na-europa-vira-argumento-pro-bolsonaro.htm
caff0aef-4b40-4ddd-9935-d3e93a43c1a9,"O que que o Lula fez no final do ano passado? Teve aqui reunião do G20, [ele] assinou 37 memorandos e acordos com a China. Entre esses acordos, entregou o nosso urânio para a China.",0,FALSO,google_factcheck,AOS_FATOS,afirmacao_checada,181,2025-03-26,https://www.aosfatos.org/noticias/apos-se-tornar-reu-bolsonaro-mente-sobre-8-de-janeiro-e-eleicoes/
316852cf-4937-4f2a-ab51-81bea3376d8c,Movimentações financeiras acima de R$ 5 mil pagam IR,0,ENGANOSO,google_factcheck,DESCONHECIDA,afirmacao_checada,52,,https://www.estadao.com.br/estadao-verifica/nova-regra-2026-imposto-renda-pix-275/
507c583d-5fd6-4bbd-9408-1fc38078a44e,Flávio Bolsonaro admite que mentiu sobre relação com Vorcaro e alega acordo de confidencialidade: 'Não tem mais como negar',1,NOTICIA_REAL,noticias_reais,G1_POLITICA,titulo,123,2026-05-14,https://g1.globo.com/politica/blog/julia-duailibi/post/2026/05/14/flavio-bolsonaro-contrato-confi.ghtml
8c4a1233-d7a1-4d8c-be1c-21cb9e038175,Ministro do Supremo Tribunal Federal (STF) Gilmar Mendes nunca teve registro na Ordem dos Advogados do Brasil (OAB),0,FALSO,google_factcheck,ESTADÃO,afirmacao_checada,115,,https://www.estadao.com.br/estadao-verifica/gilmar-mendes-registro-oab-advogado-falso/
982e80ab-3e96-40b2-9140-69d5b79cd183,PT publica foto com duplicações em ato em Salvador,1,GFC_VERDADEIRO,google_factcheck,UOL_NOTÍCIAS,afirmacao_checada,50,2022-07-11,https://noticias.uol.com.br/confere/ultimas-noticias/2022/07/11/pt-admite-duplicacao-em-foto-de-ato-no-dois-de-julho-por-erro-tecnico.htm
3bdac3fe-60ba-4cb4-9463-10146654db8f,Lula acumula recuos após desgaste político no 3º mandato — Governo voltou atrás em medidas como Pix e taxação de importados depois de pressões política e popular,1,NOTICIA_REAL,noticias_reais,PODER360,titulo_resumo,161,2026-05-16,https://www.poder360.com.br/poder-governo/lula-acumula-recuos-apos-desgaste-politico-no-3o-mandato/
963681b3-fb59-43e0-8b71-5491914cecac,Concedemos um auxílio emergencial de 800 dólares para 68 milhões de pessoas em 2020.,1,GFC_VERDADEIRO,google_factcheck,AOS_FATOS,afirmacao_checada,84,2021-09-21,https://www.aosfatos.org/noticias/checamos-bolsonaro-assembleia-geral-onu/
51de8d21-d136-4bb7-984d-44552ab2900f,Custo da cesta básica sobe em todas as capitais em abril — Alta é registrada pelo 2º mês consecutivo no país inteiro; leite e feijão foram os principais vilões do encarecimento,1,NOTICIA_REAL,noticias_reais,PODER360,titulo_resumo,176,2026-05-16,https://www.poder360.com.br/poder-economia/custo-da-cesta-basica-sobe-em-todas-as-capitais-em-abril/
f281d911-726d-4e7c-9121-53d767227d5f,Governo federal pediu ao STF para suspender investigações da fraude no INSS,0,FALSO,google_factcheck,AFP_CHECAMOS,afirmacao_checada,75,2025-06-20,https://checamos.afp.com/doc.afp.com.6387963
3a88df76-7d63-4f44-b994-7f1aba83dac3,Porta-voz dos EUA anunciou uma resposta militar à prisão de Bolsonaro,0,ENGANOSO,google_factcheck,AFP_CHECAMOS,afirmacao_checada,69,2025-11-26,https://checamos.afp.com/doc.afp.com.86968ZQ
a81a4b73-23a5-46ab-ad34-65fdfb08e893,"Teremos problema de impostos nos aluguéis, na compra e venda de imóveis e na herança",0,FORA_DE_CONTEXTO,google_factcheck,ESTADÃO,afirmacao_checada,84,,https://www.estadao.com.br/estadao-verifica/problema-impostos-alugueis-compra-venda-imoveis-heranca/
86b63c70-d1c9-44b3-a38d-8fc0a2def056,OLHA A DENGUE AÍ GENTE❗️ Esta é a fábrica de mosquitos 🦟 de Bill Gates na Colômbia. É o maior do mundo. 30 milhões de mosquitos geneticamente modificados são liberados todas as semanas em 11 países.,0,FALSO,google_factcheck,BOATOS.ORG,afirmacao_checada,198,2024-02-07,https://www.boatos.org/saude/bill-gates-espalhando-dengue-fabrica-mosquitos-colombia.html
abf66c34-af74-4d28-b282-133176607a07,"Eduardo tinha poder sobre dinheiro do filme de Bolsonaro, revela contrato — Fundo controlado por advogado do ""03"" recebeu pelo menos parte do dinheiro de Daniel Vorcaro investido no longa sobre a vida do ex-presidente",1,NOTICIA_REAL,noticias_reais,CORREIO_BRAZILIENSE,titulo_resumo,217,2026-05-15,https://www.correiobraziliense.com.br/politica/2026/05/7420889-eduardo-tinha-poder-sobre-dinheiro-do-filme-de-bolsonaro-revela-contrato.html
cb47fac4-5019-4a5e-9ad3-a68ff64f0608,"Gasolina era mais barata no governo Bolsonaro, enquanto governo Lula aumenta preço do combustível",0,ENGANOSO,google_factcheck,ESTADÃO,afirmacao_checada,97,,https://www.estadao.com.br/estadao-verifica/gasolina-etanol-mais-baratos-bolsonaro-enganoso/
158722a4-c900-4995-8fe0-cd69c2814880,Moraes suspende aplicação da Lei da Dosimetria até que o STF analise ações que questionam a norma,1,NOTICIA_REAL,noticias_reais,G1_POLITICA,titulo,97,2026-05-09,https://g1.globo.com/politica/noticia/2026/05/09/moraes-suspende-aplicacao-da-lei-da-dosimetria-ate-que-o-stf-analise-acoes-que-questionam-a-norma.ghtml
f985860f-24fd-44f7-9c86-fd84fb846017,"Primo de Vorcaro, Felipe Cançado fugiu de carrinho de golfe em Trancoso na 2ª fase de operação da Polícia Federal",1,NOTICIA_REAL,noticias_reais,G1_POLITICA,titulo,113,2026-05-07,https://g1.globo.com/ba/bahia/noticia/2026/05/07/felipe-cancado-vorcaro-fugiu-de-carrinho-de-golfe-em-trancoso-na-2a-fase-da-operacao-compliance.ghtml
0dbb68d7-b788-47b4-8b31-1135d76365b2,Michelle Bolsonaro desabafa sobre cuidados com o marido: 'Talvez eu não tenha um companheiro que um dia cuide de mim assim',1,NOTICIA_REAL,noticias_reais,G1_POLITICA,titulo,123,2026-05-07,https://g1.globo.com/politica/noticia/2026/05/07/michelle-bolsonaro-cuidado-jair.ghtml
af382a03-bcae-4f84-aa27-bcc55aa1c769,"Gilmar Mendes é o ministro titular do Supremo Tribunal Federal (STF). Ele é dono de uma faculdade em Portugal e viaja a cada dez dias para verificar o desempenho da instituição. Segundo a imprensa, o governo custeia sua viagem. Só no ano passado, ele viajou cerca de 40 vezes",0,FALSO,google_factcheck,AFP_CHECAMOS,afirmacao_checada,275,2025-05-05,https://checamos.afp.com/doc.afp.com.44JF462
aac0fa2d-78f6-4f54-83bf-bc71d6afb085,Centrão repensa aliança com Flávio Bolsonaro após áudios que mostram proximidade com Vorcaro — A ala do centrão que caminhava para uma aliança com Flávio Bolsonaro ( PL -RJ) agora prega cautela e quer postergar ao máximo a decisão sobre formar ou não uma coalizão em torno do oposicionista. Leia mais (05/15/2026 - 13h00),1,NOTICIA_REAL,noticias_reais,FOLHA_PODER,titulo_resumo,321,2026-05-15,https://redir.folha.com.br/redir/online/poder/rss091/*https://www1.folha.uol.com.br/poder/2026/05/centrao-repensa-alianca-com-flavio-bolsonaro-apos-audios-que-mostram-proximidade-com-vorcaro.shtml
874dc970-e0ca-44b4-95dd-cc6a6069c716,Farmacêutica japonesa Kowa disse que Ivermectina foi considerado eficaz para tratar a variante Omicron,0,FALSO,google_factcheck,AFP_CHECAMOS,afirmacao_checada,102,2022-02-08,https://checamos.afp.com/doc.afp.com.9YV7PV
f96534fe-ec7a-40ba-9a9d-038c95a1e8fa,"Datafolha: Lula empata com Flávio antes de caso 'Dark Horse' e abre vantagem sobre Zema e Caiado — O presidente Lula (PT) seguia empatado com o senador Flávio Bolsonaro (PL-RJ) na simulação de segundo turno das eleições presidenciais até a divulgação de conversas entre o parlamentar e o ex-banqueiro Daniel Vorcaro, mostra pesquisa Datafolha. Leia mais (05/16/2026 - 12h00)",1,NOTICIA_REAL,noticias_reais,FOLHA_PODER,titulo_resumo,374,2026-05-16,https://redir.folha.com.br/redir/online/poder/rss091/*https://www1.folha.uol.com.br/poder/2026/05/datafolha-lula-empata-com-flavio-antes-de-caso-dark-horse-e-abre-vantagem-sobre-zema-e-caiado.shtml
266140b9-da81-41cb-b2f6-79021512921d,"Subprocurador pede que TCU apure financiamento de filme de Bolsonaro — Lucas Furtado cita utilização indireta de recursos públicos, investimentos ligados ao Master e suposta ocultação da origem dos recursos aportados no longa",1,NOTICIA_REAL,noticias_reais,VEJA_POLITICA,titulo_resumo,225,2026-05-15,https://veja.abril.com.br/politica/subprocurador-pede-que-tcu-apure-financiamento-de-filme-de-bolsonaro/
3c469097-712a-4951-8159-d84c665b6eff,Entrou na área de reserva do Javari com o repórter inglês sem autorização da FUNAI,0,FALSO,google_factcheck,UOL_NOTÍCIAS,afirmacao_checada,82,2022-06-15,https://noticias.uol.com.br/confere/ultimas-noticias/2022/06/15/e-falso-que-dom-e-bruno-estavam-em-terra-indigena-quando-desapareceram.htm
0617d981-9718-44ed-b7f3-bd01cbfa87a1,Atos pró-Palestina e anti-imigração têm milhares em Londres — Polícia britânica convoca 4.000 agentes e prende 43 pessoas em atos da direita e de grupos pró-Palestina,1,NOTICIA_REAL,noticias_reais,PODER360,titulo_resumo,166,2026-05-17,https://www.poder360.com.br/poder-internacional/atos-pro-palestina-e-anti-imigracao-tem-milhares-em-londres/
c52d1b55-e8ae-4534-a6bc-244c94d03b35,Bilionário financiou modelos brasileiras e avisou dias antes sobre sua prisão; MPF apura citação em Natal — Novas mensagens do arquivo divulgado pelo governo americano mostram conversas ao menos desde 2006 com mulheres no país,1,NOTICIA_REAL,noticias_reais,BBC_BRASIL,titulo_resumo,226,2026-02-09,https://www.bbc.com/portuguese/articles/cvg83wprk37o?at_medium=RSS&at_campaign=rss
ad3f072f-a6e6-4b33-91e3-3ed61edb65b0,"Com críticas à gestão Bolsonaro, Lula sanciona Dia Nacional em Memória das Vítimas da Covid-19",1,NOTICIA_REAL,noticias_reais,G1_POLITICA,titulo,94,2026-05-11,https://g1.globo.com/politica/noticia/2026/05/11/lula-homenagem-vitimas-covid.ghtml
75353eea-0e3e-4a9d-8dbe-491746bb7add,Lula promete aumentar imposto de renda e confiscar poupança,0,FALSO,google_factcheck,UOL_NOTÍCIAS,afirmacao_checada,59,2022-11-16,https://noticias.uol.com.br/confere/ultimas-noticias/2022/11/16/lula-confiscar-poupancas-imposto-de-renda-falso.htm
2a5af0bc-dbf3-47dd-8833-4e1e936f2466,Drex será obrigatório e implementado sem aprovação do Congresso,0,ENGANOSO,google_factcheck,ESTADÃO,afirmacao_checada,63,,https://www.estadao.com.br/estadao-verifica/video-engana-ao-afirmar-que-drex-substitui-o-real-e-amplia-controle-do-governo/
cd132c28-8a26-4e67-ab26-12d50dd78ff3,Juros escalam com candidatura de Flávio Bolsonaro ameaçada pelo 'caso Dark Horse',1,NOTICIA_REAL,noticias_reais,UOL_NOTICIAS,titulo,81,,https://www1.folha.uol.com.br/mercado/2026/05/juros-escalam-com-candidatura-de-flavio-bolsonaro-ameacada-pelo-caso-dark-horse.shtml
a81b81eb-4ba3-4f62-b853-5b6614105015,"Flávio, Eduardo, Frias e Vorcaro: as dúvidas sobre filme de Bolsonaro — Linha do tempo reúne negativa inicial do senador, admissão posterior, versões de Mário Frias, fundo nos EUA e dúvidas sobre a origem dos recursos.",1,NOTICIA_REAL,noticias_reais,CONGRESSO_EM_FOCO,titulo_resumo,218,2026-05-15,https://www.congressoemfoco.com.br/noticia/118916/flavio-eduardo-frias-e-vorcaro-as-duvidas-sobre-filme-de-bolsonaro
ef34c8d8-b4bb-495c-80b9-eea2c2f62b57,"CCJ suspende julgamento do caso do ""golpe"". Ninguém prende Bolsonaro!",0,FALSO,google_factcheck,UOL_NOTÍCIAS,afirmacao_checada,69,,https://noticias.uol.com.br/confere/ultimas-noticias/2025/09/05/camara-nao-aprovou-suspensao-do-julgamento-de-bolsonaro-no-stf.htm
8dac14df-d7af-4e84-b194-be84c6c74631,"Produtores de filme sobre Bolsonaro pediram dinheiro a diversos empresários — O banqueiro Daniel Vorcaro não foi o único empresário a ser procurado por produtores do filme ""Dark Horse"" atrás de financiamento, no ano passado. Leia mais (05/13/2026 - 19h58)",1,NOTICIA_REAL,noticias_reais,FOLHA_PODER,titulo_resumo,255,2026-05-13,https://redir.folha.com.br/redir/online/poder/rss091/*https://www1.folha.uol.com.br/colunas/painel/2026/05/produtores-de-filme-sobre-bolsonaro-pediram-dinheiro-a-diversos-empresarios.shtml
7e26b35f-5d8e-431e-a6cf-4d1c7ca60f43,"Indique um juiz antiativista, Lula — Toffoli, Zanin, Dino. A fila de indicações baseadas na expectativa de lealdade pessoal parou em Messias. Depois da derrota merecida, Lula examina duas opções equivocadas. Há, porém, uma terceira, que serviria ao STF e ao Brasil. Leia mais (05/15/2026 - 13h30)",1,NOTICIA_REAL,noticias_reais,FOLHA_PODER,titulo_resumo,296,2026-05-15,https://redir.folha.com.br/redir/online/poder/rss091/*https://www1.folha.uol.com.br/colunas/demetriomagnoli/2026/05/indique-um-juiz-antiativista-lula.shtml
6b629eec-9f3c-40ae-b1f7-dfb6c8a8fca8,"Governo proibiu antibióticos vetados por UE, mas liberou uso de estoques até outubro — O governo brasileiro sabia da exigência da União Europeia contra o uso excessivo de antibióticos na pecuária desde 7 de outubro de 2024, quando a decisão foi tomada pelo bloco estabelecendo como data limite o dia 3 de setembro de 2026.",1,NOTICIA_REAL,noticias_reais,UOL_NOTICIAS,titulo_resumo,322,,https://www1.folha.uol.com.br/mercado/2026/05/governo-proibiu-antibioticos-vetados-por-ue-mas-liberou-uso-de-estoques-ate-outubro.shtml
cc2009d0-6d6a-477b-8d93-13273d6b6791,"PF aponta que Vorcaro pagou 'bônus de final de ano' para membros da 'Turma', grupo que intimidava desafetos",1,NOTICIA_REAL,noticias_reais,G1_POLITICA,titulo,107,2026-05-15,https://g1.globo.com/politica/noticia/2026/05/15/pf-aponta-que-vorcaro-pagou-bonus-de-final-de-ano-para-membros-da-turma-grupo-que-intimidava-desafetos.ghtml
fe464d08-f7c1-4b39-8deb-a1f533107738,O governo brasileiro vai gastar R$ 20 milhões de dinheiro público para defender o ministro Alexandre de Moraes contra sanções dos EUA,0,ENGANOSO,google_factcheck,ESTADÃO,afirmacao_checada,133,,https://www.estadao.com.br/estadao-verifica/20-milhoes-para-defender-alexandre-de-moraes-enganoso/
dfd6df8e-4d2e-467e-8a1a-4b414a48cd0d,Lula exalta “frango nordestino” ao receber aves na Granja do Torto — Vídeo compartilhado por Janja mostra presidente elogiando raça brasileira criada na Bahia; Haddad acompanhou encontro,1,NOTICIA_REAL,noticias_reais,PODER360,titulo_resumo,186,2026-05-10,https://www.poder360.com.br/poder-gente/lula-exalta-frango-nordestino-ao-receber-aves-na-granja-do-torto/
d385ca80-2d42-4d69-af92-7a69265459c6,"Comida estragada, agressão e atraso de cachês marcam gravações de Dark Horse — Denúncias feitas ao Sated/SP revelam os bastidores do filme em São Paulo; Ancine não sabia da gravação do longa",1,NOTICIA_REAL,noticias_reais,CORREIO_BRAZILIENSE,titulo_resumo,190,2026-05-16,https://www.correiobraziliense.com.br/politica/2026/05/7421242-comida-estragada-agressao-e-atraso-de-caches-marcam-gravacoes-de-dark-horse.html
b6278b9a-a2d6-4c25-838a-a70a336013ec,"CGU apontou 35 mil irregularidades em processos licitatórios do governo Lula que são crimes de corrupção, fraude e lavagem de dinheiro.",0,ENGANOSO,google_factcheck,ESTADÃO,afirmacao_checada,135,,https://www.estadao.com.br/estadao-verifica/enganoso-cgu-35-mil-irregularidades-licitacoes-governo-lula/
4493dbac-cd85-47e3-8f81-19a301a134ef,"Fux defende decisão de Toffoli e mantém a extinção de processos contra Beto Richa — O ministro afirmou se tratar de uma ação 'manifestamente incabível', devido à jurisprudência do STF",1,NOTICIA_REAL,noticias_reais,CARTACAPITAL,titulo_resumo,183,2026-05-15,https://www.cartacapital.com.br/politica/fux-defende-decisao-de-toffoli-e-mantem-a-extincao-de-processos-contra-beto-richa/
901973fa-c600-4ccc-bd0e-a174019315d5,"Desembargador do RJ foi 'cooptado' por esquema de fraudes da Refit, diz PF — A origem do suposto engajamento do magistrado com o caso Refit, segundo a PF, foi a publicação da Lei Complementar 225/2025",1,NOTICIA_REAL,noticias_reais,CORREIO_BRAZILIENSE,titulo_resumo,200,2026-05-16,https://www.correiobraziliense.com.br/politica/2026/05/7421034-desembargador-ajudou-a-desinterditar-complexo.html
ddb319bd-d587-4b56-8c63-21210eb4aed0,Nunca se falou de contagem manual em discussão sobre voto impresso,1,GFC_VERDADEIRO,google_factcheck,UOL_NOTÍCIAS,afirmacao_checada,66,2022-06-27,https://noticias.uol.com.br/confere/ultimas-noticias/2022/06/27/contagem-manual-de-voto-impresso-foi-discutida-e-barrada-na-camara.htm
2a7d4876-7e19-4068-aaeb-70e2d61a4d98,Cidade do México diz que ivermectina reduziu internações por covid-19 em até 76%,0,FORA_DE_CONTEXTO,google_factcheck,AFP_CHECAMOS,afirmacao_checada,80,2021-05-24,https://checamos.afp.com/pesquisa-na-cidade-do-mexico-nao-prova-reducao-nas-internacoes-por-covid-pelo-uso-de-ivermectina
85554127-1d03-4e2c-8a4a-6cae90b0f0f6,Lula revogou uma lei criada por Jair Bolsonaro (PL) para combater fraudes no INSS.,0,FALSO,google_factcheck,UOL_NOTÍCIAS,afirmacao_checada,82,,https://noticias.uol.com.br/comprova/ultimas-noticias/2025/05/07/lula-nao-derrubou-lei-de-combate-a-fraudes-no-inss-sancionada-por-bolsonaro.htm
e9f267e7-9f86-463e-8c57-77f4471e50f9,Notícia de 19/02/2023: governador da Bahia declara lockdown,0,FORA_DE_CONTEXTO,google_factcheck,ESTADÃO,afirmacao_checada,59,,https://www.estadao.com.br/estadao-verifica/lockdown-bahia-reportagem-2021/
b7ff6ab1-99ea-428e-9ad8-128bc07e199a,"Em vídeo, jornalista diz que Vorcaro surtou na cadeia e confessou ter feito pagamentos a Lula e ao STF",0,FALSO,google_factcheck,AOS_FATOS,afirmacao_checada,102,2026-03-10,https://www.aosfatos.org/noticias/falso-vorcaro-confessou-ter-feito-pagamentos-lula-ministros-stf/
2e76873f-b476-44f1-b680-7ceac486908a,"PGR denuncia Romeu Zema ao STJ por calúnia contra Gilmar Mendes — O procurador-geral, Paulo Gonet, entendeu que o STJ é o órgão responsável para analisar a denúncia, pois o crime tem relação com o exercício do cargo",1,NOTICIA_REAL,noticias_reais,CARTACAPITAL,titulo_resumo,215,2026-05-15,https://www.cartacapital.com.br/justica/pgr-denuncia-romeu-zema-ao-stj-por-calunia-contra-gilmar-mendes/
f84369a5-783f-462c-89a9-1a24e8dde57d,"Nikolas Ferreia disse que ""Faremos o dólar chegar a 7 reais""",0,FALSO,google_factcheck,UOL_NOTÍCIAS,afirmacao_checada,60,,https://noticias.uol.com.br/confere/ultimas-noticias/2024/12/20/nao-ha-evidencias-de-que-nikolas-ferreira-falou-que-fara-dolar-subir-a-r-7.htm
49adbe87-c77a-48c4-9fdf-340fb04e800e,"Zema ironiza PT com fogos de artifício, mas lei proíbe o uso em BH — ""Se o PT tá triste, o Brasil tá feliz,"" diz Zema ao soltar fogos em Belo Horizonte, cidade que proíbe estampidos por lei desde 2022",1,NOTICIA_REAL,noticias_reais,METROPOLES,titulo_resumo,200,2025-12-01,https://www.metropoles.com/brasil/politica-brasil/zema-ironiza-pt-com-fogos-de-artificio-mas-lei-proibe-o-uso-em-bh
49d34805-02a4-48f4-bf59-82f67936ba4b,‘Bolsomaster’: petistas ganharam narrativa de bandeja — Revelação de áudio de Flávio Bolsonaro cobrando patrocínio do dono do Banco Master deu novo fôlego à campanha petista,1,NOTICIA_REAL,noticias_reais,VEJA_POLITICA,titulo_resumo,173,2026-05-16,https://veja.abril.com.br/politica/bolsomaster-petistas-ganharam-narrativa-de-bandeja/
924f97a6-d408-4e49-bfe6-83e96e83b165,Moraes disse que “pouco importa se a minuta apreendida era a minuta real do plano golpista”,0,ENGANOSO,google_factcheck,ESTADÃO,afirmacao_checada,91,,https://www.estadao.com.br/estadao-verifica/alexandre-moraes-minuta-golpe-versoes/
73097dcd-a1ca-4db0-afa6-6ca08292f5a6,"Lulinha, filho de Lula, é acionista majoritário da Petrobras",0,FALSO,google_factcheck,AFP_CHECAMOS,afirmacao_checada,60,2022-07-08,https://checamos.afp.com/doc.afp.com.32E33LP
0cedfffe-c16a-466c-8645-3c960cdd0588,Personalides como Renato Russo alertaram no passado sobre perigo que Bolsonaro representava,0,FALSO,google_factcheck,ESTADÃO,afirmacao_checada,91,,https://www.estadao.com.br/estadao-verifica/videos-usam-ia-para-criar-alertas-de-gonzaguinha-renato-russo-e-cazuza-sobre-bolsonaro/
b29900ae-4b8b-437c-9038-4a35ceb21cf2,"Integrantes do PL dizem ter ficado surpresos com relação entre Flávio e Vorcaro — Integrantes do PL dizem ter ficado surpresos com a divulgação do áudio entre Flávio Bolsonaro (PL-RJ) e Daniel Vorcaro . Internamente, dizem que realmente acreditavam que os dois nunca tinham se falado. Leia mais (05/14/2026 - 17h00)",1,NOTICIA_REAL,noticias_reais,FOLHA_PODER,titulo_resumo,315,2026-05-14,https://redir.folha.com.br/redir/online/poder/rss091/*https://www1.folha.uol.com.br/colunas/painel/2026/05/integrantes-do-pl-dizem-ter-ficado-surpresos-com-relacao-entre-flavio-e-vorcaro.shtml
617c204a-5d08-4d4b-ac75-00380aa858f9,Eleições 2026: Datafolha divulga pesquisa de intenção de voto à Presidência nesta sexta-feira,1,NOTICIA_REAL,noticias_reais,G1_POLITICA,titulo,93,2026-05-12,https://g1.globo.com/politica/eleicoes/2026/noticia/2026/05/12/eleicoes-2026-datafolha-divulga-pesquisa-de-intencao-de-voto-a-presidencia-nesta-sexta-feira.ghtml
74cbf2fb-d878-457d-b16f-c822ec16bba4,Johnny Depp defendeu reeleição de Bolsonaro em entrevista ao New York Times,0,FALSO,google_factcheck,AOS_FATOS,afirmacao_checada,75,2022-06-02,https://www.aosfatos.org/noticias/johnny-depp-the-new-york-times-reeleicao-bolsonaro/
eb04a060-c6eb-41b5-966a-3d198de9d6c9,"José Dirceu mantém pré-candidatura a deputado após diagnóstico de linfoma — A 'principal batalha', afirmou o ex-ministro da Casa Civil, é reeleger o presidente Lula",1,NOTICIA_REAL,noticias_reais,CARTACAPITAL,titulo_resumo,164,2026-05-16,https://www.cartacapital.com.br/cartaexpressa/jose-dirceu-mantem-pre-candidatura-a-deputado-apos-diagnostico-de-linfoma/
dcc91de1-97ea-49b7-a803-76e89a7e082a,Bolsonaro foi hostilizado em restaurante de Buenos Aires com gritos a favor de Lula,0,FALSO,google_factcheck,ESTADÃO,afirmacao_checada,83,,https://www.estadao.com.br/estadao-verifica/nao-ha-evidencias-de-que-bolsonaro-tenha-sido-hostilizado-em-restaurante-na-argentina/
5de5414a-89f6-4fcf-948d-8c7d11b2e7d5,Decisão do TSE de manter direito de voto a presos na eleição de 2026 é golpe,0,ENGANOSO,google_factcheck,DESCONHECIDA,afirmacao_checada,76,,https://noticias.uol.com.br/confere/ultimas-noticias/2026/05/06/video-engana-decisao-tse-presos-provisorios.ghtm
9059defa-5f45-4676-a8c0-2673267abcf3,CCJ do Congresso dos EUA aprovou cancelamento dos vistos dos ministros do STF,0,ENGANOSO,google_factcheck,ESTADÃO,afirmacao_checada,77,,https://www.estadao.com.br/estadao-verifica/congresso-eua-cancelou-visto-stf/
2b0ab5f9-82a1-4983-b39c-f8216fea7498,Chefão do FBI exige que Augusto Aras autorize a prisão e extradição de Moraes para os EUA,0,FALSO,google_factcheck,BOATOS.ORG,afirmacao_checada,89,2023-03-28,https://www.boatos.org/politica/fbi-pede-prisao-de-alexandre-de-moraes-para-augusto-aras.html
2be847d5-7874-4097-83d8-00a66ac5dcec,O próximo Datafolha para medir o impacto da negociação Flávio Bolsonaro-Daniel Vorcaro — A pesquisa divulgada neste sábado foi majoritariamente realizada antes da revelação do episódio,1,NOTICIA_REAL,noticias_reais,CARTACAPITAL,titulo_resumo,184,2026-05-16,https://www.cartacapital.com.br/politica/o-proximo-datafolha-para-medir-o-impacto-da-negociacao-flavio-bolsonaro-daniel-vorcaro/
63a4d56a-0516-4042-b5c3-7a9bde4624b3,"Zema recua de críticas a Flávio por relação com Vorcaro: ""Página virada"" — Esse recuo ocorreu em meio à repercussão na direita de sua fala que classificou as conversas entre o filho do ex-presidente Jair Bolsonaro e o banqueiro como ""imperdoável""",1,NOTICIA_REAL,noticias_reais,CORREIO_BRAZILIENSE,titulo_resumo,246,2026-05-16,https://www.correiobraziliense.com.br/politica/2026/05/7421447-zema-recua-de-criticas-a-flavio-por-relacao-com-vorcaro-pagina-virada.html
706c2ddd-129f-4051-841a-30b691450950,Alexandre de Moraes passou a presidência do TSE para Dias Toffoli,0,FALSO,google_factcheck,AOS_FATOS,afirmacao_checada,65,2022-10-10,https://www.aosfatos.org/noticias/falso-dias-toffoli-presidencia-tse-alexandre-de-moraes/
49692d47-9cf9-4dd1-bc77-0c91cb50c8f9,Por que encontro entre Trump e Xi deve definir relação entre superpotências por anos — A visita o presidente americano à China é a mais importante em anos — mas será que ela dará frutos às duas superpotências?,1,NOTICIA_REAL,noticias_reais,BBC_BRASIL,titulo_resumo,209,2026-05-12,https://www.bbc.com/portuguese/articles/c202pevwxwdo?at_medium=RSS&at_campaign=rss
0add4078-c7fc-481a-b1c1-ab2280ed843f,"Projeto quer elevar orçamento de Defensorias Públicas para 2% da receita dos estados — Após articulação de defensores públicos, o Senado pode começar a analisar um projeto que amplia o orçamento destinado às Defensorias Públicas nos estados. O projeto do senador Jorge Kajuru ( PSB -GO) estabelece um patamar de 2% da receita dos estados para os órgãos. Leia mais (05/14/2026 - 18h00)",1,NOTICIA_REAL,noticias_reais,FOLHA_PODER,titulo_resumo,384,2026-05-14,https://redir.folha.com.br/redir/online/poder/rss091/*https://www1.folha.uol.com.br/colunas/painel/2026/05/projeto-quer-elevar-orcamento-de-defensorias-publicas-para-2-da-receita-dos-estados.shtml
937374dc-5041-411b-989c-ea4df34a2756,"E, graças a Deus, nós conseguimos acabar com a fome no país [durante os governos do PT]",0,FALSO,google_factcheck,AOS_FATOS,afirmacao_checada,87,2023-12-27,https://www.aosfatos.org/noticias/lula-alegacoes-enganosas-2023/
bb9eb732-cb43-4e4f-a6b3-118488dcc338,"Senado dos EUA confirma Kevin Warsh para conselho do Fed — Indicado por Trump, economista passou por votação dos senadores; decisão final será na 4ª feira (13.mai)",1,NOTICIA_REAL,noticias_reais,PODER360,titulo_resumo,163,2026-05-13,https://www.poder360.com.br/poder-internacional/senado-dos-eua-confirma-kevin-warsh-para-conselho-do-fed/
fbff4fd1-f840-4b8a-9ac3-8e81c5f8a232,"'Trump não vai mudar o jeito dele de ser por causa de uma reunião comigo', diz Lula ao comentar guerras",1,NOTICIA_REAL,noticias_reais,G1_POLITICA,titulo,103,2026-05-07,https://g1.globo.com/mundo/noticia/2026/05/07/trump-nao-vai-mudar-o-jeito-dele-de-ser-por-causa-de-uma-reuniao-comigo-diz-lula-ao-comentar-guerras.ghtml
7f042f65-23bd-4589-ab22-fde3b8663f7b,Comissão da Câmara aprova cota para mulheres na direção de clubes — Texto prevê reserva de vagas para mulheres em cargos de comando e em conselhos que apuram assédio sexual.,1,NOTICIA_REAL,noticias_reais,CONGRESSO_EM_FOCO,titulo_resumo,173,2026-05-15,https://www.congressoemfoco.com.br/noticia/118927/comissao-da-camara-aprova-cota-para-mulheres-na-direcao-de-clubes
2a55f3cd-12c9-41d5-ab3c-9c8324cb6bc5,Lula é proibido por segurança de se aproximar de rei árabe que cumprimentou Donald Trump,0,FALSO,google_factcheck,AOS_FATOS,afirmacao_checada,88,2025-06-11,https://www.aosfatos.org/noticias/video-nao-mostra-lula-sendo-expulso-de-evento-por-seguranca-de-rei-arabe/
9f31907c-2e21-424e-a942-4e99c33fe2da,"Relator de ações que questionam Lei da Dosimetria, Moraes pede informações à Presidência e ao Congresso",1,NOTICIA_REAL,noticias_reais,G1_POLITICA,titulo,103,2026-05-08,https://g1.globo.com/politica/noticia/2026/05/08/relator-de-acoes-que-questionam-lei-da-dosimetria-moraes-pede-informacoes-a-presidencia-e-ao-congresso.ghtml
52c3ea37-b433-459c-8def-a0d20fc4e4b1,Lula defende restrição ao uso de IA no período das eleições,1,NOTICIA_REAL,noticias_reais,AGENCIA_BRASIL,titulo,59,2026-05-14,https://agenciabrasil.ebc.com.br/politica/noticia/2026-05/lula-defende-restricao-ao-uso-de-ia-no-periodo-das-eleicoes
f09af9b3-e7e8-4317-a861-f952f355bcd7,O ministro Alexandre de Moraes tentou fazer igual ao Bolsonaro e testou sua popularidade na rua,0,FORA_DE_CONTEXTO,google_factcheck,AFP_CHECAMOS,afirmacao_checada,95,2021-09-03,https://checamos.afp.com/doc.afp.com.9M78CT
f178a1fc-086d-4fe5-80ab-fa4fd683ba46,Governo Lula realocou recursos do Bolsa Família para Secom,0,ENGANOSO,google_factcheck,UOL_NOTÍCIAS,afirmacao_checada,58,,https://noticias.uol.com.br/confere/ultimas-noticias/2025/01/21/enganoso-ato-bolsa-familia-lula-bolsonaro.htm
69c4be6e-09d0-45ca-8414-75afbc4eeb56,"Eduardo é citado como administrador financeiro do filme ""Dark Horse"" — Nova reportagem do Intercept apontou Eduardo Bolsonaro como responsável pela gestão de recursos da obra cinematográfica.",1,NOTICIA_REAL,noticias_reais,CONGRESSO_EM_FOCO,titulo_resumo,191,2026-05-15,https://www.congressoemfoco.com.br/noticia/118925/eduardo-e-citado-como-administrador-financeiro-do-filme-dark-horse
a1a97f35-2d1a-4122-a89f-8a6c8da243d8,"IA pode gerar mais fake news nas eleições, alertam especialistas",1,NOTICIA_REAL,noticias_reais,AGENCIA_BRASIL,titulo,64,2026-05-16,https://agenciabrasil.ebc.com.br/politica/noticia/2026-05/ia-pode-gerar-mais-fake-news-nas-eleicoes-alertam-especialistas
640ffaeb-21db-43e7-b146-a519a659bc88,"Comitê de 27 pessoas será o responsável pelas decisões tributárias de todos os valores arrecadados no Brasil, substituindo o Congresso",0,FALSO,google_factcheck,ESTADÃO,afirmacao_checada,134,,https://www.estadao.com.br/estadao-verifica/soviete-tributario-substituir-congresso-nacional-falso/
e36f30c8-2fa6-4a7c-bba5-ab5f45fd5e85,"Se Flávio Bolsonaro vencer, eu vou embora para Cuba, diz Lula",0,FALSO,google_factcheck,DESCONHECIDA,afirmacao_checada,61,2026-04-27,https://www.bol.uol.com.br/noticias/2026/04/27/falso-lula-mudanca-cuba-perder-eleicao-flavio-bolsonaro.amp.htm
0aaa17c4-9046-47c3-ad07-c90c5ca1aaee,Caiado diz que não fará 'juízo de valor' sobre comportamento de Flávio Bolsonaro e critica governo Lula,1,NOTICIA_REAL,noticias_reais,G1_POLITICA,titulo,103,2026-05-15,https://g1.globo.com/ms/mato-grosso-do-sul/eleicoes/2026/noticia/2026/05/15/caiado-diz-que-nao-fara-juizo-de-valor-sobre-comportamento-de-flavio-bolsonaro-e-critica-governo-lula.ghtml
f4de0c5b-5df6-4265-b694-ac00a514a527,Juíza corajosa desafia Moraes e manda libertar Jair Bolsonaro,0,FALSO,google_factcheck,DESCONHECIDA,afirmacao_checada,61,,https://www.bol.uol.com.br/noticias/2026/04/27/falso-juiza-mandou-libertar-jair-bolsonaro.ghtm
730bf4cc-a1c5-465f-8930-d23aaef2d9e8,"Subprocurador-geral da República Nicolao Dino, irmão de Flávio Dino, está envolvido no roubo do INSS.",0,ENGANOSO,google_factcheck,DESCONHECIDA,afirmacao_checada,101,,https://www.estadao.com.br/estadao-verifica/enganoso-irmao-flavio-dino-suspeito-roubar-inss-testemunha-cpmi/
5784f28d-5850-4ffb-9e6e-8fb1aab8586c,Folha de mamão aumenta os níveis de plaquetas de pessoas com dengue,0,FALSO,google_factcheck,ESTADÃO,afirmacao_checada,67,,https://www.estadao.com.br/estadao-verifica/falso-cha-de-folha-de-mamao-combate-dengue/
923a14cf-cdcf-407d-886a-8a3006a0b57e,PM apreende carro de ministro da Economia de Lula com 30 kg de cocaína,0,ENGANOSO,google_factcheck,ESTADÃO,afirmacao_checada,70,,https://www.estadao.com.br/estadao-verifica/30-kg-cocaina-carro-ministro-lula-enganoso/
3b16dc63-f5d9-4d7f-960c-b6e548e43d21,Desabamento em Salvador deixa ao menos 1 morto — Prédio de 4 andares desabou; bombeiros buscam desaparecidos,1,NOTICIA_REAL,noticias_reais,PODER360,titulo_resumo,108,2026-05-17,https://www.poder360.com.br/poder-infra/desabamento-em-salvador-deixa-ao-menos-1-morto/
e89b1257-de74-4cb8-84b7-d1c8416f25b0,Compliance Zero: Polícia Federal aponta ligação de Daniel Vorcaro com o jogo do bicho,1,NOTICIA_REAL,noticias_reais,G1_POLITICA,titulo,85,2026-05-14,https://g1.globo.com/politica/noticia/2026/05/14/compliance-zero-policia-federal-aponta-ligacao-de-daniel-vorcaro-com-o-jogo-do-bicho.ghtml
f4da989c-05e6-499a-934f-39aa9e5d4129,"Homem faz diversas esculturas de Bolsonaro, inclusive uma de areia em Copacabana",0,FALSO,google_factcheck,PROJETO_COMPROVA,afirmacao_checada,80,2025-05-23,https://projetocomprova.com.br/publica%C3%A7%C3%B5es/videos-virais-de-escultura-de-areia-de-bolsonaro-foram-gerados-com-ia/
ee61c384-9a4e-4507-9e99-e949b1724507,Flávio Bolsonaro disse que irá privatizar o SUS no dia em que tomar posse como presidente da República,0,FALSO,google_factcheck,ESTADÃO,afirmacao_checada,102,,https://www.estadao.com.br/estadao-verifica/flavio-bolsonaro-privatizar-sus-falso/
b419253c-c691-426c-b571-af8d44eab731,Ministro Kassio Nunes Marques mudou opinião dos ministros do TSE sobre o voto impresso,0,ENGANOSO,google_factcheck,ESTADÃO,afirmacao_checada,86,,https://www.estadao.com.br/estadao-verifica/nunes-marques-mudou-opiniao-do-tse-sobre-voto-impresso-enganoso/
41674a88-2643-43d5-bf5e-98769a5b01f7,"Nas redes, políticos repercutem denúncia sobre filme financiado por Vorcaro: 'Lei Rouanet da família Bolsonaro', diz Paulo Teixeira",1,NOTICIA_REAL,noticias_reais,G1_POLITICA,titulo,131,2026-05-13,https://g1.globo.com/politica/noticia/2026/05/13/nas-redes-politicos-repercutem-denuncia-sobre-filme-financiado-por-vorcaro-lei-rouanet-da-familia-bolsonaro-diz-paulo-teixeira.ghtml
b5cfdb49-05b3-4a9b-aad0-3002c24a85b2,"Ciro Gomes oficializa pré-candidatura ao governo do Ceará pelo PSDB — Ex-ministro focou discurso na segurança pública e combate às facções e recebeu apoio de aliados do PSDB, União Brasil e PL no Ceará.",1,NOTICIA_REAL,noticias_reais,CONGRESSO_EM_FOCO,titulo_resumo,202,2026-05-16,https://www.congressoemfoco.com.br/noticia/118928/ciro-gomes-oficializa-pre-candidatura-ao-governo-do-ceara-pelo-psdb
eddfb966-7999-44c1-845e-ae4116df18b3,Lula destino a 15 milhões de reais as empresas do oriente médio afetada pela guerra e esse dinheiro sai do bolso do povo brasileiro,0,FALSO,google_factcheck,ESTADÃO,afirmacao_checada,131,,https://www.estadao.com.br/estadao-verifica/lula-15-bilhoes-empresas-oriente-medio/
e25b6d18-d60f-45f2-a64d-08df042b672c,Vazaram as imagens que comprovam que Lula armou 8 de janeiro,0,ENGANOSO,google_factcheck,ESTADÃO,afirmacao_checada,60,,https://www.estadao.com.br/estadao-verifica/vazou-o-que-lula-queria-esconder-lula-armou-tudo-8-de-janeiro-enganoso/
d645d48b-e348-4247-ac8f-1478c2c120da,O alerta de Felca chegou ao Congresso — De Felca ao Congresso: a luta contra a “adultização” infantil. Entenda a nova lei de proteção às crianças na internet.,1,NOTICIA_REAL,noticias_reais,METROPOLES,titulo_resumo,158,2025-08-23,https://www.metropoles.com/blog-do-noblat/o-alerta-de-felca-chegou-ao-congresso
842f0292-22bb-4ca1-8aa4-3ca702816c5c,"Haddad teria feito propaganda de plataforma que investe em criptomoedas e sido processado pelo ""Banco Nacional do Brasil""",0,FALSO,google_factcheck,METRÓPOLES,afirmacao_checada,121,2024-10-04,https://www.metropoles.com/projeto-comprova/site-imita-portal-de-noticias-e-inventa-entrevista-com-haddad
489fe92b-e52b-4be8-881d-57b786ac7d5a,"Lula diz que, em reunião na Casa Branca, afirmou a Trump que não quer 'guerra' com ele",1,NOTICIA_REAL,noticias_reais,G1_POLITICA,titulo,86,2026-05-08,https://g1.globo.com/politica/noticia/2026/05/08/lula-diz-que-em-reuniao-na-casa-branca-afirmou-que-nao-quer-guerra-com-trump.ghtml
9f611d1f-deca-4d06-9906-a24e5361a8d1,"Mike Yeadon, ex-cientista-chefe da Pfizer: “É tarde demais para salvar alguém que foi injetado com qualquer vacina Covid-19 para aqueles que ainda não foram injetados com o composto mortal",0,FALSO,google_factcheck,BOATOS.ORG,afirmacao_checada,188,2021-04-24,https://www.boatos.org/mundo/mike-yeadon-pfizer-diz-tarde-demais-para-salvar-alguem-tomou-vacina-contra-covid-19.html
b9d55d65-8fa0-48d3-9a81-21bd916f3062,"Só Brasil, Butão e Bangladesh usam urnas eletrônicas sem voto impresso",0,FORA_DE_CONTEXTO,google_factcheck,AFP_CHECAMOS,afirmacao_checada,70,2021-08-25,https://checamos.afp.com/doc.afp.com.9LM8WF
d25d6bc1-5c84-476d-b582-6b8d09e5a648,Não encontraram nenhuma arma aqui [no 8 de janeiro],0,FALSO,google_factcheck,AOS_FATOS,afirmacao_checada,51,2025-03-26,https://www.aosfatos.org/noticias/apos-se-tornar-reu-bolsonaro-mente-sobre-8-de-janeiro-e-eleicoes/
cdffa016-4e12-4a50-a67c-23df2c3d24aa,"Jornalista Catarina Alencastro lança livro infanto-juvenil inspirado nas queimadas no Pantanal — A jornalista Catarina Alencastro lança neste sábado (16) em São Paulo seu primeiro livro infanto-juvenil, inspirado nas queimadas históricas que atingiram o Pantanal no ano de 2020. Leia mais (05/15/2026 - 10h13)",1,NOTICIA_REAL,noticias_reais,FOLHA_PODER,titulo_resumo,309,2026-05-15,https://redir.folha.com.br/redir/online/poder/rss091/*https://www1.folha.uol.com.br/colunas/painel/2026/05/jornalista-catarina-alencastro-lanca-livro-infanto-juvenil-inspirado-nas-queimadas-no-pantanal.shtml
e67db59d-a418-46d3-9753-f649c951b798,Flávio Bolsonaro queima (o filme) na largada — Conversa despudorada com o banqueiro Daniel Vorcaro deixa o senador na defensiva,1,NOTICIA_REAL,noticias_reais,VEJA_POLITICA,titulo_resumo,127,2026-05-15,https://veja.abril.com.br/coluna/jorge-pontes/flavio-bolsonaro-queima-o-filme-na-largada/
77ccc821-b571-4d98-b3fb-743212539171,Qualquer narrativa de que o 08/01 foi uma tentativa de golpe.. Devia ter sido enterrada nesse dia aqui.,0,ENGANOSO,google_factcheck,UOL_NOTÍCIAS,afirmacao_checada,103,,https://noticias.uol.com.br/confere/ultimas-noticias/2025/06/05/post-dissocia-atos-81-tentativa-golpe.htm
00323f0e-1aac-40cc-b99b-e7fa5e65792c,Nunes Marques acumula desafios no TSE em cenário eleitoral que promete turbulências — Ministro cita a inteligência artificial e o ataque às urnas como ameaças à democracia,1,NOTICIA_REAL,noticias_reais,VEJA_POLITICA,titulo_resumo,171,2026-05-16,https://veja.abril.com.br/politica/nunes-marques-acumula-desafios-no-tse-em-cenario-eleitoral-que-promete-turbulencias/
1dfb9368-fa9d-46fa-967a-da6469072df4,"Datafolha: Governo Lula tem 39% de avaliação negativa e 30% de positiva — Com três anos e quatro meses de governo, 39% dos entrevistados pelo Datafolha avaliam que o presidente Lula ( PT ) está fazendo um trabalho ruim ou péssimo, enquanto 30% consideram a gestão boa ou ótima, e 29% a classificam como regular. Leia mais (05/16/2026 - 18h30)",1,NOTICIA_REAL,noticias_reais,FOLHA_PODER,titulo_resumo,342,2026-05-16,https://redir.folha.com.br/redir/online/poder/rss091/*https://www1.folha.uol.com.br/poder/2026/05/datafolha-governo-lula-tem-39-de-avaliacao-negativa-e-30-de-positiva.shtml
fb086adb-dcfd-4d3d-8f99-601dd792f784,Câmara aprova fundo de até R$ 5 bilhões para minerais críticos,1,NOTICIA_REAL,noticias_reais,AGENCIA_BRASIL,titulo,62,2026-05-06,https://agenciabrasil.ebc.com.br/politica/noticia/2026-05/camara-aprova-fundo-de-ate-r-5-bilhoes-para-minerais-criticos
d8b5ecff-6a88-4ccf-97cd-c566bb98e4a9,Eduardo Bolsonaro discute com Ricardo Salles e chama de 'calúnia' acusação sobre receber dinheiro para apoiar André do Prado,1,NOTICIA_REAL,noticias_reais,G1_POLITICA,titulo,124,2026-05-12,https://g1.globo.com/sp/sao-paulo/eleicoes/2026/noticia/2026/05/11/eduardo-bolsonaro-discute-com-ricardo-salles-e-chama-de-calunia-acusacao.ghtml
794aa4ad-9a64-455f-a37f-66146cef4e6a,"Nova regra de Fachin sobre distribuição de processos no STF acirra atrito interno na corte — As novas regras do STF (Supremo Tribunal Federal) para distribuição de processos judiciais determinadas nesta semana pelo presidente da corte, ministro Edson Fachin , acirraram o atrito entre magistrados e são o capítulo mais recente da divisão interna do tribunal. Leia mais (05/14/2026 - 19h35)",1,NOTICIA_REAL,noticias_reais,FOLHA_PODER,titulo_resumo,389,2026-05-14,https://redir.folha.com.br/redir/online/poder/rss091/*https://www1.folha.uol.com.br/poder/2026/05/nova-regra-de-fachin-sobre-distribuicao-de-processos-no-stf-acirra-atrito-interno-na-corte.shtml
a803f3a0-472a-445b-ae0a-794f48f6d0e2,"Suspeito de elo com PCC e maior sonegador do Brasil: quem é o empresário Ricardo Magro, que está na lista vermelha da Interpol? — Decisão do ministro Alexandre de Moraes determina prisão preventiva do controlador do Grupo Refit e autoriza a Polícia Federal a pedir a inclusão do empresário na Difusão Vermelha da Interpol. Magro não retorna oficialmente ao Brasil desde 2018",1,NOTICIA_REAL,noticias_reais,BBC_BRASIL,titulo_resumo,374,2026-05-15,https://www.bbc.com/portuguese/articles/cy825jpen8zo?at_medium=RSS&at_campaign=rss
8e91f0c8-6208-4af9-8dad-a1e105508a83,Banco Central quer criar o Real Digital,1,GFC_VERDADEIRO,google_factcheck,ESTADÃO,afirmacao_checada,39,,https://www.estadao.com.br/estadao-verifica/o-que-e-real-digital-banco-central/
1a44f7cb-6f75-4e91-83e2-055d90db145c,"Cidade turística argentina no 'fim do mundo' nega ter dado início a surto de hantavírus — Na cidade de Ushuaia, especialistas foram enviados para investigar a origem do surto que levou a mortes em navio.",1,NOTICIA_REAL,noticias_reais,BBC_BRASIL,titulo_resumo,203,2026-05-11,https://www.bbc.com/portuguese/articles/c86d1zvy87xo?at_medium=RSS&at_campaign=rss
3def8e6f-2233-4455-9859-533c1e9db863,"O PT assinou a constituição de 88? O pessoal faz uma ronda agora sobre carta à democracia para tentar atingir a mim, mas a bancada toda do PT não assinou essa carta à democracia em 88",0,FALSO,google_factcheck,UOL_NOTÍCIAS,afirmacao_checada,183,2022-08-12,https://noticias.uol.com.br/confere/ultimas-noticias/2022/08/11/pt-assinou-constituicao-de-1988-ao-contrario-do-que-diz-bolsonaro.htm
99d6fe1e-ba0d-45e6-a5b3-e4577b3b4a41,Homem alvo de operação sobre o Master havia fugido com o carro de 'Sicário' de Vorcaro em março,1,NOTICIA_REAL,noticias_reais,G1_POLITICA,titulo,95,2026-05-14,https://g1.globo.com/politica/noticia/2026/05/14/homem-preso-em-operacao-sobre-o-master-havia-fugido-com-o-carro-de-sicario-de-vorcaro-em-marco.ghtml
eb777c42-b4d8-47f8-a190-0245f2c64283,"Datafolha divulga nova pesquisa sobre eleição presidencial; confira — Uma nova pesquisa Datafolha sobre o cenário da eleição presidencial foi divulgada neste sábado (16). Além das intenções de voto para primeiro e segundo turno, o instituto questionou o eleitor sobre a rejeição aos candidatos, bem como a avaliação do governo Lula (PT). Leia mais (05/16/2026 - 00h22)",1,NOTICIA_REAL,noticias_reais,FOLHA_PODER,titulo_resumo,368,2026-05-16,https://redir.folha.com.br/redir/online/poder/rss091/*https://www1.folha.uol.com.br/poder/2026/05/datafolha-divulga-neste-sabado-nova-pesquisa-sobre-eleicao-presidencial.shtml
688d4962-7941-41e3-b695-e30833d899c0,Bolsonaro deu o auxílio emergencial ao povo. Lula mandou o povo devolver,0,ENGANOSO,google_factcheck,AFP_CHECAMOS,afirmacao_checada,72,2025-10-21,https://checamos.afp.com/doc.afp.com.79K78NQ
4d6c4075-aa1e-4c7f-8064-d35b1e9c4f88,"Ou porque a inadimplência atingiu 66,6 milhões de brasileiros.",1,GFC_VERDADEIRO,google_factcheck,AOS_FATOS,afirmacao_checada,62,2022-08-15,https://www.aosfatos.org/noticias/checamos-ciro-gomes-roda-viva/
c2881c59-87bb-4032-b4de-c3237f71ad9b,"Lula usou R$ 12,4 bilhões no cartão corporativo e Bolsonaro R$ 27,6 milhões",0,FALSO,google_factcheck,AFP_CHECAMOS,afirmacao_checada,75,2026-02-26,https://checamos.afp.com/doc.afp.com.992Y7KE
944ed6c6-b5b4-4868-b031-7af233b2a9f0,O Brasil só de manufaturado tem quase US$ 20 bilhões de exportação com a Argentina,0,FALSO,google_factcheck,AOS_FATOS,afirmacao_checada,82,2023-05-24,https://www.aosfatos.org/noticias/checamos-lula-exterior-petrobras-amazonia/
0efb1c20-450d-4d22-bfef-8efee37cfc5e,Caso Master: PF mira Ciro Nogueira e primo de Vorcaro em nova fase da Operação Compliance Zero,1,NOTICIA_REAL,noticias_reais,G1_POLITICA,titulo,94,2026-05-07,https://g1.globo.com/politica/noticia/2026/05/07/pf-faz-nova-operacao-caso-master.ghtml
a63a91cd-6fa7-4dca-9cde-a234c5aa721d,Governo renova concessões de distribuição de energia em 13 estados; Enel fica de fora,1,NOTICIA_REAL,noticias_reais,G1_POLITICA,titulo,85,2026-05-08,https://g1.globo.com/economia/noticia/2026/05/08/governo-renova-concessoes-de-distribuicao-de-energia-em-13-estados-enel-fica-de-fora.ghtml
53baf515-33cf-420a-b53c-a156a7ba2561,"O Brasil tem três por cento da população mundial. Entretanto, o Brasil tem 11% das vítimas de Covid. Ou seja, três vezes mais do que a média",1,GFC_VERDADEIRO,google_factcheck,AOS_FATOS,afirmacao_checada,140,2022-10-30,https://www.aosfatos.org/noticias/fome-absolvicoes-legado-principais-checagens-lula-campanha/
5088f1cd-e1e6-411b-8444-6f0758333fdf,Alexandre de Moraes sendo xingado em Roma em julho de 2023,0,FALSO,google_factcheck,AFP_CHECAMOS,afirmacao_checada,58,2023-07-20,https://checamos.afp.com/doc.afp.com.33PJ37B
c0199e62-06cd-40d2-869e-1905b7c06c4b,Hungria recoloca bandeira da UE no Parlamento depois de 12 anos — Presidente do Legislativo determinou retorno do símbolo ao edifício minutos antes da posse do novo primeiro-ministro,1,NOTICIA_REAL,noticias_reais,PODER360,titulo_resumo,182,2026-05-09,https://www.poder360.com.br/poder-internacional/hungria-recoloca-bandeira-da-ue-no-parlamento-depois-de-12-anos/
8f517836-a68e-4102-a77d-70e80c92015d,A aposta de Temer sobre reconciliação entre ministros do STF e cúpula do Congresso — Ex-presidente avalia que crise será superada quando a Corte validar a modulação de penas de condenados no 8 de janeiro,1,NOTICIA_REAL,noticias_reais,VEJA_POLITICA,titulo_resumo,203,2026-05-16,https://veja.abril.com.br/politica/a-aposta-de-temer-sobre-reconciliacao-entre-ministros-do-stf-e-cupula-do-congresso/
c93b63c3-084b-430c-9b37-cd55ca1b835a,"Preso pela PF, pai de Vorcaro doou R$ 1 milhão ao partido de Zema em 2022 — O empresário mineiro Henrique Vorcaro, pai do banqueiro Daniel Vorcaro, foi preso nesta quinta-feira (14) durante a sexta fase da Operação Compliance Zero, deflagrada pela Polícia Federal",1,NOTICIA_REAL,noticias_reais,BBC_BRASIL,titulo_resumo,263,2026-05-14,https://www.bbc.com/portuguese/articles/clyp4e0n3eyo?at_medium=RSS&at_campaign=rss
19a5f34a-227f-48e8-b8b4-67e81ca1cf9d,"Frases de feliz dia das mães 2026: veja 57 mensagens tocantes para enviar — O Dia das Mães é uma das datas mais especiais do ano, marcada por homenagens, carinho e gratidão. É o momento de reconhecer todo o amor, dedicação e força das mães, que diariamente se dedicam à família e aos filhos com tanto zelo.",1,NOTICIA_REAL,noticias_reais,UOL_NOTICIAS,titulo_resumo,306,,https://noticias.uol.com.br/cotidiano/ultimas-noticias/2026/05/09/frases-de-feliz-dia-das-maes-2026-veja-55-mensagens-tocantes-para-enviar.ghtm
d9532f1a-b291-45fe-aca6-8e1198fa4fcf,"Datafolha: Lula vai melhor no 2º turno entre os católicos; Flávio, entre os evangélicos — No geral, há empate. A maioria das entrevistas, porém, ocorreu antes da revelação de conversas entre Flávio e o banqueiro Daniel Vorcaro",1,NOTICIA_REAL,noticias_reais,CARTACAPITAL,titulo_resumo,226,2026-05-16,https://www.cartacapital.com.br/cartaexpressa/datafolha-lula-vai-melhor-no-2o-turno-entre-os-catolicos-flavio-entre-os-evangelicos/
6cff333f-c281-440a-9e54-68f8b0010680,"Publicação usa vídeo de uma entrevista do ministro do Supremo Tribunal Federal (STF) Gilmar Mendes à emissora portuguesa RTP. Nela, o magistrado diz não ter ocorrido tentativa clara de golpe nos ataques em Brasília, em 8 de janeiro de 2023. O objetivo da publicação é questionar as prisões dos envolvidos após as investigações e julgamentos sobre os atos antidemocráticos.",0,ENGANOSO,google_factcheck,FOLHA_-_UOL,afirmacao_checada,372,2024-03-21,https://www1.folha.uol.com.br/poder/2024/03/video-antigo-de-gilmar-mendes-e-usado-para-negar-que-atos-de-8-de-janeiro-foram-tentativa-de-golpe.shtml
1d2bee13-d4c2-4315-8edb-e6ad5a5d1b61,Lula mandou esvaziar arquibancada por medo de ser vaiado no carnaval,0,FALSO,google_factcheck,ESTADÃO,afirmacao_checada,68,,https://www.estadao.com.br/estadao-verifica/video-mostra-festa-de-carnaval-suspensa-apos-arquibancada-ceder-na-paraiba-nao-ha-relacao-com-lula/
3e7c33ab-c3d6-4357-a7c7-329d79c4747a,Pablo Marçal e Tarcísio Gomes de Freitas anunciaram a oportunidade do Procon dinheiro de cashback de cartão de crédito,0,FALSO,google_factcheck,BOATOS.ORG,afirmacao_checada,118,2024-09-13,https://www.boatos.org/politica/tarcisio-e-pablo-marcal-alertaram-sobre-dinheiro-de-cashback-do-cartao-de-credito-do-procon.html
104bde47-103d-4d06-a128-52f511f5106d,'Dark Horse' não tem pedido de registro para lançamento no Brasil,1,NOTICIA_REAL,noticias_reais,G1_POLITICA,titulo,65,2026-05-14,https://g1.globo.com/politica/blog/julia-duailibi/post/2026/05/14/dark-horse-lancamento-no-brasil.ghtml
0fb5cb6c-d843-4991-a52e-b0bfe2cf28b4,Fotos mostram motociata de Bolsonaro no RS em 10 de julho de 2021,0,FALSO,google_factcheck,AOS_FATOS,afirmacao_checada,65,2021-07-12,https://www.aosfatos.org/noticias/fotos-da-motociata-de-bolsonaro-em-sp-sao-atribuidas-em-posts-ao-evento-no-rs/
0dd688ae-5b3b-4ede-b258-51d05a6dd803,"Negacionismo fez brasileiros ‘perderem’ 3,4 anos de vida na pandemia — O dado faz parte do Estudo Carga Global de Doenças, publicado neste mês",1,NOTICIA_REAL,noticias_reais,CARTACAPITAL,titulo_resumo,142,2026-05-16,https://www.cartacapital.com.br/saude/negacionismo-fez-brasileiros-perderem-34-anos-de-vida-na-pandemia/
937b4264-555c-4e40-ac19-d8ec880abcf7,"Rede expulsa dirigente da ala de Marina Silva, que fala em perseguição política — A cúpula da Rede Sustentabilidade expulsou uma das copresidentes do partido, Iaraci Dias, que é do grupo político de Marina Silva (Rede-SP). A legenda é comandada pela ala da deputada federal Heloísa Helena (RJ), que vive um embate com a ex-ministra do Meio Ambiente. Leia mais (05/15/2026 - 20h06)",1,NOTICIA_REAL,noticias_reais,FOLHA_PODER,titulo_resumo,380,2026-05-15,https://redir.folha.com.br/redir/online/poder/rss091/*https://www1.folha.uol.com.br/colunas/painel/2026/05/rede-expulsa-dirigente-da-ala-de-marina-silva-que-fala-em-perseguicao-politica.shtml
b7c8db75-b3b0-40d7-912f-d8a739d44c44,"Gilmar Mendes é dono de uma faculdade em Portugal e vai ao país europeu várias vezes por mês, com o governo brasileiro custeando suas viagens privadas. Só em 2024, teriam sido cerca de 40 viagens.",0,FALSO,google_factcheck,UOL_NOTÍCIAS,afirmacao_checada,196,,https://noticias.uol.com.br/confere/ultimas-noticias/2025/07/10/gilmar-mendes-dono-faculdade-40-viagens-portugal-falso.htm
6363ea8d-62f6-4ea2-906c-536845e84638,"Com provas de fraude eleitoral em mãos pela auditoria do exército, STM dá ao ministro Alexandre de Moraes 72 horas para explicar manipulações jurídicas do TSE nas eleições de 2022.",0,FALSO,google_factcheck,BOATOS.ORG,afirmacao_checada,180,2022-11-03,https://www.boatos.org/politica/stm-da-72-horas-para-alexandre-de-moraes-explicar-manipulacoes-tse-nas-eleicoes-2022.html
8f587bb9-e47a-472a-88ec-7d16808fb4e7,Lula diz que discutiu terras raras e tarifas com Trump; PIX e classificação de facções criminosas ficaram de fora da conversa,1,NOTICIA_REAL,noticias_reais,G1_POLITICA,titulo,125,2026-05-07,https://g1.globo.com/politica/noticia/2026/05/07/lula-entrevista-reuniao-trump.ghtml
7ee270dd-2d3f-4fdc-942d-8f7dc5b1eef2,"Paulo Freire NUNCA foi professor, o único diploma que Paulo Freire tinha era de bacharel em direito e sua experiência em alfabetização foi com adultos no acampamento do MST",0,FALSO,google_factcheck,BOATOS.ORG,afirmacao_checada,172,2021-09-20,https://www.boatos.org/brasil/paulo-freire-nunca-foi-professor-e-so-alfabetizou-adultos-do-mst-boato.html
1c8a13f9-0d9b-4705-b53a-a58fa2aa2d9f,"""Ninguém respeita lambe-botas"", diz Lula sobre reunião com Trump",1,NOTICIA_REAL,noticias_reais,AGENCIA_BRASIL,titulo,64,2026-05-08,https://agenciabrasil.ebc.com.br/politica/noticia/2026-05/ninguem-respeita-lambe-botas-diz-lula-sobre-reuniao-com-trump
8aba5a27-8718-436e-a638-88792d640dc6,Haddad afirma em SP que 'toda a relação do Daniel Vorcaro é com o governo Bolsonaro',1,NOTICIA_REAL,noticias_reais,G1_POLITICA,titulo,84,2026-05-14,https://g1.globo.com/sp/sao-paulo/eleicoes/2026/noticia/2026/05/13/haddad-afirma-que-vorcaro-e-rebento-do-governo-bolsonaro-durante-evento-em-sp.ghtml
f4cf188f-d560-4b4f-843b-67b6476f299b,"A vacina da Moderna contra a covid-19 contém o SM-102, um ingrediente suspeito de causar câncer e infertilidade",0,FALSO,google_factcheck,AFP_CHECAMOS,afirmacao_checada,111,2021-06-04,https://checamos.afp.com/postagens-alegam-erroneamente-que-vacina-da-moderna-contem-um-ingrediente-inseguro
a0813eda-bac6-4127-97b2-857f39931187,Boulos volta a criticar “terrorismo econômico” contra fim da 6 por 1,1,NOTICIA_REAL,noticias_reais,AGENCIA_BRASIL,titulo,68,2026-05-12,https://agenciabrasil.ebc.com.br/politica/noticia/2026-05/boulos-volta-criticar-terrorismo-economico-contra-fim-da-6-por-1
cdc703c7-5158-4070-832f-f59ec7443314,Ciro lança pré-candidatura ao governo do Ceará com discurso focado na segurança — O ex-prefeito de Fortaleza Roberto Cláudio deve ser o vice do tucano,1,NOTICIA_REAL,noticias_reais,CARTACAPITAL,titulo_resumo,150,2026-05-16,https://www.cartacapital.com.br/cartaexpressa/ciro-lanca-pre-candidatura-ao-governo-do-ceara-com-discurso-focado-na-seguranca/
66ab5219-3a26-4d65-bc91-c53d5cd41c7c,"""Momento em que presos políticos fueron liberados em Venezuela""",0,FALSO,google_factcheck,UOL_NOTÍCIAS,afirmacao_checada,63,,https://noticias.uol.com.br/confere/ultimas-noticias/2026/01/13/falso-video-libertacao-presos-venezuela-2024.htm
848ecdc9-49e1-4421-b671-74eb5dce7b2e,Evento com Ciro Nogueira que oficializaria apoio do PP a Tarcísio em SP deve ser adiado,1,NOTICIA_REAL,noticias_reais,G1_POLITICA,titulo,87,2026-05-07,https://g1.globo.com/politica/noticia/2026/05/07/evento-com-ciro-nogueira-que-oficializaria-apoio-do-pp-a-tarcisio-em-sp-deve-ser-adiado.ghtml
3eca99e4-817e-45b9-9d40-ca7c5ea8cd89,Bolsonaro pegou 44 milhões dos aposentados e do Banco Master Canal UOL descubriu,0,FALSO,google_factcheck,UOL_NOTÍCIAS,afirmacao_checada,80,,https://noticias.uol.com.br/confere/ultimas-noticias/2026/02/10/falso-bolsonaro-r-44-milhoes-fraude-inss-banco-master.htm
b35804cd-a2e7-47cb-926d-5d58f544457c,Câmara aprova MP que prevê renovação automática de CNH,1,NOTICIA_REAL,noticias_reais,AGENCIA_BRASIL,titulo,54,2026-05-07,https://agenciabrasil.ebc.com.br/politica/noticia/2026-05/camara-aprova-mp-que-preve-renovacao-automatica-de-cnh
55aca96f-b00f-435b-ba90-54e0b10ef76d,Lula diz que criará Ministério da Segurança após Senado aprovar PEC,1,NOTICIA_REAL,noticias_reais,AGENCIA_BRASIL,titulo,67,2026-05-12,https://agenciabrasil.ebc.com.br/politica/noticia/2026-05/lula-diz-que-criara-ministerio-da-seguranca-apos-senado-aprovar-pec
98aa54fe-a5a2-4d57-98d1-d5dda58595b8,Não houve aumento do salário mínimo [no governo Bolsonaro]. Houve apenas uma reposição inflacionária,1,GFC_VERDADEIRO,google_factcheck,AOS_FATOS,afirmacao_checada,100,2022-10-30,https://www.aosfatos.org/noticias/fome-absolvicoes-legado-principais-checagens-lula-campanha/
3bf2595b-979a-4c50-a7b7-5d1b9a618f65,Relação entre Flávio Bolsonaro e Vorcaro repercute na imprensa internacional,1,NOTICIA_REAL,noticias_reais,G1_POLITICA,titulo,76,2026-05-13,https://g1.globo.com/mundo/noticia/2026/05/13/relacao-entre-flavio-bolsonaro-e-vorcaro-repercute-na-imprensa-internacional.ghtml
616c5b85-eaa7-4a4d-adf0-836cf3ecc8f7,"Direita se desarruma e abre a cena eleitoral — A trombada foi feia, obrigou Flávio Bolsonaro ( PL ) a sair da inércia, levou o PT a acionar a artilharia antes do previsto, escancarou as divergências na direita e pode mudar o rumo da corrida eleitoral. Leia mais (05/16/2026 - 15h00)",1,NOTICIA_REAL,noticias_reais,FOLHA_PODER,titulo_resumo,282,2026-05-16,https://redir.folha.com.br/redir/online/poder/rss091/*https://www1.folha.uol.com.br/colunas/dora-kramer/2026/05/direita-se-desarruma-e-abre-a-cena-eleitoral.shtml
2e22032c-e2b1-4973-844f-605d46792514,"Com Bolsonaro isolado, aliados resistem em acatar indicação dos filhos para o Senado",1,NOTICIA_REAL,noticias_reais,UOL_NOTICIAS,titulo,84,,https://www1.folha.uol.com.br/poder/2026/05/com-bolsonaro-isolado-aliados-resistem-em-acatar-indicacao-dos-filhos-para-o-senado.shtml
7ac1bbed-0677-4b1a-a90b-8480584e96d0,Nikolas Ferreira vota para encarecer a conta de luz e foge das redes,0,FALSO,google_factcheck,UOL_NOTÍCIAS,afirmacao_checada,68,,https://noticias.uol.com.br/confere/ultimas-noticias/2025/06/26/nikolas-ferreira-voto-favor-aumento-conta-luz-falso.htm
41b58393-4c9b-47cc-a9cd-4324bf92ac0f,Jornal Nacional diz que novas regras da Receita permitem monitorar individualmente transações via Pix,0,FALSO,google_factcheck,DESCONHECIDA,afirmacao_checada,101,2026-01-13,https://www.aosfatos.org/noticias/receita-nao-vai-monitorar-transacoes-pix-aproximacao-individualmente/
9ea3a5a0-fe0d-4af8-9c33-0314c1452347,Bolsonaro demitiu 13.710 ‘comunistas do PT’ que comandavam universidades,0,FALSO,google_factcheck,AOS_FATOS,afirmacao_checada,72,2021-12-16,https://www.aosfatos.org/noticias/e-falso-que-bolsonaro-demitiu-13710-comunistas-do-pt-que-comandavam-universidades/
82b1750c-0b89-4949-892b-19d8b17e5211,"Antiviral molnupiravir, aprovado no Reino Unido para tratar covid, é ivermectina repaginada",0,FALSO,google_factcheck,AFP_CHECAMOS,afirmacao_checada,91,2021-11-09,https://checamos.afp.com/doc.afp.com.9RC7AF
f1f118fc-1bde-4bf4-a276-35518016eafb,Lula debocha de endividados e diz que é bom que o povo possa se endividar,0,ENGANOSO,google_factcheck,AFP_CHECAMOS,afirmacao_checada,73,2026-05-06,https://checamos.afp.com/doc.afp.com.B2339G3
697b0960-965c-4dae-9c4f-d8df74184144,"Após áudio, Flávio diz que resistirá: “Tenho sangue de Bolsonaro” — Pré-candidato a presidente citou “missão” dada por Jair Bolsonaro após divulgação de recebimento de R$ 61 milhões de Daniel Vorcaro para filme",1,NOTICIA_REAL,noticias_reais,PODER360,titulo_resumo,210,2026-05-16,https://www.poder360.com.br/poder-eleicoes/apos-audio-flavio-diz-que-resistira-tenho-sangue-de-bolsonaro/
dae991af-7a4f-4962-ba59-831c1420c8d7,MPF pede julgamento sobre ataques da Marinha a João Cândido — Órgão pede indenização de R$ 5 milhões por danos à memória do líder da Revolta da Chibata e da população negra,1,NOTICIA_REAL,noticias_reais,CORREIO_BRAZILIENSE,titulo_resumo,172,2026-05-15,https://www.correiobraziliense.com.br/politica/2026/05/7420940-mpf-pede-julgamento-sobre-ataques-da-marinha-a-joao-candido.html
2992168c-e6d3-4f70-9ddd-27ecf0da0da9,"Veículo do MST envolvido em acidente, carregando várias caixas de munição.",0,FALSO,google_factcheck,BOATOS.ORG,afirmacao_checada,74,2023-05-22,https://www.boatos.org/politica/veiculo-mst-cheio-municao-se-envolve-acidente.html
f7a035fe-67ca-4f04-a135-9bbaf3994fb4,Lula desiste de ir para São Paulo e não votará em Boulos no segundo turno,0,ENGANOSO,google_factcheck,ESTADÃO,afirmacao_checada,73,,https://www.estadao.com.br/estadao-verifica/lula-desiste-boulos-sao-paulo-enganoso/
b6e06371-2051-4e72-bb36-28527a5fbeba,Infiltrados do PT e do PSOL nos ataques em Brasília em 8 de janeiro de 2023,0,FALSO,google_factcheck,AFP_CHECAMOS,afirmacao_checada,75,2023-01-13,https://checamos.afp.com/doc.afp.com.336Z8RC
70a7d6dc-cc9d-4eac-8338-c4f159854e0f,"Hantavírus mata quase metade dos infectados no Brasil: onde há mais risco (e por que não tem a ver com surto em cruzeiro) — No país, o vírus circula de forma contínua em determinadas regiões, principalmente em áreas rurais, mas especialistas afirmam que não há risco de uma nova epidemia, como a Covid-19",1,NOTICIA_REAL,noticias_reais,BBC_BRASIL,titulo_resumo,304,2026-05-11,https://www.bbc.com/portuguese/articles/clyp28w80xlo?at_medium=RSS&at_campaign=rss
23c2fb1e-0863-4f60-9f2f-c3aeb71c4a8c,"A bola fora de governador interino do Rio de Janeiro durante ‘exoneraço’ — Nos primeiros dias à frente do governo, Ricardo Couto procurou por funcionária que ele mesmo havia exonerado",1,NOTICIA_REAL,noticias_reais,VEJA_POLITICA,titulo_resumo,183,2026-05-15,https://veja.abril.com.br/politica/a-bola-fora-de-governador-interino-do-rio-de-janeiro-durante-exoneraco/
d3c5f720-85d9-4fd0-990c-e778a0642eb5,"Cacique Raoni, de 94 anos, é internado em UTI com pneumonia — Líder indígena está no Hospital Dois Pinheiros, em Sinop (MT); medida preventiva visa a monitorar quadro respiratório",1,NOTICIA_REAL,noticias_reais,PODER360,titulo_resumo,179,2026-05-17,https://www.poder360.com.br/poder-brasil/cacique-raoni-de-94-anos-e-internado-em-uti-com-pneumonia/
81822255-e114-4d70-8af7-87aafc27a048,Lula ladrão seu lugar é na prisão em plena propaganda eleitoral na Marquês de Sapucaí,0,FALSO,google_factcheck,BOL_-_UOL,afirmacao_checada,85,,https://www.bol.uol.com.br/noticias/2026/02/19/falso-video-lula-vaiado-sapucai.htm
25afe167-ad03-43fc-8204-784dc8535da8,"Dono da JBS, (proteínas)Gilberto Tommazzoni , setor de alimentos vale a pena ouvir",0,FALSO,google_factcheck,BOATOS.ORG,afirmacao_checada,82,2024-01-05,https://www.boatos.org/politica/dono-jbs-gilberto-tomazoni-gravou-video-dizendo-reforma-tributaria-revolucao-comunista-do-pt.html
f3bf2aa2-dc5c-4537-b087-a49e6a2dc174,CDC admite que falsificou 99% das mortes por covid-19 para assustar o público e fazê-lo tomar a vacina,0,FALSO,google_factcheck,ESTADÃO,afirmacao_checada,102,,https://www.estadao.com.br/estadao-verifica/cdc-fraudou-99-mortes-covid-eua-agosto/
2e306b2e-2d5f-4614-94a6-412ada5a2cb7,Vídeo de Alexandre Moraes sendo hostilizado na Itália,0,ENGANOSO,google_factcheck,UOL_NOTÍCIAS,afirmacao_checada,53,,https://noticias.uol.com.br/confere/ultimas-noticias/2023/07/17/post-usa-video-de-2022-como-se-fosse-de-agressao-a-moraes-na-italia.htm
dd33e4f8-3212-42bc-95c5-a072ab862ad6,Vorcaro revelou participação de Lulinha e Moraes em atentado a faca contra Bolsonaro,0,FALSO,google_factcheck,ESTADÃO,afirmacao_checada,84,,https://www.estadao.com.br/estadao-verifica/falso-daniel-vorcaro-revelacoes-sobre-adelio-bispo/
b6b31ca2-592a-4e39-aba9-f2ac20ce22e9,Lula e o PT têm ligação com o tráfico de drogas no Rio de Janeiro e com as FARC,0,ENGANOSO,google_factcheck,PROJETO_COMPROVA,afirmacao_checada,79,2022-10-28,https://projetocomprova.com.br/publica%C3%A7%C3%B5es/deputado-eleito-repete-alegacoes-ja-desmentidas-para-tentar-ligar-lula-a-narcotrafico-e-farc/
7e31bd82-44be-41d3-8110-ad8daa743c01,Facção criminosa sequestrou urnas eletrônicas em Jandira,0,FALSO,google_factcheck,AOS_FATOS,afirmacao_checada,56,2024-10-08,https://www.aosfatos.org/noticias/falso-video-equador-para-alegar-faccao-criminosa-sequestrou-urnas-sp/
48b5c874-65a7-4f19-9cc1-23b9bd12a830,Triste é que um deputado apresenta um projeto de lei em que o estuprador pode pegar uma pena menor do que a estuprada,1,GFC_VERDADEIRO,google_factcheck,AOS_FATOS,afirmacao_checada,117,2024-06-18,https://www.aosfatos.org/noticias/checamos-lula-entrevista-cbn/
de64679e-f3db-4fdd-aa7a-6c34dd19878c,Gleisi Hoffmann disse que esquerda quer o desemprego efetivo,0,FORA_DE_CONTEXTO,google_factcheck,ESTADÃO,afirmacao_checada,60,,https://www.estadao.com.br/estadao-verifica/gleisi-hoffmann-desemprego-efetivo/
179bfe45-cbcd-4b10-92c9-a5750b492a3b,"Em sinalização ao multilateralismo, ministro da Fazenda é convidado e fará discurso em reunião do G7",1,NOTICIA_REAL,noticias_reais,UOL_NOTICIAS,titulo,100,,https://www1.folha.uol.com.br/colunas/painel/2026/05/em-sinalizacao-ao-multilateralismo-ministro-da-fazenda-e-convidado-e-fara-discurso-em-reuniao-do-g7.shtml
9d6e6863-47c6-4172-a9df-0633f117473d,"Greve das prefeituras. Dessa vez Lula se superou, viu",0,ENGANOSO,google_factcheck,UOL_NOTÍCIAS,afirmacao_checada,53,,https://noticias.uol.com.br/comprova/ultimas-noticias/2023/09/13/entenda-a-mobilizacao-dos-prefeitos-em-defesa-do-fpm.htm
f53a3877-7e53-48f9-a79f-c2f01a9e261c,"PF suspeita que dinheiro de Vorcaro tenha custeado despesas de Eduardo Bolsonaro nos EUA — A Polícia Federal suspeita que recursos ligados a Daniel Vorcaro , do Banco Master , foram usados para financiar despesas do ex-deputado Eduardo Bolsonaro ( PL -SP) nos Estados Unidos, onde ele vive desde fevereiro de 2025. Leia mais (05/14/2026 - 13h04)",1,NOTICIA_REAL,noticias_reais,FOLHA_PODER,titulo_resumo,345,2026-05-14,https://redir.folha.com.br/redir/online/poder/rss091/*https://www1.folha.uol.com.br/poder/2026/05/pf-suspeita-que-dinheiro-de-vorcaro-tenha-custeado-despesas-de-eduardo-bolsonaro-nos-eua.shtml
e13efc14-53b2-4866-b9e3-24cad5755b53,A retirada das redes desse pessoal já está sendo acertada com o Supremo e o TSE,0,FALSO,google_factcheck,UOL_NOTÍCIAS,afirmacao_checada,79,2022-11-14,https://noticias.uol.com.br/confere/ultimas-noticias/2022/11/14/e-falso-que-randolfe-assumiu-atuar-contra-politicos-de-direita-no-whatsapp.htm
91968eb4-bc4d-462b-981b-2cce9d8f6ad5,"Após reunião com Trump, Lula diz que terras raras são questão de 'soberania nacional'",1,NOTICIA_REAL,noticias_reais,G1_POLITICA,titulo,85,2026-05-07,https://g1.globo.com/politica/noticia/2026/05/07/lula-diz-que-terras-raras-e-questao-de-soberania-nacional.ghtml
42caad2c-8dca-4fa7-a628-7732d1a83d09,O Brasil tem 3% da população do mundo. Aqui morreram 11% da população do mundo.,1,GFC_VERDADEIRO,google_factcheck,AOS_FATOS,afirmacao_checada,79,2022-08-15,https://www.aosfatos.org/noticias/checamos-ciro-gomes-roda-viva/
a3102392-efb8-452c-bb1e-57c20ad996c0,Passamos a integrar a elite de apenas cinco países que produzem vacina contra a Covid,0,FALSO,google_factcheck,AOS_FATOS,afirmacao_checada,85,2021-06-02,https://www.aosfatos.org/noticias/em-pronunciamento-bolsonaro-infla-acoes-do-governo-durante-pandemia/
71532235-ad3c-483a-bc5f-8a1d89884876,"Sanção absurda de Trump não vai ver ""os fogos de réveillon"" de 2026 — Economista fala sobre a fama viral ""Trump sempre amarela"" e aposta que sanção não dura",1,NOTICIA_REAL,noticias_reais,METROPOLES,titulo_resumo,156,2025-07-11,https://www.metropoles.com/blog-do-noblat/sancao-absurda-de-trump-nao-vai-ver-os-fogos-de-reveillon-de-2026
37a7bac2-7e9e-4bf4-bd87-77cc4463c7cd,PL das Fake News vai proibir versículos bíblicos nas redes sociais,0,ENGANOSO,google_factcheck,ESTADÃO,afirmacao_checada,66,,https://www.estadao.com.br/estadao-verifica/pl-fake-news-versiculos-biblia/
094e1e08-a21a-403f-bcb5-d37636801c3f,Governo Lula expropriou terras no Rio Grande do Sul,0,ENGANOSO,google_factcheck,ESTADÃO,afirmacao_checada,51,,https://www.estadao.com.br/estadao-verifica/expropriacao-terras-vicente-dutra-rio-grande-do-sul-heinze-enganoso/
4b63673f-05f1-4b2b-b8ee-d41225be8a09,"Já começou a fechar Empresas e comércios, vai ser desemprego em massa, imaginem quando a Havan fechar!",0,FALSO,google_factcheck,BOATOS.ORG,afirmacao_checada,102,2023-01-15,https://www.boatos.org/politica/luciano-hang-havan-vai-fechar-demitir-deixar-brasil.html
d9e1baa9-2f7a-410d-81a3-536e3fe1a5d4,STF apura emenda parlamentar para produtora de filme sobre Bolsonaro,1,NOTICIA_REAL,noticias_reais,AGENCIA_BRASIL,titulo,68,2026-05-14,https://agenciabrasil.ebc.com.br/politica/noticia/2026-05/stf-apura-emenda-parlamentar-para-produtora-de-filme-sobre-bolsonaro
5aa79c0b-47c8-4ee8-a19f-9cf10f122237,"O mesmo país que supostamente elegeu Lula escolheu prefeitos do PT em apenas 46 cidades, enquanto o PL de Bolsonaro elegeu 508 prefeitos",0,FALSO,google_factcheck,ESTADÃO,afirmacao_checada,136,,https://www.estadao.com.br/estadao-verifica/pt-46-pl-508-prefeitos-eleitos-falso/
bc7bfae3-1613-4c80-9771-7b46334e4355,"Flávio Bolsonaro, o irmão Vorcaro e a máxima de que não há almoço de graça — Agentes privados gastam dinheiro grosso para comprar simpatia, favores e, às vezes, vantagens indevidas",1,NOTICIA_REAL,noticias_reais,VEJA_POLITICA,titulo_resumo,180,2026-05-16,https://veja.abril.com.br/politica/flavio-bolsonaro-o-irmao-vorcaro-e-a-maxima-de-que-nao-ha-almoco-de-graca/
700c8611-e49b-454f-bfdc-534325ba27f3,"Hantavírus: Ilhas Canárias dizem que recusarão ancoragem de navio com casos — O governo das Ilhas Canárias decidiu não autorizar a ancoragem do cruzeiro MV Hondius, que registra um surto de hantavírus com três mortes a bordo. A decisão foi tomada na noite deste sábado (9) poucas horas antes do horário programado para a operação, prevista para as 4h deste domingo (10), no horário de Brasília.",1,NOTICIA_REAL,noticias_reais,UOL_NOTICIAS,titulo_resumo,394,,https://noticias.uol.com.br/internacional/ultimas-noticias/2026/05/09/hantavirus-ilhas-canarias-dizem-que-recusarao-ancoragem-de-navio-com-casos.ghtm
99e33a08-a99c-4ff9-82f6-a844ee50eedb,Cidade do México diz que ivermectina reduziu internações por covid-19,0,FALSO,google_factcheck,UOL_NOTÍCIAS,afirmacao_checada,69,2021-05-20,https://noticias.uol.com.br/comprova/ultimas-noticias/2021/05/20/estudo-no-mexico-nao-prova-que-ivermectina-reduziu-internacoes-por-covid-19.htm
0a5c5a9e-a88f-4923-bb04-b8166869a01a,Comandante do Exército questionou esquema envolvendo Lula e Moraes,0,FALSO,google_factcheck,PROJETO_COMPROVA,afirmacao_checada,66,2022-12-09,https://projetocomprova.com.br/publica%C3%A7%C3%B5es/video-inventa-acusacoes-de-comandante-do-exercito-contra-alexandre-de-moraes/
358b7624-ae96-4282-a676-c00bbe246bda,"No Ceará, Michelle Bolsonaro chegará de jatinho a Brasilia esta tarde — Ex-primeira-dama estava no estado nordestino cumprindo agenda do PL Mulher quando seu marido, o ex-presidente Jair Bolsonaro foi preso",1,NOTICIA_REAL,noticias_reais,METROPOLES,titulo_resumo,206,2025-11-22,https://www.metropoles.com/brasil/politica-brasil/no-ceara-michelle-bolsonaro-chegara-de-jatinho-a-brasilia-esta-tarde
530f8e0f-c9ba-4c37-acba-a94b47373457,Urna eletrônica faz 30 anos: ‘ninjas’ da tecnologia ajudaram a criar em São José máquina que transformou as eleições no Brasil; veja história,1,NOTICIA_REAL,noticias_reais,G1_POLITICA,titulo,141,2026-05-10,https://g1.globo.com/sp/vale-do-paraiba-regiao/eleicoes/2026/noticia/2026/05/10/urna-eletronica-faz-30-anos-ninjas-da-tecnologia-ajudaram-a-criar-em-sao-jose-maquina-que-transformou-as-eleicoes-no-brasil-veja-historia.ghtml
51cbfe59-246d-4c9a-806c-985701c76cad,Lula diz que pediu a Trump entrega de criminosos do Brasil que estão em Miami,1,NOTICIA_REAL,noticias_reais,G1_POLITICA,titulo,77,2026-05-12,https://g1.globo.com/politica/noticia/2026/05/12/lula-diz-que-pediu-a-trump-que-entregasse-criminosos-do-brasil-que-estao-em-miami.ghtml
72a242fd-fe1e-4604-9fde-d77760886115,"Declarações de Lula, como a de que ele só foi eleito porque os nordestinos analfabetos votaram nele",0,ENGANOSO,google_factcheck,ESTADÃO,afirmacao_checada,99,,https://www.estadao.com.br/estadao-verifica/declaracoes-lula-fora-de-contexto/
6a1d807d-5fff-4980-a518-294cdd3a4a61,"José Dirceu recebe diagnóstico de linfoma e inicia tratamento em SP — O ex-ministro da Casa Civil José Dirceu ( PT ) recebeu diagnóstico de linfoma, segundo nota divulgada pelo hospital Sírio-Libanês nesta sexta-feira (15). Ele é pré-candidato a deputado federal por São Paulo. Leia mais (05/15/2026 - 16h58)",1,NOTICIA_REAL,noticias_reais,FOLHA_PODER,titulo_resumo,308,2026-05-15,https://redir.folha.com.br/redir/online/poder/rss091/*https://www1.folha.uol.com.br/poder/2026/05/jose-dirceu-recebe-diagnostico-de-linfoma-e-inicia-tratamento-em-sp.shtml
c27684a6-553e-46fd-9aff-78aa412512e8,Eduardo Bolsonaro enaltece Pablo Marçal como escolha política para prefeitura de São Paulo,0,FALSO,google_factcheck,AOS_FATOS,afirmacao_checada,90,2024-07-18,https://www.aosfatos.org/noticias/video-editado-familia-bolsonaro-pablo-marcal/
13dc3dfd-c422-4d85-b62a-b45f8b30488c,Flávio Bolsonaro é flagrado fumando vape e bebendo em ensaio de escola de samba no Rio após visita a igreja,0,ENGANOSO,google_factcheck,UOL_NOTÍCIAS,afirmacao_checada,107,,https://noticias.uol.com.br/confere/ultimas-noticias/2026/01/30/enganoso-flavio-ensaio-sapucai-apos-culto.htm
38003f9d-8fa6-4366-bd9a-7f505d789e62,"Riqueza de Elon Musk era de US$ 2 bi em 2012 e aumentou para US$ 245,6 bi em 2024.",0,ENGANOSO,google_factcheck,ESTADÃO,afirmacao_checada,82,,https://www.estadao.com.br/estadao-verifica/fortunas-musk-zuckerberg-bezos-salario-minimo/
3226ddc5-9bdc-4d52-b2db-5ca987bfb545,"Um vídeo que circula no TikTok, no qual o advogado e político croata Mislav Kolakusic tira de contexto uma declaração dada por Janine Small, executiva da Pfizer, ao Parlamento Europeu para sugerir ineficácia da vacinação contra a covid-19. Para reforçar o discurso negacionista, a peça verificada afirma que a farmacêutica teria admitido um “crime mundial”.",0,ENGANOSO,google_factcheck,FOLHA_-_UOL,afirmacao_checada,357,2022-11-16,https://www1.folha.uol.com.br/cotidiano/2022/11/video-distorce-declaracao-de-executiva-da-pfizer-sobre-eficacia-da-vacina-da-covid.shtml
db5dc1f5-fda0-4bd6-9511-ec2a6b73a78d,"Ala do PL do Rio vê Castro mais frágil, mas descarta abandono imediato — Ex-governador do Rio foi alvo de ação da PF que investiga possíveis fraudes fiscais pela Refit, a antiga Refinaria de Manguinhos",1,NOTICIA_REAL,noticias_reais,VEJA_POLITICA,titulo_resumo,201,2026-05-15,https://veja.abril.com.br/politica/ala-do-pl-do-rio-ve-castro-mais-fragil-mas-descarta-abandono-imediato/
c68af462-b469-42e4-b0c3-b78292b5adf6,Vídeo mostra o armazém militar onde as vacinas contra covid-19 foram armazenadas na Itália pegando fogo magicamente após a vacinação obrigatória para todas as forças de segurança ser aprovada,0,ENGANOSO,google_factcheck,AFP_CHECAMOS,afirmacao_checada,191,2021-12-27,https://checamos.afp.com/doc.afp.com.9VA4ZP
a7448f4a-5b6e-4fab-938d-c1d85bed3c88,Lula e Dilma têm contas na Suíça com R$ 300 milhões,0,ENGANOSO,google_factcheck,ESTADÃO,afirmacao_checada,51,,https://www.estadao.com.br/estadao-verifica/lula-dilma-contas-suica-jbs-enganoso/
1f67b2be-b91d-410c-870a-68a14bec2613,Nikolas Ferreira é acompanhado de multidão em caminhada contra prisão de Bolsonaro ao lado de André Fernandes e Gustavo Gayer,0,FALSO,google_factcheck,UOL_NOTÍCIAS,afirmacao_checada,125,,https://noticias.uol.com.br/confere/ultimas-noticias/2026/01/22/foto-de-multidao-em-caminhada-com-nikolas-ferreira-e-ia.htm
e9677324-ed86-49fb-b7c2-38ba87fc2fef,Erika Hilton só trabalhou 78 dias este ano e folgou 202,0,ENGANOSO,google_factcheck,ESTADÃO,afirmacao_checada,55,,https://www.estadao.com.br/estadao-verifica/erika-hilton-dias-faltas-folgas-camara/
a8a43782-2644-42fb-996b-3a3045faaf68,Lula anuncia isenção do IR para quem ganha até R$ 5 mil a partir de 18 de março,0,ENGANOSO,google_factcheck,ESTADÃO,afirmacao_checada,79,,https://www.estadao.com.br/estadao-verifica/isencao-ir-5-mil-comeca-18-de-marco-2025-enganoso/
e671d96d-390d-4792-8cd6-94965b2dc8d7,Governo Lula quer taxar em R$ 10 por entrega motoboys de aplicativo de delivery,0,ENGANOSO,google_factcheck,BOL_-_UOL,afirmacao_checada,79,,https://www.bol.uol.com.br/noticias/2026/03/17/governo-nao-propos-taxar-entregadores-de-aplicativo.htm?t={seek_to_second_number}
ef39ee06-8353-46ad-85a8-b99908577e61,"Grande centrão: Veredas — ""O senhor sabe: centrão é onde manda quem é forte, com as astúcias."" Leia mais (05/13/2026 - 19h00)",1,NOTICIA_REAL,noticias_reais,FOLHA_PODER,titulo_resumo,125,2026-05-13,https://redir.folha.com.br/redir/online/poder/rss091/*https://www1.folha.uol.com.br/colunas/conrado-hubner-mendes/2026/05/grande-centrao-veredas.shtml
3a8162b6-03c0-4e5c-8f54-0260e5819cf0,Jair Renan filho de Bolsonaro é alvo de operação policial em 2026,0,ENGANOSO,google_factcheck,DESCONHECIDA,afirmacao_checada,65,2026-05-06,https://checamos.afp.com/doc.afp.com.A9ZT363
ee3c3211-7644-44c6-8a7f-e9b6a7e80103,Trama golpista: Nunes Marques será relator de pedido de anulação de condenação de Bolsonaro,1,NOTICIA_REAL,noticias_reais,G1_POLITICA,titulo,91,2026-05-11,https://g1.globo.com/politica/noticia/2026/05/11/trama-golpista-nunes-marques-sera-relator-bolsonaro.ghtml
35e129b8-f4ce-4ec1-af26-b5d59256b697,Tarcísio de Freitas divulga link para consulta e saque de indenização por vazamento de dados,0,FALSO,google_factcheck,ESTADÃO,afirmacao_checada,92,,https://www.estadao.com.br/estadao-verifica/falso-governador-tarcisio-de-freitas-anunciou-indenizacao-dados-vazados/
27e7e65d-1197-4bf9-985e-3b814dc377ec,Alexandre Frota confessa que foi namorado de Bolsonaro por dois anos o artista pornográfico era namorado de Bolsonaro,0,FALSO,google_factcheck,UOL_NOTÍCIAS,afirmacao_checada,117,,https://noticias.uol.com.br/confere/ultimas-noticias/2026/04/15/falso-alexandre-frota-namorou-jair-bolsonaro.ghtm
c871ccb4-70a3-4f3c-9ad7-035e822d75d4,A vacinação contra covid-19 causa hepatite infantil,0,ENGANOSO,google_factcheck,AFP_CHECAMOS,afirmacao_checada,51,2022-05-11,https://checamos.afp.com/doc.afp.com.329W7H7
d43c9f4d-908f-4115-8b76-92f8aac5922e,"As guerras na Ucrânia e no Irã são parte de uma mesma guerra mundial, diz professor americano — Em entrevista à BBC News Brasil, o cientista político Paul Poast explica por que acredita que o mundo já atravessa uma guerra mundial, os riscos de uma escalada global e por que, na sua visão, a guerra no Irã não passa no teste da guerra justa.",1,NOTICIA_REAL,noticias_reais,BBC_BRASIL,titulo_resumo,340,2026-05-09,https://www.bbc.com/portuguese/articles/cy72gk2v328o?at_medium=RSS&at_campaign=rss
87d4ce7b-9776-4329-ba40-fa492ca7a351,"Webinar gratuito discute direito eleitoral para jornalistas — O Instituto Tornavoz, com apoio do Google News Initiative, promove entre os dias 19 e 26 de maio, de forma gratuita, o webinar ""Direito Eleitoral para Jornalistas - 2026"". Leia mais (05/14/2026 - 12h06)",1,NOTICIA_REAL,noticias_reais,FOLHA_PODER,titulo_resumo,264,2026-05-14,https://redir.folha.com.br/redir/online/poder/rss091/*https://www1.folha.uol.com.br/colunas/painel/2026/05/webinar-gratuito-discute-direito-eleitoral-para-jornalistas.shtml
82dd376f-8666-4352-90fb-08000d07c255,Alexandre de Moraes está preocupado com a qualidade das drogas no país,0,FORA_DE_CONTEXTO,google_factcheck,ESTADÃO,afirmacao_checada,70,,https://www.estadao.com.br/estadao-verifica/alexandre-moraes-discursa-qualidade-drogas-contexto/
ec05e298-64e5-44a1-8607-27a769ef2dee,"Pai de Daniel Vorcaro é preso pela PF em nova fase da Operação Compliance Zero, que investiga caso Master",1,NOTICIA_REAL,noticias_reais,G1_POLITICA,titulo,105,2026-05-14,https://g1.globo.com/politica/noticia/2026/05/14/pai-de-daniel-vorcaro-e-preso.ghtml
2749c120-5f65-4c2a-83d2-2976310837aa,Lula liga para ministro para parabenizar sobre a prisão de Bolsonaro,0,FALSO,google_factcheck,BOL_-_UOL,afirmacao_checada,68,,https://www.bol.uol.com.br/noticias/2025/12/03/e-falso-suposto-audio-de-lula-parabenizando-moraes-por-prisao-de-bolsonaro.htm
1eda19d8-487f-422c-bbd2-63baa5afa322,Lula destinou 15 milhões de reais a empresas do Oriente Médio afetadas pela guerra e esse dinheiro sai do bolso do povo brasileiro,0,FALSO,google_factcheck,UOL_NOTÍCIAS,afirmacao_checada,130,,https://noticias.uol.com.br/confere/ultimas-noticias/2026/04/10/checagem-governo-lula-15-bilhoes-empresas-oriente-medio.ghtm
6f46e670-7c83-4165-b7ff-4bbaabf9a43c,"Havengate: o fundo na mira da PF que conecta Vorcaro, Flávio e Eduardo Bolsonaro — O fundo com sede no Texas recebeu pelo menos US$ 2 milhões em recursos de empresa ligada a Vorcaro. A Polícia Federal investiga a transferência de recursos. Flávio e Eduardo Bolsonaro negam irregularidades.",1,NOTICIA_REAL,noticias_reais,BBC_BRASIL,titulo_resumo,289,2026-05-16,https://www.bbc.com/portuguese/articles/cp8pwzl3y45o?at_medium=RSS&at_campaign=rss
b088001c-4693-4584-a8c9-eff425409f2e,"Tarcísio diz que áudio de Flávio Bolsonaro preocupa, mas defende o aliado — O governador Tarcísio de Freitas (Republicanos) disse que a divulgação do áudio do senador Flávio Bolsonaro ( PL -RJ) pedindo dinheiro para Daniel Vorcaro preocupa, mas defendeu a postura do aliado até o momento e afirmou que o episódio não deve comprometer candidaturas. Leia mais (05/14/2026 - 13h53)",1,NOTICIA_REAL,noticias_reais,FOLHA_PODER,titulo_resumo,378,2026-05-14,https://redir.folha.com.br/redir/online/poder/rss091/*https://www1.folha.uol.com.br/poder/2026/05/tarcisio-diz-que-audio-de-flavio-bolsonaro-preocupa-mas-defende-o-aliado.shtml
e992bf42-3487-4b66-8cee-b8e816524f2f,"Joaquim Barbosa se filia ao DC para concorrer à presidência: ""Obama brasileiro"" — O presidente do partido, ex-deputado João Caldas, afirma que Barbosa é o nome da unificação nacional",1,NOTICIA_REAL,noticias_reais,CORREIO_BRAZILIENSE,titulo_resumo,182,2026-05-16,https://www.correiobraziliense.com.br/politica/2026/05/7421290-joaquim-barbosa-se-filia-ao-dc-para-concorrer-a-presidencia-obama-brasileiro.html
816ff4fa-4b1e-4525-8112-03790ea4f296,Quem tem mais de 40 anos pode ter prioridade no Bolsa Família,0,FALSO,google_factcheck,ESTADÃO,afirmacao_checada,61,,https://www.estadao.com.br/estadao-verifica/bolsa-familia-40-anos-prioridade-falso/
9be92891-07a9-4685-a285-161372215e91,Vazaram mais imagens do 8 de janeiro: Lula armou a invasão para incriminar os patriotas,0,ENGANOSO,google_factcheck,ESTADÃO,afirmacao_checada,87,,https://www.estadao.com.br/estadao-verifica/imagens-8-de-janeiro-vazadas-armado-lula-enganoso/
62be9689-80d8-41fc-95a5-90ccbe152f4e,Lula recebe Michelle Bachelet e reafirma apoio para ela chefiar ONU,1,NOTICIA_REAL,noticias_reais,AGENCIA_BRASIL,titulo,67,2026-05-11,https://agenciabrasil.ebc.com.br/politica/noticia/2026-05/lula-recebe-michelle-bachelet-e-reafirma-apoio-para-ela-chefiar-onu
d056e03f-ba88-4dfa-b643-4b75449d7d52,"Agora que Bolsonaro não é mais o Presidente, a vacina mata",0,ENGANOSO,google_factcheck,AFP_CHECAMOS,afirmacao_checada,58,2024-09-20,https://checamos.afp.com/doc.afp.com.36GQ2MK
b4a13bf6-f5e4-49f7-9691-64e852289fcb,ONU recusou doação de US$ 6 bilhões feita por Elon Musk,0,FALSO,google_factcheck,UOL_NOTÍCIAS,afirmacao_checada,55,,https://noticias.uol.com.br/confere/ultimas-noticias/2023/09/04/elon-musk-checagem-onu.htm
005871f4-8728-4ffd-b8cd-638fdf25bbc4,"""Na época do PT, lá eram 150 mil crianças querendo uma vaga de creche e não tinha aqui na cidade mais rica.""",1,GFC_VERDADEIRO,google_factcheck,AOS_FATOS,afirmacao_checada,108,2024-09-21,https://www.aosfatos.org/noticias/checamos-ricardo-nunes-inteligencia-ltda/
652b519a-1c7e-4c8c-a8bc-55f5e8c0a4d6,Matéria do G1 diz que PT estabeleceu cronograma para recolhimento de armas de fogo registradas,0,FALSO,google_factcheck,AOS_FATOS,afirmacao_checada,94,2022-02-23,https://www.aosfatos.org/noticias/g1-pt-cronograma-recolher-armas/
cde367b4-80b4-4718-b0b9-0695b8b02395,"Em novas decisões, Dino, Gilmar, Moraes e Zanin reiteram proibição de criação e pagamento de penduricalhos",1,NOTICIA_REAL,noticias_reais,G1_POLITICA,titulo,106,2026-05-06,https://g1.globo.com/politica/noticia/2026/05/06/em-novas-decisoes-dino-e-moraes-reiteram-proibicao-de-criacao-e-pagamento-de-quaisquer-penduricalhos.ghtml
e94adadc-82b4-4d3f-b1f8-2c82efb1410b,Pessoas foram votar e candidatos não apareciam na tela. Iam votar no 17 e aparecia nulo ou automaticamente o 13. Quem ia votar no 13 não aparecia 17 ou nulo,0,FALSO,google_factcheck,UOL_NOTÍCIAS,afirmacao_checada,156,2021-07-29,https://noticias.uol.com.br/confere/ultimas-noticias/2021/07/29/checagem-live-bolsonaro-alega-fraude-eleitoral-voto-eletronico.htm
bf4262b2-2631-485f-b270-bc3a01ade7e8,"Mendonça prevalece e STF rejeita ação sobre monitoramento de jornalistas e deputados — Por 7 votos a 4, o Supremo entendeu que o governo de Jair Bolsonaro (PL) não cometeu irregularidades com os relatórios que visavam o monitoramento de mais de 100 parlamentares e jornalistas",1,NOTICIA_REAL,noticias_reais,CARTACAPITAL,titulo_resumo,276,2026-05-15,https://www.cartacapital.com.br/justica/mendonca-prevalece-e-stf-rejeita-acao-sobre-monitoramento-de-jornalistas-e-deputados/
f82d4e0f-4e86-49cd-94d9-1a71cfd9b86a,Vereadores fazem “protocolaço” de projetos pelo fim da escala 6x1,1,NOTICIA_REAL,noticias_reais,AGENCIA_BRASIL,titulo,65,2026-05-12,https://agenciabrasil.ebc.com.br/politica/noticia/2026-05/vereadores-fazem-protocolaco-de-projetos-pelo-fim-da-escala-6x1
a7350125-17cc-47fc-81c4-6d70ba75e409,Exército colocou soldados e tanques na porta do STF e exige a prisão de Alexandre de Moraes,0,FALSO,google_factcheck,BOATOS.ORG,afirmacao_checada,91,2022-11-21,https://www.boatos.org/politica/exercito-colocou-tanques-porta-stf-pede-prisao-alexandre-de-moraes.html
6d08c384-8ff1-4c5a-aab6-d0b6f557e3bd,"Um grupo de magistrados que há vários anos vêm investigando as indicações de Toffoli e Gilmar Mendes ao STF, apuraram que ambos não possuem certificado da OAB e nem sequer cursaram faculdade de direito.",0,FALSO,google_factcheck,UOL_NOTÍCIAS,afirmacao_checada,202,,https://noticias.uol.com.br/confere/ultimas-noticias/2024/11/13/e-falso-que-ministros-dias-toffoli-e-gilmar-mendes-nao-cursaram-direito.htm
7668dc39-b238-4555-9602-a32366e99341,Alexandre de Moraes ordenou o bloqueio das contas de Trump nas redes sociais,0,FALSO,google_factcheck,AOS_FATOS,afirmacao_checada,76,2025-07-11,https://www.aosfatos.org/noticias/moraes-nao-mandou-bloquear-contas-de-trump-nas-redes-sociais/
ea3dafbc-50f6-45cd-b0b5-29d07b90d25c,Governo federal lança plano de combate ao crime organizado; veja ações,1,NOTICIA_REAL,noticias_reais,G1_POLITICA,titulo,70,2026-05-12,https://g1.globo.com/politica/noticia/2026/05/12/governo-federal-lanca-plano-de-combate-ao-crime-organizado-veja-acoes.ghtml
0d98cffe-9f80-499d-90ae-ecd64221ff4f,André do Prado rebate Salles: 'Ele precisa entender que fui o escolhido do grupo bolsonarista' para ser o candidato ao Senado em SP,1,NOTICIA_REAL,noticias_reais,G1_POLITICA,titulo,131,2026-05-12,https://g1.globo.com/sp/sao-paulo/eleicoes/2026/noticia/2026/05/12/andre-do-prado-rebate-salles-ele-precisa-entender-que-fui-o-escolhido-do-grupo-bolsonarista-para-ser-o-candidato-ao-senado-em-sp.ghtml
80b521d2-6fad-456c-b34a-bc081ca5ac5f,Justiça nega pedido de prisão de Bolsonaro no caso das joias,0,FALSO,google_factcheck,AOS_FATOS,afirmacao_checada,60,2023-08-17,https://www.aosfatos.org/noticias/falso-justica-negou-prisao-bolsonaro/
f0e89057-00b2-444b-b74e-290d182c0112,"Com operação, Polícia Federal mergulha nas relações de políticos com Vorcaro",1,NOTICIA_REAL,noticias_reais,G1_POLITICA,titulo,76,2026-05-07,https://g1.globo.com/economia/blog/ana-flor/post/2026/05/07/com-operacao-policia-federal-mergulha-nas-relacoes-de-politicos-com-vorcaro.ghtml
7ce44227-6f86-49ab-b729-9bd499ccd0d7,Jair Bolsonaro nvai mandar no Brasil caso o PL vença as eleições para a Câmara dos Deputados; ele não está inelegível,0,FALSO,google_factcheck,ESTADÃO,afirmacao_checada,117,,https://www.estadao.com.br/estadao-verifica/eleicao-para-presidencia-da-camara-nao-altera-inelegibilidade-de-bolsonaro/
e36b8c84-0531-437c-a730-30b927a4ba76,"Invasão no Congresso de 2006 foi considerada ""liberdade de expressão""",0,ENGANOSO,google_factcheck,ESTADÃO,afirmacao_checada,69,,https://www.estadao.com.br/estadao-verifica/protesto-2006-congresso-liberdade-de-expressao-8-de-janeiro/
65d138aa-c1fe-4543-ab6f-60ac638b43b2,Miriam Leitão escreveu que rombo no INSS ajudaria a controlar inflação,0,FALSO,google_factcheck,ESTADÃO,afirmacao_checada,70,,https://www.estadao.com.br/estadao-verifica/miriam-leitao-rombo-inss-controlar-inflacao-falso/
70d63cf2-63ea-4487-b451-8768b91cd2a6,"A pedido do PT, STF decide que quem não quitar dívidas não poderá mais dirigir e nem sair do país",0,FALSO,google_factcheck,UOL_NOTÍCIAS,afirmacao_checada,97,2023-02-22,https://noticias.uol.com.br/confere/ultimas-noticias/2023/02/22/e-falso-que-pt-pediu-ao-stf-retirada-de-cnh-e-passaporte-de-inadimplentes.htm
16321c20-ccf8-4255-86a9-48364e976306,Chuvas na Paraíba: governo destina R$ 6 milhões para conter danos,1,NOTICIA_REAL,noticias_reais,AGENCIA_BRASIL,titulo,65,2026-05-14,https://agenciabrasil.ebc.com.br/politica/noticia/2026-05/chuvas-na-paraiba-governo-destina-r-6-milhoes-para-conter-danos
93492d6f-85d1-4895-96e6-7442b04b6d7c,STF manda prender Ricardo Magro e incluir nome do empresário na lista vermelha da Interpol,1,NOTICIA_REAL,noticias_reais,G1_POLITICA,titulo,90,2026-05-15,https://g1.globo.com/rj/rio-de-janeiro/noticia/2026/05/15/stf-pedido-prisao-ricardo-magro-lista-vermelha-da-interpol.ghtml
8bbf174c-aea3-4cc3-a38f-701fad82bca8,"O MILITAR E O LADRÃO Costa e Silva ganhou 1 faqueiro de ouro da Rainha da Inglaterra em 1968, mas considerou o presente sendo para a Nação Brasileira. LUIZ INÁCIO LULA DA SILVA mandou empacotar e levou consigo quando deixou o palácio em 2010. Ele considerou que o faqueiro era dele.",0,FALSO,google_factcheck,UOL_NOTÍCIAS,afirmacao_checada,282,,https://noticias.uol.com.br/confere/ultimas-noticias/2023/08/24/lula-nao-pegou-faqueiro-dado-pela-rainha-da-inglaterra-a-costa-e-silva.htm
a3944241-f8ad-419f-8a4d-d9f01e408f70,"Com a permissão e a omissão do governo Lula, o MST deixa mais um estrago em São Paulo.",0,ENGANOSO,google_factcheck,PROJETO_COMPROVA,afirmacao_checada,86,2023-05-19,https://projetocomprova.com.br/publica%C3%A7%C3%B5es/post-de-deputado-engana-ao-associar-ocupacao-em-higienopolis-bairro-nobre-de-sao-paulo-a-boulos-mst-e-lula/
7c17e65c-a3c9-45c0-8219-fdefa8b7dc21,Senador dos Estados Unidos quer a prisão de Alexandre de Moraes,0,FALSO,google_factcheck,ESTADÃO,afirmacao_checada,63,,https://www.estadao.com.br/estadao-verifica/senador-estados-unidos-prisao-alexandre-moraes-fbi/
cd55ea1f-cec8-4392-81e8-be057e8ae758,"Apagões, lixo nas ruas e incerteza: Cuba à beira de um colapso? — Cuba vive uma crise econômica e energética nos últimos anos agravada pelo recrudescimento das sanções econômicas impostas pelo governo do presidente Donald Trump.",1,NOTICIA_REAL,noticias_reais,BBC_BRASIL,titulo_resumo,228,2026-03-22,https://www.bbc.com/portuguese/articles/c74vjp3w531o?at_medium=RSS&at_campaign=rss
1a6daa90-48d6-446c-8128-f6acb25e8a08,Ministro Fernando Haddad mandando ao vivo no G1 o som A Novinha Senta Apampa,0,FALSO,google_factcheck,UOL_NOTÍCIAS,afirmacao_checada,76,,https://noticias.uol.com.br/confere/ultimas-noticias/2023/07/28/haddad-vai-novinha-ah-ah-ah-funk-violao-g1.htm
a70cd190-5c1b-4717-873b-153b348a78f1,Planalto diz que novo Desenrola e fim da 'taxa das blusinhas' ainda não foram mensurados em pesquisas — A avaliação do Palácio do Planalto é que a nova pesquisa Datafolha ainda não mensurou os reais impactos de anúncios feitos recentemente pelo governo Lula . Leia mais (05/16/2026 - 13h00),1,NOTICIA_REAL,noticias_reais,FOLHA_PODER,titulo_resumo,290,2026-05-16,https://redir.folha.com.br/redir/online/poder/rss091/*https://www1.folha.uol.com.br/colunas/painel/2026/05/planalto-diz-que-novo-desenrola-e-fim-da-taxa-das-blusinhas-ainda-nao-foram-mensurados-em-pesquisas.shtml
5df88518-f292-49da-950b-b674c933b57a,"PF corta na própria carne quando necessário, diz diretor-geral sobre investigação que mira agentes ligados ao caso Master",1,NOTICIA_REAL,noticias_reais,G1_POLITICA,titulo,121,2026-05-14,https://g1.globo.com/politica/blog/andreia-sadi/post/2026/05/14/diretor-pf-caso-master.ghtml
909ec874-ca05-4d1f-8421-36c68eabb525,"Confira a íntegra da decisão de Moraes sobre prisão de Jair Bolsonaro — Decisão do ministro do STF foi motivada por participação de Bolsonaro, por videochamada, em ato no Rio de Janeiro, nesse domingo (3/8)",1,NOTICIA_REAL,noticias_reais,METROPOLES,titulo_resumo,206,2025-08-04,https://www.metropoles.com/brasil/confira-a-integra-da-decisao-de-moraes-sobre-prisao-de-jair-bolsonaro
384a5dc5-72f1-4ccc-9d5b-192f3ba89f53,Descarte de 195 mil urnas eletrônicas é queima de arquivo,0,ENGANOSO,google_factcheck,UOL_NOTÍCIAS,afirmacao_checada,57,,https://noticias.uol.com.br/confere/ultimas-noticias/2025/02/28/posts-distorcem-sobre-descarte-de-195-mil-urnas-pelo-tse.htm
343b4840-b342-4f0f-8b2a-e3c5d8006ab6,Lula vai precisar moderar fervura da base para não perder o trunfo — Veja os vídeos de Lula e de Trump e análise do cientista político Rudá Ricci sobre impacto do clima político quente,1,NOTICIA_REAL,noticias_reais,METROPOLES,titulo_resumo,184,2025-07-12,https://www.metropoles.com/blog-do-noblat/lula-vai-precisar-moderar-fervura-da-base-para-nao-perder-o-trunfo
c0b44843-a630-4bb6-9a09-0f74b84adff0,Revista Lancet “maquiou números” para manter a falsa narrativa de que vacinar crianças é mais seguro que deixá-las pegar covid-19.,0,ENGANOSO,google_factcheck,ESTADÃO,afirmacao_checada,130,,https://www.estadao.com.br/estadao-verifica/medico-lancet-maquiou-numeros-limitacoes-listadas-estudo-enganaoso/
25a3e2ce-594d-4029-9cd6-03656717a9f0,"José Dirceu é internado após diagnóstico de linfoma — Ex-ministro da Casa Civil está no Hospital Sírio-Libanês, em São Paulo, onde iniciou tratamento contra câncer no sistema linfático",1,NOTICIA_REAL,noticias_reais,CORREIO_BRAZILIENSE,titulo_resumo,184,2026-05-15,https://www.correiobraziliense.com.br/politica/2026/05/7420835-jose-dirceu-e-internado-apos-diagnostico-de-linfoma.html
28ce4a4e-b8fe-4eb5-a6fe-1e7ce388be4b,"Vaquinha a pré-candidatos soma mais de R$ 400 mil um dia após lançamento — A arrecadação por vaquinha para pré-candidatos às eleições deste ano começou nesta sexta-feira (15) e, após um dia de lançamento, já contabilizou mais de R$ 400 mil doados aos políticos. Leia mais (05/16/2026 - 06h00)",1,NOTICIA_REAL,noticias_reais,FOLHA_PODER,titulo_resumo,292,2026-05-16,https://redir.folha.com.br/redir/online/poder/rss091/*https://www1.folha.uol.com.br/colunas/painel/2026/05/em-menos-de-24h-no-ar-vaquinha-a-pre-candidatos-soma-mais-de-r-200-mil.shtml
950fcddc-5139-442a-b159-001ace50b44b,Operação da PF pode inviabilizar de vez candidatura de Cláudio Castro ao Senado,1,NOTICIA_REAL,noticias_reais,G1_POLITICA,titulo,79,2026-05-15,https://g1.globo.com/politica/blog/valdo-cruz/post/2026/05/15/operacao-da-pf-pode-inviabilizar-de-vez-candidatura-de-claudio-castro-ao-senado.ghtml
cc4288a1-8f2f-4fd3-b817-980fd7d0c5d9,A OMS ordena que governos se preparem para o MEGA Lockdown devido à cepa mortal da varíola dos macacos,0,FALSO,google_factcheck,AFP_CHECAMOS,afirmacao_checada,102,2024-08-23,https://checamos.afp.com/doc.afp.com.36EL3XU
f09dfac3-9c97-48dc-a560-9cdc71703ac9,Master: parlamentares da base e da oposição buscam controle de narrativa com ações na Justiça após áudio de Flávio para Vorcaro,1,NOTICIA_REAL,noticias_reais,G1_POLITICA,titulo,127,2026-05-15,https://g1.globo.com/politica/noticia/2026/05/15/master-parlamentares-da-base-e-da-oposicao-buscam-controle-de-narrativa-com-acoes-na-justica-apos-audio-de-flavio-para-vorcaro.ghtml
d7ba9a57-0f98-400a-b7ff-4019e3a32d42,"Quem é o empresário Ricardo Magro, que está na lista vermelha da Interpol? — Decisão do ministro Alexandre de Moraes determina prisão preventiva do controlador do Grupo Refit e autoriza a Polícia Federal a pedir a inclusão do empresário na Difusão Vermelha da Interpol. Magro não retorna oficialmente ao Brasil desde 2018",1,NOTICIA_REAL,noticias_reais,CORREIO_BRAZILIENSE,titulo_resumo,321,2026-05-15,https://www.correiobraziliense.com.br/mundo/2026/05/7420617-ligacao-com-pcc-rs-52-bi-sonegados-mansao-em-miami-quem-e-o-empresario-ricardo-magro-que-esta-na-lista-vermelha-da-interpol.html
b2eb00ef-aae4-4d71-95c7-2678af9bff7a,Flávio volta a dizer que classificará PCC e CV como “terroristas” — Pré-candidato defendeu medida durante ato de pré-lançamento de Derrite ao Senado; Tarcísio cancelou ida por saúde,1,NOTICIA_REAL,noticias_reais,PODER360,titulo_resumo,181,2026-05-16,https://www.poder360.com.br/poder-eleicoes/flavio-volta-a-dizer-que-classificara-pcc-e-cv-como-terroristas/
65d92bb9-e763-4f56-bcd8-e3b1b9b9211e,Nikolas Ferreira se hospedou em hotel cinco estrelas em Cristalina (GO),0,FALSO,google_factcheck,AOS_FATOS,afirmacao_checada,71,2026-01-23,https://www.aosfatos.org/noticias/e-falso-que-nikolas-ferreira-se-hospedou-em-hotel-cinco-estrelas-durante-caminhada-em-goias/
b839e7d7-a310-495a-8a35-3cf8e8d4f192,A consequência para Zema após os vídeos contra Gilmar Mendes — Confronto entre o ex-governador de Minas e o ministro do STF ganhou novo capítulo,1,NOTICIA_REAL,noticias_reais,VEJA_POLITICA,titulo_resumo,144,2026-05-15,https://veja.abril.com.br/politica/a-consequencia-para-zema-apos-os-videos-contra-gilmar-mendes/
07acfa77-2154-4f04-bcc2-91bfde7b2c84,Intervenção do Exército na sala secreta do TSE impediu fraude que daria vitória a Lula no 1º turno,0,FALSO,google_factcheck,PROJETO_COMPROVA,afirmacao_checada,98,2022-10-06,https://projetocomprova.com.br/publica%C3%A7%C3%B5es/exercito-nao-interferiu-na-apuracao-dos-votos-para-presidente-no-dia-da-eleicao-ao-contrario-do-que-diz-video/
ffe0f588-d61b-4915-a1c0-610afba6ab0f,Livro didático do ensino médio da Noruega retrata o ex-presidente Jair Bolsonaro (PL) como genocida responsável por 700 mil mortes de covid-19 no Brasil,0,ENGANOSO,google_factcheck,UOL_NOTÍCIAS,afirmacao_checada,152,,https://noticias.uol.com.br/comprova/ultimas-noticias/2024/08/22/bolsonaro-nao-e-classificado-como-genocida-em-livro-didatico-da-noruega.htm
e818eeaf-159b-4500-a7f4-62932b6533f6,"Em sinalização ao multilateralismo, ministro da Fazenda é convidado e fará discurso em reunião do G7 — O ministro da Fazenda Dario Durigan foi convidado pela França para fazer o principal discurso de uma das sessões da reunião de ministros de Finanças do G7 , o grupo dos países mais industrializados do mundo. Leia mais (05/16/2026 - 23h00)",1,NOTICIA_REAL,noticias_reais,FOLHA_PODER,titulo_resumo,341,2026-05-16,https://redir.folha.com.br/redir/online/poder/rss091/*https://www1.folha.uol.com.br/colunas/painel/2026/05/em-sinalizacao-ao-multilateralismo-ministro-da-fazenda-e-convidado-e-fara-discurso-em-reuniao-do-g7.shtml
69352c65-f96c-4b28-9d1d-9ec289bf2c2e,As refinarias estão com 30% das operações paralisadas,0,FALSO,google_factcheck,AOS_FATOS,afirmacao_checada,53,2022-09-09,https://www.aosfatos.org/noticias/na-tv-presidenciaveis-desinformam-sobre-gas-de-cozinha-bolsa-familia-refinarias/
08a4df62-defa-48f0-8596-db529dc8a4b0,Lula foge do palácio aos gritos de volta Bolsonaro,0,FALSO,google_factcheck,BOL_-_UOL,afirmacao_checada,50,,https://www.bol.uol.com.br/noticias/2026/05/07/lula-nao-saiu-do-palco-apos-gritos-pro-bolsonaro-audio-e-manipulado.ghtm
8e2d59fe-7eda-475b-838c-a9fcaddd3c7d,Putin ordena a destruição de todas as vacinas covid-19 na Rússia,0,FALSO,google_factcheck,UOL_NOTÍCIAS,afirmacao_checada,64,2023-03-07,https://noticias.uol.com.br/confere/ultimas-noticias/2023/03/07/e-falso-que-putin-ordenou-a-destruicao-de-vacinas-contra-covid-19-na-russia.htm
77443fe1-e796-4bde-a65c-7583bbcb03c3,Vandalismo no Planalto aconteceu às 12h35 e cúmplice de Lula alterou horário em relógio para incriminar bolsonaristas,0,ENGANOSO,google_factcheck,ESTADÃO,afirmacao_checada,117,,https://www.estadao.com.br/estadao-verifica/video-engana-ao-afirmar-que-petista-vandalizou-e-mudou-horario-de-relogio-durante-ataque-no-planalto/
22cfc268-71af-4d5e-878e-bc18287dde5e,Terras raras: veja detalhes do texto aprovado pela Câmara na véspera do encontro entre Lula e Trump; tema é considerado estratégico,1,NOTICIA_REAL,noticias_reais,G1_POLITICA,titulo,131,2026-05-07,https://g1.globo.com/politica/noticia/2026/05/07/terras-raras-veja-detalhes-do-texto-aprovado-pela-camara-na-vespera-do-encontro-entre-lula-e-trump-tema-e-considerado-estrategico.ghtml
6c329897-fbe4-4fa0-8466-9ccce5eb119c,Governo Lula vai obrigar famílias CARENTES a DEVOLVEREM o auxílio emergencial pago no governo Bolsonaro,0,ENGANOSO,google_factcheck,UOL_NOTÍCIAS,afirmacao_checada,103,,https://noticias.uol.com.br/confere/ultimas-noticias/2025/10/15/enganoso-governo-devolucao-auxilio-emergencial.htm
797ee676-9ae4-4798-9d05-e53f88d21ab1,"Líder dos advogados do PT, dr. Avacalho Ellhys orienta a continuar fraudando as pesquisas e consumar nas urnas pois essa eleição ja esta ganha, eles tomarão o poder de qualquer maneira",0,FALSO,google_factcheck,AFP_CHECAMOS,afirmacao_checada,184,2022-04-22,https://checamos.afp.com/doc.afp.com.328R3FX
b0f70550-a0c0-43c5-bbd1-e134c0511432,Magno Malta criticou Flávio Bolsonaro e Jair Bolsonaro por 'rachadinha' e disse esperar que Flávio saísse preso de CPMI,0,ENGANOSO,google_factcheck,DESCONHECIDA,afirmacao_checada,119,,https://www.estadao.com.br/estadao-verifica/magno-malta-flavio-bolsonaro-jair-bolsonaro-rachadinha/
b6b9c7f2-3db9-46bf-a431-7a1f34e6b033,União Europeia vai substituir vacinas contra a Covid-19 por ivermectina e outros medicamentos,0,FALSO,google_factcheck,AOS_FATOS,afirmacao_checada,93,2021-10-14,https://www.aosfatos.org/noticias/e-falso-que-uniao-europeia-substituira-vacinas-contra-covid-19-por-ivermectina/
e013817d-e2e2-406e-9f9a-ede43625d826,Operação Sem Refino: PF apreende mais de R$ 500 mil em dinheiro vivo na casa de um dos alvos,1,NOTICIA_REAL,noticias_reais,G1_POLITICA,titulo,92,2026-05-15,https://g1.globo.com/politica/blog/camila-bomfim/post/2026/05/15/operacao-sem-refino-pf-apreende-mais-de-r-500-mil-em-dinheiro-vivo-na-casa-de-um-dos-alvos.ghtml
6e3b2e77-d00a-4144-a2cf-5fb28b563d1d,"Fraude eleitoral: trecho da transmissão da TV Record mostrou a apuração das urnas eletrônicas em São Paulo aumentou repentinamente de 3,92% para 98,14%",0,ENGANOSO,google_factcheck,ESTADÃO,afirmacao_checada,151,,https://www.estadao.com.br/estadao-verifica/apuracao-disparou-fraude-urnas-enganoso/
74e5d7ea-6a31-4b9c-a3da-52ca5015a9fe,"Lá na fazenda do Pará do Lula, os empregados que ele desconfiou que não era da parte dele, botaram dentro da bolsa e explodiu, matou tudo lá. Esse é o Lula que vocês querem, gente",0,FALSO,google_factcheck,DESCONHECIDA,afirmacao_checada,179,2022-10-25,https://lupa.uol.com.br/jornalismo/2022/10/25/lula-mst-balsa-para
1e1673be-da93-4031-a1e4-4dc6fe4248f3,"Lakers querem ""dar tempo"" a LeBron para que decida sobre seu futuro — O presidente de operações do Los Angeles Lakers, Rob Pelinka, afirmou nesta terça-feira (12) que concederá a LeBron James todo o tempo de que ele precisar para decidir seu futuro na NBA, embora tenha enfatizado que a próxima equipe que ele montar será construída em torno de Luka Doncic.",1,NOTICIA_REAL,noticias_reais,UOL_NOTICIAS,titulo_resumo,357,,https://noticias.uol.com.br/ultimas-noticias/afp/2026/05/12/lakers-querem-dar-tempo-a-lebron-para-que-decida-sobre-seu-futuro.htm
6ac34a48-c4ac-4e6a-9c19-841a0d1c8ca3,"Em vídeo, Gilmar Mendes diz que sistema eleitoral é falho",0,FORA_DE_CONTEXTO,google_factcheck,AFP_CHECAMOS,afirmacao_checada,57,2023-07-18,https://checamos.afp.com/doc.afp.com.33P83BG
109748a9-0036-4ac8-bce9-2d7710053ebf,"PF pediu prisão de Moraes, que fraudou documentos contra Jair Bolsonaro",0,FALSO,google_factcheck,AOS_FATOS,afirmacao_checada,71,2026-04-06,https://www.aosfatos.org/noticias/e-falso-que-pf-pediu-prisao-de-moraes-por-fraude-documental-contra-bolsonaro/
b51a1808-1bb2-4178-8cce-05a23e415574,"Barreiras (BA) registrou 212 mil votos para o ex-presidente Luiz Inácio Lula da Silva (PT), apesar de ter 158 mil habitantes",0,FALSO,google_factcheck,UOL_NOTÍCIAS,afirmacao_checada,124,2022-10-03,https://noticias.uol.com.br/confere/ultimas-noticias/2022/10/03/e-falso-que-barreiras-ba-teve-mais-votos-para-lula-do-que-habitantes.htm
06dc6031-e523-4221-9827-20b2638aa967,Amorim evita falar de ligação no telefone de Joesley Batista e diz que encontro com Trump aconteceu em função de Lula,1,NOTICIA_REAL,noticias_reais,G1_POLITICA,titulo,117,2026-05-12,https://g1.globo.com/politica/noticia/2026/05/12/amorim-evita-falar-de-ligacao-no-telefone-de-joesley-batista-e-diz-que-encontro-com-trump-aconteceu-em-funcao-de-lula.ghtml
dcc1e422-888f-4744-ba18-64c5706243c3,"Israel deporta ativista brasileiro Thiago Ávila após retenção de flotilha — Israel libertou e deportou o ativista brasileiro Thiago Ávila e o cidadão espanhol Saif Abu Keshek hoje, informou o Ministério das Relações Exteriores do país.",1,NOTICIA_REAL,noticias_reais,UOL_NOTICIAS,titulo_resumo,235,,https://noticias.uol.com.br/internacional/ultimas-noticias/2026/05/10/israel-deportacao-ativista-brasileiro-thiago-avila.ghtm
3b8a114e-192c-4dc8-9e15-390dfc53bfe9,Servidores do INSS têm salário cortado por participar de greve e se revoltam contra Lula. Nem Bolsonaro teve coragem de fazer isso.,0,ENGANOSO,google_factcheck,ESTADÃO,afirmacao_checada,131,,https://www.estadao.com.br/estadao-verifica/post-engana-omitir-salario-grevistas-inss-cortado-bolsonaro/
f553146b-2bfe-4c02-87ac-3eed37ecda02,"Bolsa Família foi criado para acabar com a miséria, mas em 2008 eram 3 milhões de pobres e hoje são 56 milhões no programa.",0,FALSO,google_factcheck,ESTADÃO,afirmacao_checada,123,,https://www.estadao.com.br/estadao-verifica/3-milhoes-pobres-bolsa-familia/
3ec5953a-2228-490a-8648-2443c6af9690,Câmara aprova projeto que permite recontratação de cientistas aposentados em empresas públicas,1,NOTICIA_REAL,noticias_reais,FOLHA_PODER,titulo,94,2026-05-14,https://redir.folha.com.br/redir/online/poder/rss091/*https://www1.folha.uol.com.br/blogs/brasilia-hoje/2026/05/camara-aprova-projeto-que-permite-recontratacao-de-cientistas-aposentados-em-empresas-publicas.shtml
93a9f2cc-17d2-43be-93dc-f9aa52ab8436,Especialistas e municípios criticam PL sobre minerais críticos,1,NOTICIA_REAL,noticias_reais,AGENCIA_BRASIL,titulo,62,2026-05-07,https://agenciabrasil.ebc.com.br/politica/noticia/2026-05/especialistas-e-municipios-criticam-pl-sobre-minerais-criticos
2de522ae-15a6-40cc-bcce-2787ca0f6d78,Vídeo mostra dispositivo ‘chupa-cabra’ que transfere votos entre candidato,0,FALSO,google_factcheck,AOS_FATOS,afirmacao_checada,74,2022-05-16,https://www.aosfatos.org/noticias/chupa-cabra-urnas-eletronicas-2012/
b4eff196-730f-4343-8084-a572a8b4e108,"MP divulga imagens periciais de cão Orelha antes da morte e de exumação — O MP-SC (Ministério Público de Santa Catarina) publicou hoje, nas redes sociais, imagens periciais do cão comunitário Orelha, morto no início do ano em Florianópolis (SC).",1,NOTICIA_REAL,noticias_reais,UOL_NOTICIAS,titulo_resumo,245,,https://noticias.uol.com.br/cotidiano/ultimas-noticias/2026/05/12/mp-divulga-imagens-periciais-de-cao-orelha-antes-da-morte-e-de-exumacao.ghtm
6fc82538-9368-4c36-94e1-f5b1f457dc20,Ministro de Lula propôs ‘abraçar o capeta’ e substituir a Bíblia,0,FALSO,google_factcheck,AOS_FATOS,afirmacao_checada,64,2024-11-25,https://www.aosfatos.org/noticias/falso-ministro-lula-abracar-capeta-substituir-biblia-constituicao/
21fb66c9-f453-4ec4-a24f-cb952a47b569,Manifestação em Salvador em 14 de dezembro de 2025,0,ENGANOSO,google_factcheck,AFP_CHECAMOS,afirmacao_checada,50,2025-12-16,https://checamos.afp.com/doc.afp.com.88CW763
86bc6ca1-0dcc-4dd1-8e11-bd04437f8a0b,Supremo Tribunal Federal volta a julgar regras de distribuição dos royalties do petróleo,1,NOTICIA_REAL,noticias_reais,G1_POLITICA,titulo,88,2026-05-07,https://g1.globo.com/politica/noticia/2026/05/07/supremo-tribunal-federal-volta-a-julgar-regras-de-distribuicao-dos-royalties-do-petroleo.ghtml
b175e7c4-7a23-4da0-99ca-1d84a013b060,"Internautas resgatam cena de filme de Bolsonaro: ""R$ 134 milhões para isso?"" — Produção estrelada por Jim Caviezel virou alvo de piadas nas redes após repercussão sobre financiamento milionário de Vorcaro",1,NOTICIA_REAL,noticias_reais,CORREIO_BRAZILIENSE,titulo_resumo,204,2026-05-15,https://www.correiobraziliense.com.br/politica/2026/05/7420623-internautas-resgatam-cena-de-filme-de-bolsonaro-rs-134-milhoes-para-isso.html
bd2bb794-9a7f-46ea-ace8-36f2b0c140a7,Donald Trump afirmou que vai prender Alexandre de Moraes assim que assumir a Presidência dos EUA,0,FALSO,google_factcheck,AOS_FATOS,afirmacao_checada,96,2024-11-19,https://www.aosfatos.org/noticias/trump-nao-disse-que-apos-tomar-posse-prendera-alexandre-de-moraes/
9c77f60f-8eb3-41fe-a33d-90558dc5619a,"Lula fala de 'amor à primeira vista' com Trump e descarta interferência dele nas eleições — Presidentes de Brasil e EUA se encontraram em Washington para discutir temas-chave como crime organizado, minerais críticos, tarifas e comércio. Encontro ocorre em momento delicado para ambos em seus países.",1,NOTICIA_REAL,noticias_reais,BBC_BRASIL,titulo_resumo,299,,https://www.bbc.co.uk/portuguese/live/crrpdzl7nkvt?at_medium=RSS&at_campaign=rss
f7a2fcbf-cb68-4a1a-ad7d-4cb8185d00d5,Senado aprova MP da renovação automática da CNH para bons condutores,1,NOTICIA_REAL,noticias_reais,AGENCIA_BRASIL,titulo,68,2026-05-12,https://agenciabrasil.ebc.com.br/politica/noticia/2026-05/senado-aprova-mp-da-renovacao-automatica-da-cnh-para-bons-condutores
cb079a31-e598-42ff-a366-c9be59cef4d0,"BC aponta R$ 10,6 bilhões em 'dinheiro esquecido' em março; bancos devem repassar nesta terça parte dos recursos ao governo",1,NOTICIA_REAL,noticias_reais,G1_POLITICA,titulo,123,2026-05-12,https://g1.globo.com/economia/noticia/2026/05/12/bc-aponta-que-havia-r-106-bilhoes-em-dinheiro-esquecido-em-marco-bancos-devem-repassar-hoje-parte-dos-recursos-ao-governo.ghtml
f5a3f5cf-28e8-44a2-b172-c304f5835434,"Investigação mostra a ação de mercenários latino-americanos na guerra do Sudão — Análise de dados obtidos a partir do rastreamento de celulares na região aponta a existência de uma rede de mercenários colombianos, com apoio dos Emirados Árabes Unidos, que tem tido participação importante no conflito que devasta o país.",1,NOTICIA_REAL,noticias_reais,BBC_BRASIL,titulo_resumo,320,2026-05-09,https://www.bbc.com/portuguese/articles/ce3d33kqqyxo?at_medium=RSS&at_campaign=rss
578a13c5-35ca-427e-b8a9-253ac3f3a60c,Imagem de criança com doença genética rara é usada para acusar falsamente Israel pela fome em Gaza,0,ENGANOSO,google_factcheck,ESTADÃO,afirmacao_checada,98,,https://www.estadao.com.br/estadao-verifica/menino-desnutrido-gaza-palestina-doenca-genetica/
40353345-08a6-42f9-802b-84c9f46dd001,Juiz Edinaldo César Santos Júnior foi encontrado morto após pedir a inclusão de Frei Chico no inquérito do INSS,0,FALSO,google_factcheck,AFP_CHECAMOS,afirmacao_checada,111,2025-06-12,https://checamos.afp.com/doc.afp.com.626B462
7bfa442f-4347-4899-8937-e3beb4755a40,"Com reforma tributária, cálculo do imposto de renda será diferente de acordo com raça e gênero",0,FALSO,google_factcheck,AOS_FATOS,afirmacao_checada,94,2023-07-07,https://www.aosfatos.org/noticias/falso-reforma-tributaria-imposto-de-renda-genero-raca/
6901b7e2-ef1e-423c-8b55-e881ff051698,Cena de facada em filme sobre Bolsonaro vira alvo de piadas nas redes sociais — Dark Horse é uma cinebiografia inspirada na trajetória do ex-presidente Jair Bolsonaro,1,NOTICIA_REAL,noticias_reais,CORREIO_BRAZILIENSE,titulo_resumo,166,2026-05-16,https://www.correiobraziliense.com.br/politica/2026/05/7421274-cena-de-facada-em-filme-sobre-bolsonaro-vira-alvo-de-piadas-nas-redes-sociais.html
ef2d2f2e-2072-461c-89bb-5d4cd8593d8d,"Citroën e Toyota fecharam as portas no Brasil, demitiram 13 mil e o país terá 15 milhões de desempregados por culpa do Lula.",0,FALSO,google_factcheck,ESTADÃO,afirmacao_checada,124,,https://www.estadao.com.br/estadao-verifica/video-inventa-fechamento-de-montadoras-e-faz-falsa-projecao-de-desemprego/
6ee9febc-e8f7-4a6a-8003-4545208739f3,Polícia Federal confirma: Bolsonaro nunca usou cartão corporativo da Presidência,0,FALSO,google_factcheck,DESCONHECIDA,afirmacao_checada,80,2026-05-03,https://www.bol.uol.com.br/noticias/2026/05/03/pf-nao-disse-que-bolsonaro-nao-usou-cartao-corporativo-durante-mandato.amp.htm
b0314566-808e-4ee6-963b-e1fbd49008c7,Nicolás Maduro pede apoio ao MST para combater suposta ação militar dos Estados Unidos,0,FORA_DE_CONTEXTO,google_factcheck,ESTADÃO,afirmacao_checada,86,,https://www.estadao.com.br/estadao-verifica/maduro-brigada-mst-eua-venezuela/
8b5f149d-dcc3-40c8-8d62-86f0a5d42130,Motoboys estão se manifestando contra o governo Lula.,0,ENGANOSO,google_factcheck,ESTADÃO,afirmacao_checada,53,,https://www.estadao.com.br/estadao-verifica/enganoso-videos-protestos-motoboys-governo-lula/
f84f9edb-719e-4bd4-af69-e14996ffb0f8,Pesquisadores sugeriram que o aumento no número de mortes nos últimos anos está diretamente relacionado com as vacinas contra a covid-19.,0,ENGANOSO,google_factcheck,ESTADÃO,afirmacao_checada,137,,https://www.estadao.com.br/estadao-verifica/excesso-de-mortes-pandemia-vacina-covid/
8db02990-f63a-45b6-a364-9072e0c5afda,"Ministro Alexandre de Moraes proibe venda de pequi em; Lontra, Japonvar e Januária",0,FALSO,google_factcheck,BOATOS.ORG,afirmacao_checada,82,2023-08-28,https://www.boatos.org/politica/alexandre-de-moraes-proibiu-pequi-em-lontra-japonvar-e-januaria-mg.html
8c08f6d2-f08a-491b-a565-760ae5b44f94,epresentantes do governo Lula concordaram em assinar um documento que compromete o país a cortar sua produção agropecuária nos próximos anos. Globalistas convencem Brasil a reduzir produção de carne para combater aquecimento,0,ENGANOSO,google_factcheck,UOL_NOTÍCIAS,afirmacao_checada,224,,https://noticias.uol.com.br/comprova/ultimas-noticias/2023/08/01/brasil-se-comprometeu-a-diminuir-emissao-de-gas-metano.htm
2e0e036e-23d9-4bb1-982b-3ba600b3ac51,Nós [governos Lula e Dilma] estávamos fazendo a maior demarcação de terras indígenas da história desse país.,0,FALSO,google_factcheck,AOS_FATOS,afirmacao_checada,108,2022-07-05,https://www.aosfatos.org/noticias/lula-bolsonaro-e-ciro-falseiam-e-distorcem-informacoes-sobre-a-amazonia/
b46fdc4f-453e-4a3b-8ff1-05640b51f390,Mike Benz disse que teve gente da administração dos Estados Unidos trabalhando no TSE.,0,ENGANOSO,google_factcheck,ESTADÃO,afirmacao_checada,86,,https://www.estadao.com.br/estadao-verifica/mike-benz-gente-administracao-estados-unidos-trabalhando-tse-enganoso/
aebcd5ae-c14f-493c-9c65-165e251ffdbf,"CNN acaba de confirmar que a China está enfrentando um novo surto de vírus com o Metapneumovírus Humano (HMPV) se espalhando rapidamente, causando sintomas semelhantes aos da gripe e da COVID-19. Algumas regiões já começaram a ter protocolo de lockdown após 19 pessoas morrerem.",0,FALSO,google_factcheck,UOL_NOTÍCIAS,afirmacao_checada,278,,https://noticias.uol.com.br/confere/ultimas-noticias/2025/01/10/falso-cnn-china-lockdown-mortes.htm
77d5d30c-66d0-4485-b45e-b218bdfad1e9,URGENTE: Flávio Bolsonaro acabou de fugir do Brasil. O golpista foi pra Europa onde deve ficar foragido. Lembrando que ele está no inquérito do golpe e seria preso no Brasil,0,FALSO,google_factcheck,UOL_NOTÍCIAS,afirmacao_checada,173,,https://noticias.uol.com.br/confere/ultimas-noticias/2025/07/24/flavio-bolsonaro-nao-esta-foragido-nem-e-investigado-no-inquerito-do-golpe.htm
6ee3ac23-8eb6-44b7-a49d-f33be054c5b1,Flávio Bolsonaro e Vorcaro: veja como imprensa internacional repercutiu o caso,1,NOTICIA_REAL,noticias_reais,G1_POLITICA,titulo,78,2026-05-14,https://g1.globo.com/mundo/noticia/2026/05/14/relacao-entre-flavio-bolsonaro-e-vorcaro-repercute-na-imprensa-internacional.ghtml
ea9761fe-2ffc-4e4d-8b31-8ad4ce8c85bd,"INSS. Ex-ministro de Bolsonaro justifica fraude: ""Falta de estrutura"" — Ex-ministro de Bolsonaro, José Carlos Oliveira, agora Ahmed Mohamad, depõe me CPMI do INSS nesta quinta (11)",1,NOTICIA_REAL,noticias_reais,METROPOLES,titulo_resumo,180,2025-09-11,https://www.metropoles.com/brasil/inss-ex-ministro-de-bolsonaro-justifica-fraude-falta-de-estrutura
b3dc156d-0b14-437d-b3d5-6bd948141fca,"Os policiais que mergulharam no lado mais sombrio da internet para salvar crianças pelo mundo — Gravado ao longo de cinco anos, documentário da BBC Eye com BBC News Brasil retrata a rotina de policiais de diferentes países que se infiltram em fóruns na dark web para capturar abusadores sexuais de crianças e libertar suas vítimas.",1,NOTICIA_REAL,noticias_reais,BBC_BRASIL,titulo_resumo,331,2026-02-20,https://www.youtube.com/watch?v=CYcAjdLN5TY&at_medium=RSS&at_campaign=rss
8ab59ca8-f612-44ab-a4a7-c0d19b8a9b38,"Fertilidade de mulheres vacinadas contra a covid-19 caiu 33%, segundo estudo da Tchecoslováquia",0,FALSO,google_factcheck,ESTADÃO,afirmacao_checada,95,,https://www.estadao.com.br/estadao-verifica/vacina-covid-fertilidade-mulheres/
99616b3d-f2ff-40ef-afda-a4dcf7b5f5d0,'Já tem muita conta pra pagar nesse mês': ouça ÁUDIO em que Flávio Bolsonaro pede dinheiro de Vorcaro para filme sobre o pai,1,NOTICIA_REAL,noticias_reais,G1_POLITICA,titulo,124,2026-05-13,https://g1.globo.com/politica/noticia/2026/05/13/estarei-contigo-sempre-ouca-audio-em-que-flavio-bolsonaro-pede-dinheiro-de-vorcaro-para-filme-sobre-o-pai.ghtml
709204b0-6a0a-48cf-825f-d3b0885dd984,Gilmar Mendes nunca atuou como advogado e nunca fez concurso público,0,FALSO,google_factcheck,BOATOS.ORG,afirmacao_checada,68,2021-12-08,https://www.boatos.org/politica/gilmar-mendes-nunca-foi-advogado-nunca-passou-concurso-publico.html
454785b6-2b26-47e9-a00a-bd2e9ba2cf9e,"Kassio, que agora preside TSE, foi a favor de manter Bolsonaro elegível; relembre votos",1,NOTICIA_REAL,noticias_reais,UOL_NOTICIAS,titulo,87,,https://www1.folha.uol.com.br/poder/2026/05/kassio-que-agora-preside-tse-foi-a-favor-de-manter-bolsonaro-elegivel-relembre-votos.shtml
dcad7c05-c383-41fc-b4c4-e9de62acc71a,Cartilha do PT erotizava crianças e as ensinava a usar drogas,0,FALSO,google_factcheck,AOS_FATOS,afirmacao_checada,61,2022-08-12,https://www.aosfatos.org/noticias/cartilha-citada-por-damares-nao-ensina-criancas-a-usar-crack/
d7903294-5e85-4994-aeb0-59c38e916c1e,Técnicos do IBGE estão sendo demitidos porque se recusam a maquiar números do PIB para favorecer o governo Lula,0,ENGANOSO,google_factcheck,ESTADÃO,afirmacao_checada,111,,https://www.estadao.com.br/estadao-verifica/enganoso-servidores-ibge-demitidos-recusarem-maquiar-pib/
2498a91a-dcf7-41d7-af64-ea4ab598221a,PL da Anistia é aprovado pela Câmara dos Deputados,0,ENGANOSO,google_factcheck,DESCONHECIDA,afirmacao_checada,50,2025-12-02,https://checamos.afp.com/doc.afp.com.86UK6NR
3446f67f-e827-4c81-ae71-63ddd9af8680,CCJ da Câmara suspende o julgamento de Bolsonaro no STF,0,ENGANOSO,google_factcheck,AFP_CHECAMOS,afirmacao_checada,55,2025-09-04,https://checamos.afp.com/doc.afp.com.73FV8CR
4d7a4ce3-a27d-45aa-8492-fa5fb88a8b3c,"Produtores cogitam antecipar para julho filme sobre Bolsonaro — Os produtores do filme ""Dark Horse"" avaliam antecipar a estreia do filme que conta a história do ex-presidente Jair Bolsonaro para julho. A previsão inicial era lançar apenas em setembro , véspera das eleições. Leia mais (05/15/2026 - 14h42)",1,NOTICIA_REAL,noticias_reais,FOLHA_PODER,titulo_resumo,305,2026-05-15,https://redir.folha.com.br/redir/online/poder/rss091/*https://www1.folha.uol.com.br/colunas/painel/2026/05/produtores-cogitam-antecipar-para-julho-filme-sobre-bolsonaro.shtml
3be0d6f2-3deb-466c-a03c-5fdbffb9629a,"Vacinas contra covid foram criadas para controle populacional, diz Michael Yeadon",0,FALSO,google_factcheck,UOL_NOTÍCIAS,afirmacao_checada,81,,https://noticias.uol.com.br/confere/ultimas-noticias/2024/01/24/e-falso-que-vacinas-contra-covid-foram-criadas-para-controle-populacional.htm
f0f8d96f-59ff-42e2-b8f6-649ae65e1bc5,Cuba divulga manual de sobrevivência a ataques militares — Cartilha orienta cubanos a montar kits para emergências,1,NOTICIA_REAL,noticias_reais,PODER360,titulo_resumo,114,2026-05-16,https://www.poder360.com.br/poder-internacional/cuba-divulga-manual-de-sobrevivencia-a-ataques-militares/
c3c1bd93-903e-419e-a6d7-a6a80b976166,Nova regra do Pix: Movimentações acima de R$ 5 mil vão ser taxadas em 2026,0,FALSO,google_factcheck,DESCONHECIDA,afirmacao_checada,74,2025-10-28,https://checamos.afp.com/doc.afp.com.82A79KE
aa8b4b17-1c76-4dc0-bb86-5d3e00788391,"Ivermectina é eficaz contra covid-19, diz farmacêutica japonesa",0,FALSO,google_factcheck,AOS_FATOS,afirmacao_checada,63,2022-02-08,https://www.aosfatos.org/noticias/farmaceutica-japonesa-nao-comprovou-eficacia-ivermectina-covid-humanos/
c1d2f041-4b46-4dbf-a060-9078b9748dc2,Ministro do STF Alexandre de Moraes com boné da USAID,0,FALSO,google_factcheck,AFP_CHECAMOS,afirmacao_checada,53,2025-02-11,https://checamos.afp.com/doc.afp.com.36XK2BX
2bf66d42-828f-4a6d-9bff-c811e1573030,"Maior estudo de segurança das vacinas contra a covid-19, envolvendo 99 milhões de indivíduos, confirmou que as injeções não são seguras para uso humano.",0,ENGANOSO,google_factcheck,ESTADÃO,afirmacao_checada,152,,https://www.estadao.com.br/estadao-verifica/enganoso-estudo-concluiu-vacinas-covid19-nao-sao-seguras/
c47ddfe6-6794-48ed-9a48-f28f9e9ae03a,"'Ele merece ou não este filme?', diz Flávio Bolsonaro ao defender uso de verba para obra sobre o pai",1,NOTICIA_REAL,noticias_reais,FOLHA_PODER,titulo,100,2026-05-15,https://redir.folha.com.br/redir/online/poder/rss091/*https://www1.folha.uol.com.br/poder/2026/05/ele-merece-ou-nao-este-filme-diz-flavio-bolsonaro-ao-defender-uso-de-verba-para-obra-sobre-o-pai.shtml
bbe1acf1-b9b0-4d34-91a2-555cbc9c5e3e,"Iniciada, CPMI do INSS tem desafio de manter relevância no semestre — Julgamento do ex-presidente Jair Bolsonaro (PL), marcado para começar na terça-feira (2/9), pode ofuscar os trabalhos da CPMI",1,NOTICIA_REAL,noticias_reais,METROPOLES,titulo_resumo,195,2025-09-01,https://www.metropoles.com/brasil/iniciada-cpmi-do-inss-tem-desafio-de-manter-relevancia-no-semestre
15f704b1-8ab9-4316-89ef-f50c46de695a,Relação de Flávio com Vorcaro é vista como 'bomba' na pré-campanha; aliados se dizem traídos,1,NOTICIA_REAL,noticias_reais,G1_POLITICA,titulo,92,2026-05-13,https://g1.globo.com/politica/blog/gerson-camarotti/post/2026/05/13/relacao-de-flavio-com-vorcaro-e-vista-como-bomba-na-pre-campanha-aliados-se-dizem-surpresos.ghtml
b99006a3-8f82-4a3f-a0b0-0232243b0545,Vazou trecho de reunião com Lula se gabando das suas mentiras!,0,ENGANOSO,google_factcheck,ESTADÃO,afirmacao_checada,62,,https://www.estadao.com.br/estadao-verifica/video-nao-mostra-lula-se-gabando-de-contar-mentiras-presidente-criticava-bolsonaro/
6ff5f6c8-859b-4b08-9538-fadeea58d9a1,Trump publica foto feita com IA de navios afundados após novas ameaças do Irã,1,NOTICIA_REAL,noticias_reais,UOL_NOTICIAS,titulo,77,,https://www1.folha.uol.com.br/mundo/2026/05/trump-publica-foto-feita-com-ia-de-navios-afundados-apos-novas-ameacas-do-ira.shtml
b84cbd29-a17c-4da6-8cea-be7a253d19a6,"Post com imagens de tuítes antigos em que o ministro Flávio Dino (PSB) questiona a segurança das urnas eletrônicas. A publicação cobra punição do chefe da Justiça e Segurança Pública: “Vai ter que explicar na Justiça, ou só vale contra o Bolsonaro?”. Na legenda, o autor do post, o deputado federal Coronel Meira (PL-PE), cita que algumas das publicações foram feitas em período eleitoral.",1,GFC_VERDADEIRO,google_factcheck,FOLHA_-_UOL,afirmacao_checada,389,2023-07-14,https://www1.folha.uol.com.br/poder/2023/07/tuites-em-que-flavio-dino-critica-o-sistema-eleitoral-sao-reais-mas-antigos.shtml
359c34a6-54a5-490c-a09d-2337695b1a74,Governo autoriza bloqueio total do Bolsa Família a partir de novembro de 2025,0,FALSO,google_factcheck,AOS_FATOS,afirmacao_checada,77,2025-10-22,https://www.aosfatos.org/noticias/e-falso-que-governo-anunciou-bloqueio-do-bolsa-familia-a-partir-de-novembro/
bad7d16a-0de4-4ec3-ad64-f82a8977f1b9,Vacinas contra a covid-19 não reduziram o número de óbitos pela doença. Imunidade natural dos infectados foi a responsável pela queda.,0,ENGANOSO,google_factcheck,ESTADÃO,afirmacao_checada,134,,https://www.estadao.com.br/estadao-verifica/deputado-repete-alegacoes-enganosas-sobre-ineficacia-das-vacinas-contra-covid-19/
1f804581-a9e7-4408-9757-9dc39ba25a1d,governo criou im posto pra quem movimenta R$ 5 mil por mês,0,FALSO,google_factcheck,DESCONHECIDA,afirmacao_checada,58,,https://www.estadao.com.br/estadao-verifica/falso-movimentacao-acima-5-mil-pix-imposto-flavio-bolsonaro/
af20c27c-cbef-4aef-8f39-fe16cd5b916a,Governo federal começou a pagar no dia 17/11 um valor extra de R$ 1.150 a beneficiários do INSS,0,FALSO,google_factcheck,DESCONHECIDA,afirmacao_checada,95,2025-11-19,https://www.aosfatos.org/noticias/e-falso-que-governo-federal-vai-pagar-beneficio-extra-de-r-1150-a-beneficiarios-do-inss/
7714787e-ce25-47f4-8d5c-72b18f8d0e3e,"Lula sugere veto a IA na eleição e, sem citar Flávio Bolsonaro, diz que 'verdade não falha' — O presidente Lula (PT) sugeriu nesta quinta-feira (14) a senadores aliados da Bahia que propusessem uma medida legislativa para vetar o uso de inteligência artificial nas eleições . Leia mais (05/14/2026 - 14h28)",1,NOTICIA_REAL,noticias_reais,FOLHA_PODER,titulo_resumo,306,2026-05-14,https://redir.folha.com.br/redir/online/poder/rss091/*https://www1.folha.uol.com.br/poder/2026/05/lula-sugere-veto-a-ia-na-eleicao-e-sem-citar-flavio-bolsonaro-diz-que-verdade-nao-falha.shtml
08135c8d-fd39-4163-9b60-ef145c9eb3dd,Aeromoças italianas protestam contra a vacinação contra a covid-19,0,FALSO,google_factcheck,AFP_CHECAMOS,afirmacao_checada,66,2021-10-29,https://checamos.afp.com/doc.afp.com.9QM4JG
e6e86e3a-811b-4c8a-90f8-2865715fdbd4,Bolsonaro é carregado por multidão em Franco da Rocha em 2022,0,FALSO,google_factcheck,AOS_FATOS,afirmacao_checada,61,2022-02-07,https://www.aosfatos.org/noticias/video-em-que-bolsonaro-caminha-com-apoiadores-nao-e-recente-nem-foi-gravado-em-franco-da-rocha/
6d7f28da-ae9a-4c4f-94e1-dd6ab025a8a2,"Adélio Bispo entregou José Dirceu, Gleisi Hoffmann e Manuela D'Ávila",0,FALSO,google_factcheck,AFP_CHECAMOS,afirmacao_checada,68,2024-02-06,https://checamos.afp.com/doc.afp.com.34HN4VZ
97e9a74d-2d72-4513-b615-de68fa9ee691,"Empresa afasta chileno preso por ofensas em voo da Latam Airlines — Suspeito era executivo comercial da Landes, empresa chilena de pescados",1,NOTICIA_REAL,noticias_reais,PODER360,titulo_resumo,139,2026-05-17,https://www.poder360.com.br/poder-internacional/empresa-afasta-chileno-preso-por-ofensas-em-voo-da-latam-airlines/
c013c7f6-7923-4bee-a2aa-13ead7b7aa3f,"Os 'especialistas' sem qualificação que oferecem conselhos perigosos sobre o sono dos bebês, revelados por investigação da BBC — Pessoas que se apresentam como especialistas nas redes sociais oferecem conselhos que colocam os bebês em riscos sérios, até de morte, segundo o depoimento de profissionais de assistência médica consultados pela BBC.",1,NOTICIA_REAL,noticias_reais,BBC_BRASIL,titulo_resumo,345,2026-05-09,https://www.bbc.com/portuguese/articles/cx21kppvrlro?at_medium=RSS&at_campaign=rss
46fb3a90-e2e6-41a1-9672-b75061b06d48,Reino Unido envia embarcações a Ormuz — Envio de navio é para proteger transporte de embarcações da marinha britânica; EUA cobram proposta do Irã,1,NOTICIA_REAL,noticias_reais,PODER360,titulo_resumo,145,2026-05-10,https://www.poder360.com.br/poder-internacional/reino-unido-envia-embarcacoes-a-ormuz/
3fb3d336-ed65-468c-82d1-4131724e7fa3,Oposição articula PEC da Anistia após Moraes suspender Lei da Dosimetria,1,NOTICIA_REAL,noticias_reais,G1_POLITICA,titulo,72,2026-05-11,https://g1.globo.com/politica/blog/valdo-cruz/post/2026/05/11/oposicao-articula-pec-da-anistia-apos-moraes-suspender-da-lei-da-dosimetria.ghtml
98f47261-9b0a-4158-9994-4ef9c70117c7,"'Não tenho que justificar nada para ninguém', diz Flávio Bolsonaro sobre conversas com Vorcaro — O senador Flávio Bolsonaro ( PL -RJ) afirmou que não tinha obrigação de avisar antecipadamente seus aliados sobre sua relação com o banqueiro Daniel Vorcaro e a cobrança por valores destinados, segundo ele, ao filme sobre o ex-presidente Jair Bolsonaro (PL) . Leia mais (05/15/2026 - 12h07)",1,NOTICIA_REAL,noticias_reais,FOLHA_PODER,titulo_resumo,387,2026-05-15,https://redir.folha.com.br/redir/online/poder/rss091/*https://www1.folha.uol.com.br/poder/2026/05/nao-tenho-que-justificar-nada-para-ninguem-diz-flavio-bolsonaro-sobre-conversas-com-vorcaro.shtml
1966b350-fceb-475a-b526-b7105b52f70c,Estudo mostra que aedes aegypti modificado geneticamente pode ter piorado epidemia de dengue,0,ENGANOSO,google_factcheck,ESTADÃO,afirmacao_checada,92,,https://www.estadao.com.br/estadao-verifica/entenda-mosquito-dengue-geneticamente-modificado/
cf23c756-3281-44b9-ba94-d9f65fb1c7cb,"Golpes digitais preocupam 83% da população, aponta levantamento",1,NOTICIA_REAL,noticias_reais,G1_POLITICA,titulo,63,2026-05-11,https://g1.globo.com/politica/noticia/2026/05/10/golpes-digitais-preocupam-populacao-aponta-levantamento.ghtml
d1d09a14-fb51-459d-b162-9c2034163dd9,Títulos de eleitor encontrados no lixo reciclável no Ceará provam fraude eleitoral no estado.,0,FALSO,google_factcheck,AOS_FATOS,afirmacao_checada,93,2022-11-21,https://www.aosfatos.org/noticias/falso-titulos-eleitor-lixo-provam-fraude/
d746f46f-48ac-406e-8646-23aa2fb7efd5,"Congo confirma novo surto de Ebola, com 80 mortes — 16 Mai (Reuters) - Oitenta pessoas morreram em um novo surto de Ebola na província ?de Ituri, no leste ?da República Democrática do Congo, informou o Ministério da Saúde do país na noite de sexta-feira.",1,NOTICIA_REAL,noticias_reais,UOL_NOTICIAS,titulo_resumo,254,,https://noticias.uol.com.br/ultimas-noticias/reuters/2026/05/16/congo-confirma-novo-surto-de-ebola-com-80-mortes.htm
e4b1ea40-b3f0-4af4-a1ee-65fc8c2f6f33,"Datafolha: Lula e Flávio empatados no 2º turno até o caso “Dark Horse” — Pesquisa foi feita de 12 a 13 de maio; no último dia de campo do levantamento, foi divulgado um áudio de Flávio pedindo dinheiro a Daniel Vorcaro para o filme que conta a história de seu pai",1,NOTICIA_REAL,noticias_reais,PODER360,titulo_resumo,263,2026-05-16,https://www.poder360.com.br/poder-eleicoes/datafolha-lula-e-flavio-empatados-no-2o-turno-ate-o-caso-dark-horse/
728cf6e7-69ae-4971-a673-5276e2b45387,Veículo envolvido em acidente carregando várias caixas de munição era do MST,0,FALSO,google_factcheck,ESTADÃO,afirmacao_checada,76,,https://www.estadao.com.br/estadao-verifica/nao-ha-provas-que-liguem-mst-a-municoes-apreendidas-em-acidente-no-maranhao/
808544c8-ac25-4d1f-9fc9-1583a245076a,"Lula disse na ONU que se o Brasil for invadido, ele entrega a nação",0,ENGANOSO,google_factcheck,ESTADÃO,afirmacao_checada,67,,https://www.estadao.com.br/estadao-verifica/lula-onu-entregaria-brasil-se-pais-fosse-invadido-enganoso/
8f4f7cbc-750a-4b99-ae98-b6477ae25c66,"Caiado cobra explicações de Flávio Bolsonaro sobre conversas com Vorcaro, mas diz que foco é derrotar Lula",1,NOTICIA_REAL,noticias_reais,G1_POLITICA,titulo,106,2026-05-13,https://g1.globo.com/politica/noticia/2026/05/13/caiado-cobra-explicacoes-de-flavio-sobre-suposto-financiamento-de-filme-por-dono-do-banco-master.ghtml
9faaf994-185c-4375-8317-e7907e3f8451,Trump criticou intimação enviada por Moraes a Bolsonaro,0,FALSO,google_factcheck,AOS_FATOS,afirmacao_checada,55,2025-04-25,https://www.aosfatos.org/noticias/trump-nao-criticou-moraes-por-intimar-bolsonaro-na-uti/
d659f7ce-a9a6-4759-b1eb-cb9744562be2,NO DIA 08/08/2024 HADDAD E LULA DECRETOU QUE O FGTS DE TODO MUNDO SERA TAXADO EM 35% QUANDO VOCÊ E DEMITIDO DA EMPRESA E VAI FAZER O SAQUE DO SEU FGTS E AGORA E LEI COM GOVERNO FEDERAL DESCONTANDO 35% DE TUDO QUE VOCÊ TEM FGTS.,0,FALSO,google_factcheck,BOATOS.ORG,afirmacao_checada,227,2024-08-15,https://www.boatos.org/politica/haddad-lula-decretaram-taxa-35-saque-fgts.html
dc2b5ab5-55ed-4be9-885f-2ac44aedeac5,Governo lança plano de combate ao crime organizado,1,NOTICIA_REAL,noticias_reais,G1_POLITICA,titulo,50,2026-05-12,https://g1.globo.com/politica/ao-vivo/governo-plano-de-combate-ao-crime-organizado.ghtml
3bfe3867-c0b6-4833-9c0d-9e286becbec1,"Irã anunciará mecanismo para o Estreito de Ormuz e cobrará taxas, diz deputado iraniano — DUBAI, 16 Mai (Reuters) - O ?Irã preparou ?um mecanismo para gerenciar o ?tráfego ?através ?do Estreito ?de ?Ormuz ao longo de uma ?rota designada que ?será ?revelada em ?breve, disse o chefe do comitê de segurança nacional do Parlamento iraniano, ?Ebrahim Azizi, neste sábado.",1,NOTICIA_REAL,noticias_reais,UOL_NOTICIAS,titulo_resumo,367,,https://noticias.uol.com.br/ultimas-noticias/reuters/2026/05/16/ira-anunciara-mecanismo-para-o-estreito-de-ormuz-e-cobrara-taxas-diz-deputado-iraniano.htm
b1b9fc77-55dc-4c74-aeda-9693e1d0a750,Alexandre de Moraes jantou com José Dirceu em Portugal,0,FALSO,google_factcheck,UOL_NOTÍCIAS,afirmacao_checada,54,2022-07-15,https://noticias.uol.com.br/confere/ultimas-noticias/2022/07/15/ministro-do-stf-alexandre-de-moraes-nao-jantou-com-jose-dirceu-em-portugal.htm
bef8825a-bf89-47ab-9f66-7e721c82f137,Áudio vazado de Alexandre de Moraes dando ordem a delegado da PF para não permitir que Bolsonaro receba acompanhamento médico,0,FALSO,google_factcheck,ESTADÃO,afirmacao_checada,125,,https://www.estadao.com.br/estadao-verifica/audio-ia-alexandre-de-moraes-bolsonaro-visitas/
cd2e2e6d-748a-4b83-8bbc-9700f9ee87f1,"As intenções de voto de Lula e Flávio Bolsonaro no 2º turno, em novo Datafolha — A maioria das entrevistas ocorreu antes da revelação das conversas entre Flávio Bolsonaro e o banqueiro Daniel Vorcaro",1,NOTICIA_REAL,noticias_reais,CARTACAPITAL,titulo_resumo,199,2026-05-16,https://www.cartacapital.com.br/politica/as-intencoes-de-voto-de-lula-e-flavio-bolsonaro-no-2o-turno-em-novo-datafolha-2/
6c2dd335-ddb2-40ab-86b8-ee194a4943cc,Alexandre de Moraes disse que ele vai corroer a democracia,0,ENGANOSO,google_factcheck,ESTADÃO,afirmacao_checada,58,,https://www.estadao.com.br/estadao-verifica/alexandre-moraes-corroer-democracia/
1781581a-e583-4b1b-84c3-d4ab7daf0947,"Trump proibiu todas as vacinas de mRNA, e emitiu ordens para prender seus fabricantes",0,FALSO,google_factcheck,AFP_CHECAMOS,afirmacao_checada,85,2025-03-14,https://checamos.afp.com/doc.afp.com.372F789
dd6bc989-acd3-4f90-83a7-5a4afc19f649,"Querem tratar evangélicos como pessoas de outra categoria, diz pastora que denunciou violência sexual e uniu Janja e Michelle — À BBC News Brasil, Helena Raquel diz que não apoiará candidatos na eleição presidencial e prefere ser usada por Deus para influenciar 'direita, esquerda e até o centrão'",1,NOTICIA_REAL,noticias_reais,BBC_BRASIL,titulo_resumo,297,2026-05-12,https://www.bbc.com/portuguese/articles/cp9p0x17zevo?at_medium=RSS&at_campaign=rss
d51787f7-a715-453b-b255-a45d8a62f80e,O Ceará tem hoje a melhor educação pública do Brasil,1,GFC_VERDADEIRO,google_factcheck,UOL_NOTÍCIAS,afirmacao_checada,52,2022-08-29,https://noticias.uol.com.br/confere/ultimas-noticias/2022/08/29/ciro-erra-ao-falar-de-educacao-e-acerta-sobre-fome-e-inadimplencia.htm
dde58767-fb37-4ea8-b7be-28d37750f685,"Quem é Ciro Nogueira, senador que está entre os alvos da nova fase da operação Compliance Zero",1,NOTICIA_REAL,noticias_reais,G1_POLITICA,titulo,94,2026-05-07,https://g1.globo.com/politica/noticia/2026/05/07/quem-e-ciro-nogueira-senador-que-esta-entre-os-alvos-da-nova-fase-da-operacao-compliance-zero.ghtml
68c79fc0-7f5a-49e8-bec6-45a239b3ca3b,"Ex-presidente do BRB deve entregar delação até o fim deste mês — Na próxima semana, Paulo Henrique Costa assina termo de confidencialidade com a Polícia Federal. Em seguida, apresenta formalmente o pedido de homologação do contrato de colaboração com as autoridades",1,NOTICIA_REAL,noticias_reais,CORREIO_BRAZILIENSE,titulo_resumo,265,2026-05-15,https://www.correiobraziliense.com.br/politica/2026/05/7420957-ex-presidente-do-brb-deve-entregar-delacao-ate-o-fim-deste-mes.html
f7b46fb4-3569-4836-b5f6-6e265d60f82c,Trump diz que Lula tem sangue de ‘lampião a álcool’,0,FALSO,google_factcheck,DESCONHECIDA,afirmacao_checada,51,2026-04-27,https://www.aosfatos.org/noticias/trump-lula-sangue-lampiao-alcool/
91ef0765-3578-43d2-b6e4-f7e4319e1fb2,FGV considera irregular Durcesio na SAF do Botafogo — Tribunal arbitral devolveu direitos de voto da Eagle Bidco e ampliou disputa pelo controle da SAF alvinegra,1,NOTICIA_REAL,noticias_reais,PODER360,titulo_resumo,161,2026-05-13,https://www.poder360.com.br/poder-sportsmkt/fgv-considera-irregular-durcesio-na-saf-do-botafogo/
213a0aeb-8c42-4a31-a8e8-19da3873ef3a,"'Somos oprimidos no Brasil': a onda de brasileiros rumo ao Paraguai em busca de 'sonho de direita' — Número recorde de brasileiros tem buscado residência no Paraguai nos últimos meses, motivados por ideologia política, baixos impostos e por vídeos nas redes sociais. BBC News Brasil acompanhou a rotina de vários deles em Ciudad del Este.",1,NOTICIA_REAL,noticias_reais,BBC_BRASIL,titulo_resumo,338,2026-04-16,https://www.bbc.com/portuguese/articles/cwyw7696n1zo?at_medium=RSS&at_campaign=rss
8f5acfa0-f2dc-46c8-9a1e-45aed5de73b5,José Dirceu é diagnosticado com linfoma e inicia tratamento em SP,1,NOTICIA_REAL,noticias_reais,AGENCIA_BRASIL,titulo,65,2026-05-15,https://agenciabrasil.ebc.com.br/politica/noticia/2026-05/jose-dirceu-e-diagnosticado-com-linfoma-e-inicia-tratamento-em-sp
25af7b94-0f87-4cda-8c56-772c9707b76b,O que Flávio Bolsonaro disse sobre o caso Master antes de mensagens revelarem pedidos de dinheiro a Vorcaro,1,NOTICIA_REAL,noticias_reais,G1_POLITICA,titulo,107,2026-05-14,https://g1.globo.com/politica/noticia/2026/05/14/o-que-flavio-bolsonaro-disse-sobre-o-caso-master-antes-de-mensagens-revelarem-pedidos-de-dinheiro-a-vorcaro.ghtml
dffcf1b7-c73d-4367-9068-6b99ce153d2f,Partido de Ciro Nogueira adia evento em que oficializaria apoio a Tarcísio em SP,1,NOTICIA_REAL,noticias_reais,G1_POLITICA,titulo,80,2026-05-08,https://g1.globo.com/politica/noticia/2026/05/08/partido-de-ciro-nogueira-adia-evento-tarcisio.ghtml
62365332-d6e9-49dc-8a41-55fa2be8898c,Brasileiros veem sonho da cidadania ser adiado após mudança na lei em Portugal — Alteração na lei eleva o tempo mínimo de residência legal para pedido de nacionalidade de cinco para sete anos no caso de cidadãos brasileiros.,1,NOTICIA_REAL,noticias_reais,BBC_BRASIL,titulo_resumo,224,2026-05-08,https://www.bbc.com/portuguese/articles/ckgp8g3pe7no?at_medium=RSS&at_campaign=rss
06d9a4fb-bfbd-4f50-b6f4-7a55acf1d0c2,Jornal O Globo faz reportagem intitulada “Intestino de Bolsonaro se adianta e já está preso” para debochar do ex-presidente,0,ENGANOSO,google_factcheck,ESTADÃO,afirmacao_checada,123,,https://www.estadao.com.br/estadao-verifica/jornal-o-globo-debocha-bolsonaro-intestino-preso-enganoso/
fc53f95c-63bd-4839-a579-b3e96746fc93,"Caso Master: PF prende hacker foragido da Compliance Zero em Dubai — Victor Lima Sedlmaier é suspeito de integrar o grupo hacker ""Os Meninos"" e de usar documentos falsos visando fuga",1,NOTICIA_REAL,noticias_reais,CORREIO_BRAZILIENSE,titulo_resumo,182,2026-05-16,https://www.correiobraziliense.com.br/politica/2026/05/7421393-caso-master-pf-prende-hacker-foragido-da-compliance-zero-em-dubai.html
60ea6c58-8d78-45a5-93a5-96f2aa5885db,"Vídeo mostra a invasão dos sem terra, apoiado pelo Lula",0,FALSO,google_factcheck,AFP_CHECAMOS,afirmacao_checada,55,2022-10-30,https://checamos.afp.com/doc.afp.com.32MG6FJ
9db7fa8f-d968-47fb-a48e-e9fe361e29af,Alexandre Frota confessa que foi namorado de Bolsonaro por dois anos o artista pornográfico era namorado de Bolsonaro,0,FALSO,google_factcheck,BOL_-_UOL,afirmacao_checada,117,,https://www.bol.uol.com.br/noticias/2026/04/15/falso-alexandre-frota-namorou-jair-bolsonaro.ghtm?t=%7Bseek_to_second_number%7D
f364cfdf-9066-426f-a164-cb2a2249994a,Jornal Nacional: em 2026 aumenta a fiscalização do pix pela Receita Federal,0,FORA_DE_CONTEXTO,google_factcheck,ESTADÃO,afirmacao_checada,75,,https://www.estadao.com.br/estadao-verifica/receita-nao-aumentou-monitoramento-do-pix-em-2026-video-usa-materia-antiga-do-jn/
435b5f12-303b-48df-8dcc-11a473071dec,"Após diagnóstico de linfoma, José Dirceu mantém pré-candidatura — Ex-ministro da Casa Civil iniciou quimioterapia em São Paulo e afirmou que seguirá na disputa por vaga na Câmara.",1,NOTICIA_REAL,noticias_reais,CONGRESSO_EM_FOCO,titulo_resumo,179,2026-05-16,https://www.congressoemfoco.com.br/noticia/118929/apos-diagnostico-de-linfoma-jose-dirceu-mantem-pre-candidatura
78373605-a8bb-4f7b-8c4d-52675e59aaf0,"Após rejeição de Messias em derrota histórica para o governo, ministros de Lula se reúnem com Alcolumbre",1,NOTICIA_REAL,noticias_reais,G1_POLITICA,titulo,104,2026-05-07,https://g1.globo.com/politica/noticia/2026/05/07/apos-rejeicao-de-messias-em-derrota-historia-para-o-governo-ministros-de-lula-se-reunem-com-alcolumbre.ghtml
4391af52-1c42-4d63-81bc-692879d4c618,"Lula critica uso de IA nas eleições; entenda o que o TSE já decidiu — Resoluções sobre o tema foram publicadas neste ano pelo Tribunal Superior Eleitoral. O presidente Lula conversou sobre IA nas eleições com novo presidente do TSE, Kassio Nunes Marques",1,NOTICIA_REAL,noticias_reais,CORREIO_BRAZILIENSE,titulo_resumo,253,2026-05-15,https://www.correiobraziliense.com.br/politica/2026/05/7420874-lula-critica-uso-de-ia-nas-eleicoes-entenda-o-que-o-tse-ja-decidiu.html
3428778d-3f96-4fec-8e3a-50ea454f9a93,BMW apreendida com ‘Careca do INSS’ pertencia a esposa de ministro do TCU indicado por Bolsonaro,0,FALSO,google_factcheck,AOS_FATOS,afirmacao_checada,96,2025-05-26,https://www.aosfatos.org/noticias/bmw-apreendida-careca-do-inss-nao-pertencia-mulher-ministro-tcu-bolsonaro/
e2b09c1a-d7b7-46fd-b24c-b7344d1fb141,A era Lula foi responsável pelo maior poder de compra do trabalhador na história do Brasil,0,FALSO,google_factcheck,AOS_FATOS,afirmacao_checada,90,2022-05-30,https://www.aosfatos.org/noticias/lula-bolsonaro-contrariam-dados-inflacao-brasil/
134f7f6e-d2f8-4402-9592-c01a9976aed6,Alexandre Frota confessou ter namorado Jair Bolsonaro por dois anos,0,ENGANOSO,google_factcheck,ESTADÃO,afirmacao_checada,67,,https://www.estadao.com.br/estadao-verifica/alexandre-frota-namorou-bolsonaro-enganoso/
df4fcd40-30fe-434e-9ad2-0350702ed5e9,No Brasil seria preciso gastar 25% do salário mínimo para encher o tanque de gasolina,0,FALSO,google_factcheck,UOL_NOTÍCIAS,afirmacao_checada,85,2022-03-21,https://noticias.uol.com.br/confere/ultimas-noticias/2022/03/21/post-erra-comparacao-entre-precos-da-gasolina-e-salarios-minimos-pelo-mundo.htm
9bfc723b-c6d1-46f4-a97d-0ebf8c901038,"Brasil 2070: que legado queremos deixar? — Entre crises, estagnação e baixa capacidade de investimento, o país perdeu espaço econômico enquanto emergentes aceleraram seu desenvolvimento.",1,NOTICIA_REAL,noticias_reais,CONGRESSO_EM_FOCO,titulo_resumo,186,2026-05-15,https://www.congressoemfoco.com.br/coluna/118913/brasil-2070-que-legado-queremos-deixar
cbfa5158-6609-4324-a9bd-1f387bee353e,"Você ganha mais de R$ 8.000,00 por mês? Segundo o Lula está na faixa do Imposto de Renda de 47,5 % Vc é rico. Agora faz o L",0,FALSO,google_factcheck,BOATOS.ORG,afirmacao_checada,123,2022-11-15,https://www.boatos.org/politica/lula-vai-cobrar-475-imposto-de-renda-quem-ganha-mais-r-8-000.html
04294bfa-12d5-486e-a019-43041deda63b,Datafolha 2º turno: Lula e Flávio têm 45% das intenções de voto,1,NOTICIA_REAL,noticias_reais,G1_POLITICA,titulo,63,2026-05-16,https://g1.globo.com/politica/eleicoes/2026/noticia/2026/05/16/datafolha-2o-turno-maio.ghtml
ed80a037-c19f-40e3-84fa-e9e00a676173,A [Simone] Tebet falou de voto impresso no passado,1,GFC_VERDADEIRO,google_factcheck,AOS_FATOS,afirmacao_checada,50,2022-08-08,https://www.aosfatos.org/noticias/bolsonaro-no-flow/
5768573b-8bd5-44b8-874e-47e7684c2cc1,Lula confirmou lista com 800 mil idosos 60+ que darão adeus ao salário de R$ 1.412 do INSS,0,ENGANOSO,google_factcheck,AFP_CHECAMOS,afirmacao_checada,90,2024-10-16,https://checamos.afp.com/doc.afp.com.36K96H2
c2e5e4ff-61d6-42e5-8856-7a945d10df3d,Presidente da Petrobras disse que gasolina está cara por causa de ação nos EUA,0,FALSO,google_factcheck,AOS_FATOS,afirmacao_checada,78,2022-03-16,https://www.aosfatos.org/noticias/presidente-petrobras-acao-eua-gasolina/
37fab6bf-136b-449a-902c-8c46695cb7af,"PF troca chefia de caso que envolve INSS e Lulinha; Mendonça e oposição cobram explicações — A Polícia Federal trocou a coordenação dos inquéritos da Operação Sem Desconto , que apura um esquema de fraudes envolvendo o INSS e motivou a quebra de sigilo de Fábio Luís Lula da Silva, o Lulinha , filho do presidente Lula (PT). Leia mais (05/15/2026 - 15h29)",1,NOTICIA_REAL,noticias_reais,FOLHA_PODER,titulo_resumo,355,2026-05-15,https://redir.folha.com.br/redir/online/poder/rss091/*https://www1.folha.uol.com.br/poder/2026/05/pf-troca-chefia-de-caso-que-envolve-inss-e-lulinha-mendonca-e-oposicao-cobram-explicacoes.shtml
56deb596-62a5-4038-add3-ea894a3e0107,DC prepara retirada de Aldo Rebelo e quer lançar Joaquim Barbosa à Presidência — A avaliação da legenda é que Aldo não conseguiu se viabilizar eleitoralmente,1,NOTICIA_REAL,noticias_reais,CARTACAPITAL,titulo_resumo,157,2026-05-16,https://www.cartacapital.com.br/cartaexpressa/dc-prepara-retirada-de-aldo-rebelo-e-quer-lancar-joaquim-barbosa-a-presidencia/
e7b22ebd-a31e-435f-91f7-b5f18522c296,"Lula ganha atestado de vigor de Trump, o ídolo do bolsonarismo",1,NOTICIA_REAL,noticias_reais,G1_POLITICA,titulo,62,2026-05-08,https://g1.globo.com/politica/blog/octavio-guedes/post/2026/05/08/lula-ganha-atestado-de-vigor-de-trump-o-idolo-do-bolsonarismo.ghtml
79476b8d-06a0-4683-8824-c99c8ecd1738,Alckmin e Moraes são hostilizados ao saírem de restaurante em Brasília,0,FALSO,google_factcheck,AOS_FATOS,afirmacao_checada,70,2023-01-06,https://www.aosfatos.org/noticias/video-2016-alckmin-moraes-restaurante/
82029970-f79c-465e-851b-c17a33ed3f9e,Áudios provam que Flávio Dino e Lula tramaram ataques de 8 de janeiro em Brasília,0,FALSO,google_factcheck,ESTADÃO,afirmacao_checada,81,,https://www.estadao.com.br/estadao-verifica/abin-nega-existencia-de-audios-entre-flavio-dino-e-lula-com-trama-envolvendo-atos-de-8-de-janeiro/
29736e94-a661-443d-bfab-47d51d5fc0fe,"Àudio vazado do diretor do Datafolha, Mauro Paulino, confessa plano de fraude nas urnas",0,FALSO,google_factcheck,UOL_NOTÍCIAS,afirmacao_checada,87,2022-06-03,https://noticias.uol.com.br/confere/ultimas-noticias/2022/06/03/video-falso-atribui-audio-de-humorista-a-ex-diretor-do-datafolha.htm
adae023b-4453-4209-842a-edce806d244d,"Após negar, Eduardo confirma ter assinado contrato de gestão financeira de filme de Bolsonaro; entenda — Reportagem publicada pelo The Intercept Brasil revelou um contrato assinado por Eduardo como produtor-executivo da obra; ex-deputado afirma que documento era 'antigo' e que foi feito quando ainda não havia um 'grande investidor' para financiar o projeto.",1,NOTICIA_REAL,noticias_reais,BBC_BRASIL,titulo_resumo,359,2026-05-15,https://www.bbc.com/portuguese/articles/c5y75qdd9q0o?at_medium=RSS&at_campaign=rss
a90109e7-6b4b-48bd-8ccb-da1efcc939c4,"Caso Master: delação de ex-chefe do BRB deve sair até fim do mês — Na próxima semana, Paulo Henrique Costa assina termo de confidencialidade. Em seguida, apresenta pedido de homologação da colaboração premiada",1,NOTICIA_REAL,noticias_reais,CORREIO_BRAZILIENSE,titulo_resumo,209,2026-05-16,https://www.correiobraziliense.com.br/politica/2026/05/7420986-caso-master-delacao-de-ex-chefe-do-brb-deve-sair-ate-fim-do-mes.html
f500afb4-3926-4cf8-bff3-ee8f921338c8,Boulos critica compensação a empresas pelo fim da escala 6x1,1,NOTICIA_REAL,noticias_reais,AGENCIA_BRASIL,titulo,60,2026-05-13,https://agenciabrasil.ebc.com.br/politica/noticia/2026-05/boulos-critica-compensacao-empresas-pelo-fim-da-escala-6x1
5fc4e919-5fda-4e8f-94fa-6566fa7daef6,Lula publicou medida para antecipar a aposentadoria dos brasileiros,0,FALSO,google_factcheck,AOS_FATOS,afirmacao_checada,67,2023-12-26,https://www.aosfatos.org/noticias/falso-lula-medida-antecipar-aposentadoria/
1f7158dd-1ded-4bcb-a5c1-71c36881b5e4,"Prerrogativas estuda ofensiva jurídica para descobrir destino de dinheiro que financiaria filme de Bolsonaro — O Grupo Prerrogativas está analisando quais medidas jurídicas deve adotar nos próximos dias, em uma ofensiva contra o filme que conta a história do ex-presidente Jair Bolsonaro. Leia mais (05/14/2026 - 19h00)",1,NOTICIA_REAL,noticias_reais,FOLHA_PODER,titulo_resumo,319,2026-05-14,https://redir.folha.com.br/redir/online/poder/rss091/*https://www1.folha.uol.com.br/colunas/painel/2026/05/prerrogativas-estuda-ofensiva-juridica-para-descobrir-destino-de-dinheiro-que-financiaria-filme-de-bolsonaro.shtml
e8aa2511-aab7-4203-a92d-2046c956a1dd,"DC oficializa nome de Joaquim Barbosa como presidenciável e consolida racha no partido — Mesmo em meio à insatisfação de parte da legenda, o Democracia Cristã (DC) oficializou o nome do ex-ministro do STF (Supremo Tribunal Federal), Joaquim Barbosa, como pré-candidato à Presidência da República. Com isso, consolidou o racha no partido. Leia mais (05/16/2026 - 21h10)",1,NOTICIA_REAL,noticias_reais,FOLHA_PODER,titulo_resumo,368,2026-05-16,https://redir.folha.com.br/redir/online/poder/rss091/*https://www1.folha.uol.com.br/colunas/painel/2026/05/dc-oficializa-nome-de-joaquim-barbosa-como-presidenciavel-e-consolida-racha-no-partido.shtml
3579ed1d-0d21-47a5-b5e4-fe6238d37570,"Eu fui ministro da Fazenda, eu cobrei uma alíquota de 35% nos supersalários.",1,GFC_VERDADEIRO,google_factcheck,AOS_FATOS,afirmacao_checada,76,2022-08-15,https://www.aosfatos.org/noticias/checamos-ciro-gomes-roda-viva/
0fd1cba4-4513-4df2-8e20-90a3cbe43da5,"Zema tem recorde de ‘curtidas’ ao criticar Flávio Bolsonaro, mas também ganha desafetos — Vídeo do ex-governador foi visto por 4 milhões de internautas e criou problemas para a aliança entre o Novo e o PL",1,NOTICIA_REAL,noticias_reais,VEJA_POLITICA,titulo_resumo,204,2026-05-16,https://veja.abril.com.br/politica/zema-tem-recorde-de-curtidas-ao-criticar-flavio-bolsonaro-mas-tambem-ganha-desafetos/
8e8cc6b1-11d9-4282-8ead-de3c43364fec,"Vídeo mostra autor de atentado em Brasília, Francisco Wanderley Luiz, ao lado de Jair Bolsonaro e Abílio Brunini",0,FALSO,google_factcheck,ESTADÃO,afirmacao_checada,112,,https://www.estadao.com.br/estadao-verifica/video-autor-atentado-brasilia-stf-bolsonaro-falso/
a34761dd-57cd-4202-b049-61c76c53f95f,Qual o horário da reunião entre Lula e Trump? Veja programação,1,NOTICIA_REAL,noticias_reais,G1_POLITICA,titulo,62,2026-05-07,https://g1.globo.com/politica/noticia/2026/05/07/qual-o-horario-da-reuniao-entre-lula-e-trump-veja-programacao.ghtml
83a97167-710c-4389-9bce-b4393296e3c4,"A disputa pela Presidência no 1º turno, segundo novo Datafolha — O instituto entrevistou 2.004 eleitores entre a terça-feira 12 e a quarta 13",1,NOTICIA_REAL,noticias_reais,CARTACAPITAL,titulo_resumo,141,2026-05-16,https://www.cartacapital.com.br/politica/a-disputa-pela-presidencia-no-1o-turno-segundo-novo-datafolha-2/
92e89b5e-53e1-462c-bc27-645a39ec3091,Zé Trovão chora em sessão que sugeriu a suspensão dele por ocupação da Mesa da Câmara: 'Pior dia da minha vida',1,NOTICIA_REAL,noticias_reais,G1_POLITICA,titulo,111,2026-05-06,https://g1.globo.com/sc/santa-catarina/noticia/2026/05/06/ze-trovao-chora-sessao-decidiu-suspensao-ocupacao-mesa-camara.ghtml
aac1f58c-ba36-4a3f-997d-67208d0a136a,"Ministro André Mendonça não quer a quebra do sigilo do Banco Master, enquanto Moraes defende a abertura",0,FORA_DE_CONTEXTO,google_factcheck,DESCONHECIDA,afirmacao_checada,103,,https://www.estadao.com.br/estadao-verifica/video-fora-de-contexto-alega-falsamente-que-andre-mendonca-nao-quer-quebrar-sigilo-do-banco-master/
8aa5c0a1-10f3-4fac-b2f6-7a4ff8a58074,Leonel Brizola avisou há 22 anos sobre o governo de Jair Bolsonaro,0,FALSO,google_factcheck,AFP_CHECAMOS,afirmacao_checada,66,2026-02-18,https://checamos.afp.com/doc.afp.com.982W4T7
f8287edc-6965-4d07-9fbb-c51d2e5d77cc,governo criou im posto pra quem movimenta R$ 5 mil por mês,0,FALSO,google_factcheck,ESTADÃO,afirmacao_checada,58,,https://www.estadao.com.br/estadao-verifica/falso-movimentacao-acima-5-mil-pix-imposto-flavio-bolsonaro/
f275444d-45f7-471b-92ac-555983eb083d,Oposição conseguem 41 assinaturas de senadores para pedir impeachment de Alexandre de Moraes,0,FORA_DE_CONTEXTO,google_factcheck,ESTADÃO,afirmacao_checada,92,,https://www.estadao.com.br/estadao-verifica/senadores-oposicao-41-assinaturas-impeachment-moraes-fora-de-contexto/
67d29343-ec12-413d-92c2-d1801641f26e,Petistas infiltrados saem pelo túnel do Congresso após atos de terrorismo em Brasília (DF),0,FALSO,google_factcheck,AOS_FATOS,afirmacao_checada,90,2023-01-13,https://www.aosfatos.org/noticias/falso-elevador-terroristas-infiltrados-brasilia/
0b313c63-5f63-4688-9c33-75a1f20cb3b5,"Ciro Gomes confirma candidatura ao Governo do Ceará, chama rivais de frouxos e elogia bolsonaristas — O ex-ministro Ciro Gomes ( PSDB ) lançou sua pré-candidatura ao governo do Ceará neste sábado (16), chamando seus adversários de frouxos e endurecendo o discurso sobre segurança pública, com promessas de combater facções criminosas no estado. Leia mais (05/16/2026 - 15h50)",1,NOTICIA_REAL,noticias_reais,FOLHA_PODER,titulo_resumo,375,2026-05-16,https://redir.folha.com.br/redir/online/poder/rss091/*https://www1.folha.uol.com.br/poder/2026/05/ciro-gomes-confirma-candidatura-ao-governo-do-ceara-chama-rivais-de-frouxos-e-elogia-bolsonaristas.shtml
523b0e28-37b3-4dc9-9b9b-475a0ab9bf2a,"Há uma indústria mundial liderada por um senhor chamado George Soros, um milionário americano que patrocina mundo afora o aborto, o assassinato de bebês indefesos. Sabe por quê? Porque eles vivem de empresas também que dependem do feto humano para fabricar cosméticos",0,FALSO,google_factcheck,AOS_FATOS,afirmacao_checada,267,2024-06-18,https://www.aosfatos.org/noticias/pl-do-aborto-sostenes-recicla-mentira-fetos-industria-cosmeticos/
900bebcc-9244-4133-b128-2974952b4ef7,Comparativo mostra que integrante do MST é o mesmo homem que destruiu relógio histórico em Brasília,0,FALSO,google_factcheck,AOS_FATOS,afirmacao_checada,99,2023-01-19,https://www.aosfatos.org/noticias/falso-membro-do-mst-relogio-planalto/
29155d2a-949b-4e1b-8b52-67f942482a19,Vereadora diz que vacinas contra a covid-19 são um experimento,0,ENGANOSO,google_factcheck,AFP_CHECAMOS,afirmacao_checada,62,2022-01-17,https://checamos.afp.com/doc.afp.com.9WD2HA
5959c466-cf1f-45da-8db6-2cc7884f906f,Como suspensão da Ypê pela Anvisa virou tema de disputa política nas redes — O episódio deixou de ser apenas uma discussão sobre vigilância sanitária e passou a ocupar o centro de uma batalha política nas redes.,1,NOTICIA_REAL,noticias_reais,BBC_BRASIL,titulo_resumo,211,2026-05-11,https://www.bbc.com/portuguese/articles/cp9p2dzn3xzo?at_medium=RSS&at_campaign=rss
4cab351a-0b81-4f55-a77e-7922356eddac,Jair Bolsonaro sai do hospital em pé acenando para apoiadores,0,ENGANOSO,google_factcheck,ESTADÃO,afirmacao_checada,61,,https://www.estadao.com.br/estadao-verifica/bolsonaro-acena-alta-hospital-enganoso-2025/
f9c5a7a2-ae4f-4dfd-bc8e-c2a6a28c3f31,"Países que fizeram a eleição com cédula de papel ou urnas com voto impresso, como Paraguai, Uruguai, Equador e Argentina, tiveram derrota da esquerda",0,FALSO,google_factcheck,ESTADÃO,afirmacao_checada,149,,https://www.estadao.com.br/estadao-verifica/voto-impresso-direita-esquerda-falso/
0475c1ca-4869-4de8-ae50-832f53c4cab8,"TSE determina retotalização de votos das eleições de 2022, o que fere a democracia brasileira",0,ENGANOSO,google_factcheck,ESTADÃO,afirmacao_checada,93,,https://www.estadao.com.br/estadao-verifica/retotalizacao-de-votos-fere-democracia-troca-presidente-enganoso/
78258ca0-3718-4a5f-b0ee-d6fcd1108039,"Por conta das mudanças no Imposto de Renda, professores vão ganhar menos do que antes do reajuste do piso salarial",0,FALSO,google_factcheck,AOS_FATOS,afirmacao_checada,114,2026-01-23,https://www.aosfatos.org/noticias/nao-e-verdade-que-professores-vao-ganhar-menos-em-2026-mesmo-com-reajuste-no-piso/
70262a13-0cae-4c63-a066-dfcc012f8461,"Gravação de Flávio Bolsonaro com Vorcaro impulsiona Caiado e Zema, mas não beneficia Lula: 'Eleitor olhou para o lado' — Em entrevista à BBC News Brasil, Sergio Denicoli, CEO da AP Exata, que monitora narrativas nas redes sociais, disse que desgaste de Flávio já é sentido nas redes sociais; menções negativas aumentaram e o sentimento de confiança caiu.",1,NOTICIA_REAL,noticias_reais,BBC_BRASIL,titulo_resumo,354,2026-05-15,https://www.bbc.com/portuguese/articles/clyp0wdzgjlo?at_medium=RSS&at_campaign=rss
600385a3-193a-4630-99c6-10a7d4ff4ace,Vídeo de Lindbergh Farias tem relação com assalto à casa da ex-esposa de Bolsonaro,0,FALSO,google_factcheck,AOS_FATOS,afirmacao_checada,82,2025-08-29,https://www.aosfatos.org/noticias/video-de-deputado-do-pt-nao-tem-relacao-com-assalto-a-casa-de-ex-mulher-de-bolsonaro/
d4af86fc-6283-46e0-aef6-0fa0e958fe69,Alexandre de Moraes pede retirada de vídeo em que Bolsonaro aparece emocionado,0,FALSO,google_factcheck,AOS_FATOS,afirmacao_checada,78,2022-10-01,https://www.aosfatos.org/noticias/alexandre-de-moraes-nao-pediu-retirada-de-video-em-que-bolsonaro-aparece-emocionado/
a5d5f20f-17f5-41a5-86a7-2d6fc2cf919c,CDC admite que vacinas causam doenças debilitantes,0,ENGANOSO,google_factcheck,ESTADÃO,afirmacao_checada,50,,https://www.estadao.com.br/estadao-verifica/cdc-admite-vacinas-covid-doencas-debilitantes/
933f6927-5414-4094-a569-5672037165a0,"PF empareda Castro por suposta conexão com esquema da Refit — Segundo a investigação, ex-governador do Estado do Rio de Janeiro teria conexão com esquema da Refit, acusada de sonegar bilhões em impostos",1,NOTICIA_REAL,noticias_reais,CORREIO_BRAZILIENSE,titulo_resumo,202,2026-05-16,https://www.correiobraziliense.com.br/politica/2026/05/7420945-pf-empareda-claudio-castro.html
b7dd08fb-5aba-496e-a25f-42a2ed4c0d5b,"R$160milhões do mensalão, R$2,3bilhão em um esquema do Petrolão, e R$44bilhões no orçamento secreto",1,GFC_VERDADEIRO,google_factcheck,AOS_FATOS,afirmacao_checada,99,2022-08-09,https://www.aosfatos.org/noticias/roda-viva-simone-tebet/
5884700c-3142-453b-a1c8-385766924d10,Ciro Nogueira muda defesa após ser alvo da PF no caso Master,1,NOTICIA_REAL,noticias_reais,G1_POLITICA,titulo,60,2026-05-11,https://g1.globo.com/politica/blog/camila-bomfim/post/2026/05/11/ciro-nogueira-muda-defesa-apos-ser-alvo-da-pf-no-caso-master.ghtml
baa7b960-fbf0-4b13-8997-03ca848d928c,"Bolsonaro: ” Pobre ñ sabe lidar com dinheiro. Patrão ñ devia dar dinheiro pra trabalhador, só casa e comida. Dê dinheiro pra pobre e ele vai gastar tudo em pinga e cigarro”",0,FALSO,google_factcheck,BOATOS.ORG,afirmacao_checada,172,2021-12-19,https://www.boatos.org/politica/bolsonaro-diz-que-pobre-nao-sabe-lidar-com-dinheiro-patrao-nao-devia-dar-pagar.html
fc6eaade-0923-42cd-8f1a-7dbd65116c9c,"Flávio Bolsonaro diz que Brasil vai aposentar Lula — Pré-candidato à Presidência declarou que o PT ficará ""recolhido na insignificância"" e criticou gestão econômica do atual governo",1,NOTICIA_REAL,noticias_reais,PODER360,titulo_resumo,181,2026-05-10,https://www.poder360.com.br/poder-eleicoes/flavio-bolsonaro-diz-que-brasil-vai-aposentar-lula/
0a9fa8b3-80f4-4630-8e6a-dfab6d8139e6,"As mudanças nas versões de Flávio Bolsonaro sobre sua ligação com Daniel Vorcaro — Após o vazamento de mensagens e áudios pelo portal The Intercept Brasil, o senador Flávio Bolsonaro ( PL -RJ) admitiu ter negociado com o banqueiro Daniel Vorcaro , do Banco Master , pagamentos para financiar um filme sobre seu pai, o ex-presidente Jair Bolsonaro (PL). Leia mais (05/14/2026 - 11h46)",1,NOTICIA_REAL,noticias_reais,FOLHA_PODER,titulo_resumo,383,2026-05-14,https://redir.folha.com.br/redir/online/poder/rss091/*https://www1.folha.uol.com.br/poder/2026/05/as-mudancas-nas-versoes-de-flavio-bolsonaro-sobre-sua-ligacao-com-daniel-vorcaro.shtml
b62e4694-101a-4dd8-9e47-15267a0a928b,"Pai de Vorcaro doou R$ 1 milhão para partido de Zema em MG nas eleições de 2022 — Preso nesta quinta-feira (14) , o pai de Daniel Vorcaro , Henrique Moura Vorcaro, doou R$ 1 milhão para o diretório estadual do Novo em Minas Gerais nas eleições de 2022, mostram dados da prestação de conta do partido apresentados ao TSE (Tribunal Superior Eleitoral). Leia mais (05/14/2026 - 12h22)",1,NOTICIA_REAL,noticias_reais,FOLHA_PODER,titulo_resumo,381,2026-05-14,https://redir.folha.com.br/redir/online/poder/rss091/*https://www1.folha.uol.com.br/poder/2026/05/pai-de-daniel-vorcaro-doou-r-1-milhao-a-diretorio-do-partido-novo-em-mg-quando-zema-era-candidato.shtml
93cb5122-f81b-4ac5-a942-5979d7f2e7c6,Projeto amplia afastamento por luto e acompanhamento médico de filhos — Medida apresentada na Câmara amplia reconhecimento de relações familiares na legislação trabalhista.,1,NOTICIA_REAL,noticias_reais,CONGRESSO_EM_FOCO,titulo_resumo,172,2026-05-15,https://www.congressoemfoco.com.br/noticia/118918/projeto-amplia-afastamento-por-luto-e-acompanhamento-medico-de-filhos
b18395ab-6e87-4bb7-860a-ff048ff784f1,"Eleitores de Lula não precisarão voltar às urnas no 2º turno, diz Moraes",0,FALSO,google_factcheck,UOL_NOTÍCIAS,afirmacao_checada,72,2022-10-12,https://noticias.uol.com.br/confere/ultimas-noticias/2022/10/12/e-falso-que-eleitores-de-lula-nao-precisam-votar-no-2-turno.htm
5c1256cd-b33c-4ca8-9b1c-be66e213a571,Avião do presidente Lula foi interceptado com malas de dinheiro ligadas à fraude no INSS,0,FALSO,google_factcheck,ESTADÃO,afirmacao_checada,88,,https://www.estadao.com.br/estadao-verifica/aviao-lula-interceptado-malas-de-dinheiro-fraude-inss-falso/
45727191-00eb-41a6-b0d3-993cd946dd9b,"Como cuidar dos seus cabos de celular (certamente não da maneira como você está fazendo) — Cabos de carregador só recebem atenção quando quebram. E, muitas vezes, o problema está na forma como você os usa",1,NOTICIA_REAL,noticias_reais,BBC_BRASIL,titulo_resumo,204,2026-05-16,https://www.bbc.com/portuguese/articles/cdjp9vlj44ro?at_medium=RSS&at_campaign=rss
2b229cc2-7afa-4d07-95d3-0fb8aba59c5c,"Vacina pediátrica contra a covid-19 não foi incluída no PNI, por isso, pais não são obrigados a vacinar os filhos",0,ENGANOSO,google_factcheck,ESTADÃO,afirmacao_checada,113,,https://www.estadao.com.br/estadao-verifica/medico-desinforma-ao-criticar-inclusao-de-vacinas-contra-covid-em-programa-nacional-de-imunizacoes/
b361cac1-9257-490e-8a22-c3a23d64ba1f,"Dia das Mães: como surgiu a comemoração no Brasil e por que a data varia no mundo — Data comemorativa foi instituída em 1932 pelo então presidente Getúlio Vargas, mas só se consolidou anos depois, durante o regime militar.",1,NOTICIA_REAL,noticias_reais,BBC_BRASIL,titulo_resumo,222,2026-05-09,https://www.bbc.com/portuguese/articles/c4g42ddgxnlo?at_medium=RSS&at_campaign=rss
7d422f9e-7e0a-4804-ba6e-a5476de5668c,"Fernando Haddad foi vaiado em Campinas com gritos de ""Fora, Haddad""",0,ENGANOSO,google_factcheck,ESTADÃO,afirmacao_checada,67,,https://www.estadao.com.br/estadao-verifica/haddad-vaiado-campinas-enganoso/
7640591c-5fe7-4fca-8d85-ec4d3eea5c58,"Eduardo Bolsonaro mostra que não liga pro Brasil, o medo é ser preso — Filho do presidente, Eduardo Bolsonaro mostra que só se preocupa mesmo é com si mesmo. Critíca Tarcísio e desafia Moraes. Brasil por último.",1,NOTICIA_REAL,noticias_reais,METROPOLES,titulo_resumo,211,2025-07-15,https://www.metropoles.com/blog-do-noblat/eduardo-bolsonaro-mostra-que-nao-liga-pro-brasil-o-medo-e-ser-preso
132c294a-6255-4717-87d2-60ff14a665e2,Governo Lula cortou Bolsa Família e seguro pesca em cidade na seca no Maranhão,0,ENGANOSO,google_factcheck,ESTADÃO,afirmacao_checada,78,,https://www.estadao.com.br/estadao-verifica/video-engana-ao-dizer-que-governo-cortou-beneficios-de-pescadores-em-plena-seca-no-maranhao/
144c4ff5-d242-4b45-bf78-6e064139785f,"Após negar, Eduardo confirma ter assinado contrato de gestão financeira de filme de Bolsonaro; entenda — Reportagem publicada pelo The Intercept Brasil revelou um contrato assinado por Eduardo como produtor-executivo da obra; ex-deputado afirma que documento era 'antigo' e que foi feito quando ainda não havia um 'grande investidor' para financiar o projeto.",1,NOTICIA_REAL,noticias_reais,CORREIO_BRAZILIENSE,titulo_resumo,359,2026-05-15,https://www.correiobraziliense.com.br/mundo/2026/05/7420976-apos-negar-eduardo-confirma-ter-assinado-contrato-de-gestao-financeira-de-filme-de-bolsonaro-entenda.html
68126362-333e-4ee1-b06f-269d865f9a9b,"Ciro confunde gesto de apoiador com apologia ao CV em evento: ‘Prende ele’ — Alertado, o pré-candidato ao governo do Ceará pediu desculpas: 'É que sou vigilante'",1,NOTICIA_REAL,noticias_reais,CARTACAPITAL,titulo_resumo,161,2026-05-16,https://www.cartacapital.com.br/cartaexpressa/ciro-confunde-gesto-de-apoiador-com-apologia-ao-cv-em-evento-prende-ele/
b66f313b-2b9f-49b5-8c04-2133526511b1,Nunes Marques assume presidência do TSE e diz que urnas eletrônicas são 'patrimônio institucional da democracia',1,NOTICIA_REAL,noticias_reais,G1_POLITICA,titulo,112,2026-05-12,https://g1.globo.com/politica/noticia/2026/05/12/tse-posse-nunes-marques-presidencia-tse.ghtml
feb08578-23ea-41b3-a461-e4bba8618bc1,CNN Britânica diz que Lula perdeu o povo brasileiro e Bolsonaro tem ganhado popularidade,0,FALSO,google_factcheck,AOS_FATOS,afirmacao_checada,88,2024-03-19,https://www.aosfatos.org/noticias/falso-cnn-britanica-disse-lula-e-rejeitado-maioria-dos-brasileiros/
ebbda38d-ace1-440d-9235-b70e8898a79c,"Derrite sai em defesa de Flávio: 'Acharam que tinham uma bomba atômica' — O deputado federal Guilherme Derrite (PP-SP) disse hoje, em lançamento de sua pré-candidatura ao Senado de São Paulo, que o episódio envolvendo o pedido de dinheiro do senador Flávio Bolsonaro (PL) ao banqueiro Daniel Vorcaro é ""página virada"". Os dois estavam em Sorocaba na manhã deste sábado.",1,NOTICIA_REAL,noticias_reais,UOL_NOTICIAS,titulo_resumo,369,,https://noticias.uol.com.br/politica/ultimas-noticias/2026/05/16/derrite-sorocaba-lancamento-pre-candidatura-senado.htm
14793f65-1624-4cb1-bc04-367066be73c9,Governo Lula assina acordos com China para IA e educação digital — Parceria selada pelo MEC estabelece 30 bolsas de estudo anuais a brasileiros e desenvolvimento de tecnologias pedagógicas,1,NOTICIA_REAL,noticias_reais,PODER360,titulo_resumo,188,2026-05-16,https://www.poder360.com.br/poder-educacao/governo-lula-assina-acordos-com-china-para-ia-e-educacao-digital/
07745a07-1aa5-4dc6-9894-51dd07f88c52,Governo Lula quer criar novo imposto para cobrir rombo causado por fraudes do INSS,0,FALSO,google_factcheck,AOS_FATOS,afirmacao_checada,82,2025-04-30,https://www.aosfatos.org/noticias/governo-lula-nao-anunciou-novo-imposto-para-cobrir-fraudes-contra-beneficiarios-do-inss/
4d32b951-6bef-49ca-aeb7-1a5806a9e1d7,Miriam Leitão: pai de Daniel Vorcaro estava envolvido tanto em lavar dinheiro quanto em esconder bens,1,NOTICIA_REAL,noticias_reais,G1_POLITICA,titulo,101,2026-05-14,https://g1.globo.com/bom-dia-brasil/noticia/2026/05/14/miriam-leitao-pai-de-daniel-vorcaro-estava-envolvido-tanto-em-lavar-dinheiro-quanto-em-esconder-bens.ghtml
2cb7385a-085b-4b22-8304-cbe1bb6b7e49,Infiltrado do MST é gravado quebrando vidraças em Brasília,0,FALSO,google_factcheck,AOS_FATOS,afirmacao_checada,58,2023-01-10,https://www.aosfatos.org/noticias/falso-integrante-mst-infiltrado-brasilia/
425f0702-59ac-4d53-847a-25c429dbab41,33 milhões de brasileiros com fome e 100 milhões com insegurança alimentar,1,GFC_VERDADEIRO,google_factcheck,AOS_FATOS,afirmacao_checada,74,2022-08-09,https://www.aosfatos.org/noticias/roda-viva-simone-tebet/
6c39bc26-4ae1-4e6d-9603-b3786de6b22f,"Quem movimenta acima de R$ 5 mil vai ter que pagar alíquota de 27,5%",0,ENGANOSO,google_factcheck,ESTADÃO,afirmacao_checada,68,,https://www.estadao.com.br/estadao-verifica/quem-movimentar-mais-de-5-mil-pix-pagara-imosto-de-renda-de-275-enganoso/
7168f1c2-7c20-401c-a965-c199908ded6f,"Fachin vota com Mendonça e empata julgamento sobre monitoramento de jornalistas e parlamentares — Ainda faltam votar os ministros Luiz Fux, Nunes Marques e Gilmar Mendes. O julgamento ocorre no plenário virtual e deve terminar nesta sexta-feira",1,NOTICIA_REAL,noticias_reais,CARTACAPITAL,titulo_resumo,244,2026-05-15,https://www.cartacapital.com.br/justica/fachin-vota-com-mendonca-e-empata-julgamento-sobre-monitoramento-de-jornalistas-e-parlamentares/
302941e5-f8ba-43eb-9afd-be9d07a1b357,PF apura se dinheiro de Vorcaro foi usado para bancar Eduardo Bolsonaro nos EUA,1,NOTICIA_REAL,noticias_reais,G1_POLITICA,titulo,79,2026-05-14,https://g1.globo.com/politica/blog/andreia-sadi/post/2026/05/14/pf-investiga-recurso-master-vorcaro-bolsonaro.ghtml
79be9c04-7bd9-497a-82a2-a662098b8515,"Fiscalização da Receita contra autoridades cai 54% após Moraes suspender força-tarefa — A Receita Federal abriu 1.437 procedimentos fiscais em 2025 contra agentes públicos que integram a lista de pessoas que ocupam cargos públicos relevantes, como parlamentares, ministros, juízes e seus familiares, as chamadas PPEs (Pessoas Politicamente Expostas). Leia mais (05/14/2026 - 23h00)",1,NOTICIA_REAL,noticias_reais,FOLHA_PODER,titulo_resumo,381,2026-05-14,https://redir.folha.com.br/redir/online/poder/rss091/*https://www1.folha.uol.com.br/poder/2026/05/fiscalizacao-da-receita-contra-autoridades-cai-54-apos-moraes-suspender-forca-tarefa.shtml
79971126-a468-44bc-b25f-3b9cb0bb52fc,Ex-integrante do PCC diz que o ministro Alexandre de Moraes é a 'mãe' da facção criminosa,0,FALSO,google_factcheck,UOL_NOTÍCIAS,afirmacao_checada,89,,https://noticias.uol.com.br/confere/ultimas-noticias/2025/02/27/alexandre-de-moraes-lider-do-pcc-falso.htm
dca929b0-40b1-4940-800c-3021399dbc37,"Não creio que morte da juíza tenha inspirado charge — No último sábado (9), duas juízas ligadas a movimentos feministas sugeriram que eu fizesse um contraponto às manifestações de repúdio a uma charge de Marilia Marz publicada na Folha . Leia mais (05/15/2026 - 04h03)",1,NOTICIA_REAL,noticias_reais,FOLHA_PODER,titulo_resumo,268,2026-05-15,https://redir.folha.com.br/redir/online/poder/rss091/*https://www1.folha.uol.com.br/blogs/frederico-vasconcelos/2026/05/nao-creio-que-morte-da-juiza-tenha-inspirado-charge.shtml
