id_registro,texto_principal,label,label_detalhe,pipeline_origem,portal_origem,origem_texto,origem_qualidade,tamanho_chars,data_publicacao,url_origem
GFC_NEG_00001,Lula recusou compra de vacina contra a dengue em 2023,0,FALSO,google_factcheck,AFP_CHECAMOS,AFIRMACAO_CHECADA,ROTULO_FORTE,53,2023-12-29,https://checamos.afp.com/doc.afp.com.34982E6
RSS_00001,Comissão da Câmara aprova cota para mulheres na direção de clubes — Texto prevê reserva de vagas para mulheres em cargos de comando e em conselhos que apuram assédio sexual.,1,NOTICIA_REAL,noticias_reais,CONGRESSO_EM_FOCO,titulo_resumo,ROTULO_ASSUMIDO,173,2026-05-15,https://www.congressoemfoco.com.br/noticia/118927/comissao-da-camara-aprova-cota-para-mulheres-na-direcao-de-clubes
RSS_00002,Juros escalam com candidatura de Flávio Bolsonaro ameaçada pelo 'caso Dark Horse',1,NOTICIA_REAL,noticias_reais,UOL_NOTICIAS,titulo,ROTULO_ASSUMIDO,81,,https://www1.folha.uol.com.br/mercado/2026/05/juros-escalam-com-candidatura-de-flavio-bolsonaro-ameacada-pelo-caso-dark-horse.shtml
RSS_00003,"'Ele merece ou não este filme?', diz Flávio Bolsonaro ao defender uso de verba para obra sobre o pai",1,NOTICIA_REAL,noticias_reais,FOLHA_PODER,titulo,ROTULO_ASSUMIDO,100,2026-05-15,https://redir.folha.com.br/redir/online/poder/rss091/*https://www1.folha.uol.com.br/poder/2026/05/ele-merece-ou-nao-este-filme-diz-flavio-bolsonaro-ao-defender-uso-de-verba-para-obra-sobre-o-pai.shtml
GFC_NEG_00002,Advogado defende a impressão de comprovantes de votação durante julgamento no STF e fala sobre falhas encontradas nas urnas eletrônicas que poderiam ameaçar o processo eleitoral.,0,ENGANOSO,google_factcheck,PROJETO_COMPROVA,AFIRMACAO_CHECADA,ROTULO_FORTE,178,2022-05-18,https://projetocomprova.com.br/publica%C3%A7%C3%B5es/video-que-cita-falhas-ja-corrigidas-nas-urnas-volta-a-circular-fora-de-contexto/
RSS_00004,"O plano inusitado que Zema pretende implementar caso seja eleito para a presidência — Se chegar ao Planalto em 2027, ex-governador de Minas Gerais quer alianças para reformular as relações do Executivo com o Congresso",1,NOTICIA_REAL,noticias_reais,VEJA_POLITICA,titulo_resumo,ROTULO_ASSUMIDO,217,2026-05-16,https://veja.abril.com.br/politica/a-plano-inusitado-que-zema-pretende-implementar-caso-seja-eleito-para-a-presidencia/
GFC_NEG_00003,Áudios provam que Flávio Dino e Lula tramaram ataques de 8 de janeiro em Brasília,0,FALSO,google_factcheck,ESTADÃO,AFIRMACAO_CHECADA,ROTULO_FORTE,81,,https://www.estadao.com.br/estadao-verifica/abin-nega-existencia-de-audios-entre-flavio-dino-e-lula-com-trama-envolvendo-atos-de-8-de-janeiro/
GFC_NEG_00004,"Haddad aumentou imposto mensal dos MEIs em 7,5% em 2025",0,ENGANOSO,google_factcheck,AFP_CHECAMOS,AFIRMACAO_CHECADA,ROTULO_FORTE,55,2025-02-27,https://checamos.afp.com/doc.afp.com.36YT72K
GFC_NEG_00005,Jorge Messias chorou após votação no Senado que o rejeitou para o STF,0,FALSO,google_factcheck,DESCONHECIDA,AFIRMACAO_CHECADA,ROTULO_FORTE,69,,https://www.bol.uol.com.br/noticias/2026/05/04/e-ia-imagem-de-messias-chorando-apos-ser-rejeitado-para-o-stf.ghtm
GFC_NEG_00006,Delegado da PF mandou prender o ministro do STF Alexandre de Moraes,0,FALSO,google_factcheck,AOS_FATOS,AFIRMACAO_CHECADA,ROTULO_FORTE,67,2022-07-04,https://www.aosfatos.org/noticias/nao-e-verdade-delegado-mandou-prender-alexandre-de-moraes/
GFC_NEG_00007,"A partir de amanhã, em todo o mundo, existem novas regras de comunicação, todos os governos da Europa, América do Norte e América do Sul chegaram a um acordo com a Whatsapp, Twiter, Facebook e outros canais de comunicação. Todas as chamadas serão gravadas. Todos os registros de chamadas telefônicas são gravados. Todas as mensagens e chamadas WhatsApp são gravadas. O Twitter é monitorado. NO BRASIL O STF AUTORIZOU O MONITORAMENTO.",0,FALSO,google_factcheck,BOL_-_UOL,AFIRMACAO_CHECADA,ROTULO_FORTE,433,2023-01-10,https://www.bol.uol.com.br/noticias/2023/01/10/mensagem-falsa-whatsapp-stf.htm
RSS_00005,Ciro lança pré-candidatura ao governo do Ceará com discurso focado na segurança — O ex-prefeito de Fortaleza Roberto Cláudio deve ser o vice do tucano,1,NOTICIA_REAL,noticias_reais,CARTACAPITAL,titulo_resumo,ROTULO_ASSUMIDO,150,2026-05-16,https://www.cartacapital.com.br/cartaexpressa/ciro-lanca-pre-candidatura-ao-governo-do-ceara-com-discurso-focado-na-seguranca/
GFC_NEG_00008,Vídeo mostra motociata em Brasília no dia do julgamento de Jair Bolsonaro,0,FALSO,google_factcheck,ESTADÃO,AFIRMACAO_CHECADA,ROTULO_FORTE,73,,https://www.estadao.com.br/estadao-verifica/motociata-brasilia-dia-julgamento-jair-bolsonaro-enganoso/
GFC_NEG_00009,Títulos de eleitor encontrados no lixo reciclável no Ceará provam fraude eleitoral no estado.,0,FALSO,google_factcheck,AOS_FATOS,AFIRMACAO_CHECADA,ROTULO_FORTE,93,2022-11-21,https://www.aosfatos.org/noticias/falso-titulos-eleitor-lixo-provam-fraude/
GFC_NEG_00010,"Novo salário mínimo para pessoas que recebem dois salários R$ 1.200,20",0,FALSO,google_factcheck,AFP_CHECAMOS,AFIRMACAO_CHECADA,ROTULO_FORTE,70,2024-01-29,https://checamos.afp.com/doc.afp.com.34H78PG
RSS_00006,Papa Leão 14 é filmado fazendo a trend do “Six Seven” — Pontífice repetiu o gesto ao lado de padre italiano e grupo de crianças; publicação usa funk brasileiro de fundo,1,NOTICIA_REAL,noticias_reais,PODER360,titulo_resumo,ROTULO_ASSUMIDO,168,2026-05-16,https://www.poder360.com.br/poder-internacional/papa-leao-14-e-filmado-fazendo-a-trend-do-six-seven/
GFC_NEG_00011,Comprovante de vacinação contra a covid-19 está sendo exigido para regularizar título de eleitor em São Pedro da Aldeia (RJ),0,FORA_DE_CONTEXTO,google_factcheck,UOL_NOTÍCIAS,AFIRMACAO_CHECADA,ROTULO_FORTE,124,2022-05-03,https://noticias.uol.com.br/confere/ultimas-noticias/2022/05/03/rj-deixou-de-exigir-vacina-para-regularizar-titulo-de-eleitor-presencial.htm
GFC_NEG_00012,"Faustão furou a fila e recebeu um coração do SUS💲💲. Detalhe: o coração estava c miocardite. Agora pasmem, quer um novo coração só q dessa vez o ""doador"" não pode ter tomado as 💉💉. ‼️‼️‼️‼️⁉️⁉️⁉️⁉️‼️‼️‼️‼️ Tire suas conclusões. O povo perece por falta de conhecimento",0,FALSO,google_factcheck,BOATOS.ORG,AFIRMACAO_CHECADA,ROTULO_FORTE,266,2023-09-26,https://www.boatos.org/entretenimento/faustao-recebeu-coracao-com-miocardite-vai-ter-que-fazer-novo-transplante-coracao-nao-vacinado.html
GFC_NEG_00013,Adolescente de 13 anos morreu em Santa Catarina por causa da vacina da Pfizer contra a covid-19,0,FALSO,google_factcheck,UOL_NOTÍCIAS,AFIRMACAO_CHECADA,ROTULO_FORTE,95,2022-01-12,https://noticias.uol.com.br/confere/ultimas-noticias/2022/01/12/vacina-e-morte-de-garota-de-13-anos-em-sc.htm
GFC_NEG_00014,Moraes disse que minuta golpista nunca existiu,0,FALSO,google_factcheck,AOS_FATOS,AFIRMACAO_CHECADA,ROTULO_FORTE,46,2025-09-12,https://www.aosfatos.org/noticias/moraes-nao-disse-que-minuta-do-golpe-nunca-existiu/
RSS_00007,"Eduardo tinha poder sobre dinheiro do filme de Bolsonaro, revela contrato — Fundo controlado por advogado do ""03"" recebeu pelo menos parte do dinheiro de Daniel Vorcaro investido no longa sobre a vida do ex-presidente",1,NOTICIA_REAL,noticias_reais,CORREIO_BRAZILIENSE,titulo_resumo,ROTULO_ASSUMIDO,217,2026-05-15,https://www.correiobraziliense.com.br/politica/2026/05/7420889-eduardo-tinha-poder-sobre-dinheiro-do-filme-de-bolsonaro-revela-contrato.html
RSS_00008,"Elo de Flávio Bolsonaro com Vorcaro é caso de polícia, diz Lula — O presidente Lula (PT) afirmou nesta quinta-feira (14) que o elo entre o senador Flávio Bolsonaro ( PL -RJ) e o banqueiro Daniel Vorcaro , do Banco Master , é ""caso de polícia"". Leia mais (05/14/2026 - 17h12)",1,NOTICIA_REAL,noticias_reais,FOLHA_PODER,titulo_resumo,ROTULO_ASSUMIDO,274,2026-05-14,https://redir.folha.com.br/redir/online/poder/rss091/*https://www1.folha.uol.com.br/poder/2026/05/elo-de-flavio-bolsonaro-com-vorcaro-e-caso-de-policia-diz-lula.shtml
RSS_00009,Fundo ligado a aliado de Eduardo compra casa no Texas — PF investiga desvio de recursos; fundo gerenciou verba de filme sobre Bolsonaro,1,NOTICIA_REAL,noticias_reais,PODER360,titulo_resumo,ROTULO_ASSUMIDO,135,2026-05-17,https://www.poder360.com.br/poder-justica/fundo-ligado-a-aliado-de-eduardo-compra-casa-no-texas/
RSS_00010,"Lula reage na busca por reeleição com pacote de benesses e vê caso Master acuar adversários — O presidente Lula (PT) reagiu em sua pré-campanha à reeleição depois de passar meses com um discurso ameno diante de adversários e desofrer uma derrota histórica com a rejeição, pelo Senado , da nomeação de Jorge Messias para uma vaga no STF (Supremo Tribunal Federal). Leia mais (05/16/2026 - 23h00)",1,NOTICIA_REAL,noticias_reais,FOLHA_PODER,titulo_resumo,ROTULO_ASSUMIDO,394,2026-05-16,https://redir.folha.com.br/redir/online/poder/rss091/*https://www1.folha.uol.com.br/poder/2026/05/lula-reage-na-busca-por-reeleicao-com-pacote-de-benesses-e-ve-caso-master-acuar-adversarios.shtml
GFC_NEG_00015,Alexandre de Moraes admitiu que 'houve fraude' nas eleições de 2022,0,ENGANOSO,google_factcheck,ESTADÃO,AFIRMACAO_CHECADA,ROTULO_FORTE,67,,https://www.estadao.com.br/estadao-verifica/alexandre-de-moraes-nao-admitiu-fraude-nas-eleicoes-2022-video-viral-e-sobre-cota-de-genero/
RSS_00011,"Flávio confirma ter pedido dinheiro a Vorcaro para filme de Bolsonaro, mas nega ter recebido vantagens — O senador e pré-candidato à Presidência Flávio Bolsonaro ( PL -RJ) confirmou nesta quarta-feira (13) que pediu dinheiro a Daniel Vorcaro , dono do Banco Master , para financiar o filme ""Dark Horse"" , sobre o ex-presidente Jair Bolsonaro (PL), mas negou ter recebido vantagens do ex-banqueiro. Leia mais (05/13/2026 - 17h55)",1,NOTICIA_REAL,noticias_reais,FOLHA_PODER,titulo_resumo,ROTULO_ASSUMIDO,428,2026-05-13,https://redir.folha.com.br/redir/online/poder/rss091/*https://www1.folha.uol.com.br/poder/2026/05/flavio-confirma-ter-pedido-dinheiro-a-vorcaro-para-filme-de-bolsonaro-mas-nega-ter-recebido-vantagens.shtml
RSS_00012,"Em sinalização ao multilateralismo, ministro da Fazenda é convidado e fará discurso em reunião do G7",1,NOTICIA_REAL,noticias_reais,UOL_NOTICIAS,titulo,ROTULO_ASSUMIDO,100,,https://www1.folha.uol.com.br/colunas/painel/2026/05/em-sinalizacao-ao-multilateralismo-ministro-da-fazenda-e-convidado-e-fara-discurso-em-reuniao-do-g7.shtml
GFC_VER_00001,O Brasil tem 3% da população do mundo. Aqui morreram 11% da população do mundo.,1,GFC_VERDADEIRO,google_factcheck,AOS_FATOS,AFIRMACAO_CHECADA,ROTULO_FORTE,79,2022-08-15,https://www.aosfatos.org/noticias/checamos-ciro-gomes-roda-viva/
GFC_NEG_00016,Vídeo mostra momento em que Bolsonaro deixa um hospital após exames de rotina e descobre estar curado do câncer,0,FALSO,google_factcheck,AOS_FATOS,AFIRMACAO_CHECADA,ROTULO_FORTE,111,2025-12-16,https://www.aosfatos.org/noticias/video-bolsonaro-hospital-abril-nao-atual/
GFC_NEG_00017,Advertência em Paris sobre AVC em crianças em era pós vacinas covid,0,FORA_DE_CONTEXTO,google_factcheck,AFP_CHECAMOS,AFIRMACAO_CHECADA,ROTULO_FORTE,67,2021-12-16,https://checamos.afp.com/doc.afp.com.9UR84V
RSS_00013,"Datafolha: 39% avaliam governo Lula como ruim ou péssimo; 30% como ótimo ou bom — Avaliação do presidente permaneceu estável dentro da margem de erro, que é de dois pontos percentuais para mais ou menos. Pesquisa aponta que 29% classificam a gestão como regular.",1,NOTICIA_REAL,noticias_reais,G1_POLITICA,titulo_resumo,ROTULO_ASSUMIDO,262,2026-05-17,https://g1.globo.com/politica/noticia/2026/05/16/datafolha-39percent-avaliam-governo-lula-como-ruim-ou-pessimo-30percent-como-otimo-ou-bom.ghtml
GFC_NEG_00018,Retrospectiva dos escândalos petistas,0,ENGANOSO,google_factcheck,ESTADÃO,AFIRMACAO_CHECADA,ROTULO_FORTE,37,,https://www.estadao.com.br/estadao-verifica/video-engana-ao-listar-crimes-de-corrupcao-atribuidos-aos-governos-petistas/
GFC_NEG_00019,"Inflação é culpa do ""fique em casa"" e Amazônia úmida não pega fogo",0,FALSO,google_factcheck,UOL_NOTÍCIAS,AFIRMACAO_CHECADA,ROTULO_FORTE,66,2021-11-26,https://noticias.uol.com.br/confere/ultimas-noticias/2021/11/26/bolsonaro-mentira-amazonia-nao-pega-fogo-inflacao-redetv.htm
GFC_VER_00002,"“Por exemplo, nós chegamos agora no menor índice de desemprego desde 2015.”",1,GFC_VERDADEIRO,google_factcheck,AOS_FATOS,AFIRMACAO_CHECADA,ROTULO_FORTE,75,2024-09-10,https://www.aosfatos.org/noticias/checamos-roda-viva-ricardo-nunes/
GFC_NEG_00020,"Publicação de um vídeo do senador Randolfe Rodrigues fazendo críticas aos ministros do Supremo Tribunal Federal (STF) Dias Toffoli e Alexandre de Moraes. As declarações são parte de uma entrevista ao vivo concedida pelo parlamentar ao programa “Os Pingos nos Is”, da Jovem Pan News. O post carrega a seguinte legenda: “Randolfe atacando o ‘estado democrático de direito’ e as instituições! Caiu isso aqui!”.",0,FORA_DE_CONTEXTO,google_factcheck,FOLHA_-_UOL,AFIRMACAO_CHECADA,ROTULO_FORTE,407,2023-07-28,https://www1.folha.uol.com.br/poder/2023/07/video-de-randolfe-rodrigues-pedindo-impeachment-de-ministros-do-stf-e-de-2019.shtml
GFC_NEG_00021,Grampo com Alexandre de Moraes mostra como Lula venceu as eleições,0,ENGANOSO,google_factcheck,ESTADÃO,AFIRMACAO_CHECADA,ROTULO_FORTE,66,,https://www.estadao.com.br/estadao-verifica/lula-desembargador-liberdade-eleicao/
RSS_00014,"Caso Master: delação de ex-chefe do BRB deve sair até fim do mês — Na próxima semana, Paulo Henrique Costa assina termo de confidencialidade. Em seguida, apresenta pedido de homologação da colaboração premiada",1,NOTICIA_REAL,noticias_reais,CORREIO_BRAZILIENSE,titulo_resumo,ROTULO_ASSUMIDO,209,2026-05-16,https://www.correiobraziliense.com.br/politica/2026/05/7420986-caso-master-delacao-de-ex-chefe-do-brb-deve-sair-ate-fim-do-mes.html
RSS_00015,"Caso Marielle: Moraes vota para tornar policiais réus em mais um processo — Primeira Turma do STF analisa o caso em plenário virtual, com sessão prevista até sexta-feira, 22",1,NOTICIA_REAL,noticias_reais,VEJA_POLITICA,titulo_resumo,ROTULO_ASSUMIDO,173,2026-05-15,https://veja.abril.com.br/politica/caso-marielle-moraes-vota-para-tornar-policiais-reus-em-mais-um-processo/
GFC_NEG_00022,Urnas em Serafina Corrêa tinham 81% dos votos previamente computados para Lula,0,FALSO,google_factcheck,AFP_CHECAMOS,AFIRMACAO_CHECADA,ROTULO_FORTE,78,2022-10-01,https://checamos.afp.com/doc.afp.com.32KJ2NE
RSS_00016,"Foragido de operação sobre o Master chega a SP após ser preso em Dubai — Victor Lima Sedlmaier é suspeito de ser um dos integrantes do grupo 'Os Meninos', que era 'especializado em ataques cibernéticos, invasões telemáticas, derrubada de perfis e monitoramento digital ilegal'",1,NOTICIA_REAL,noticias_reais,G1_POLITICA,titulo_resumo,ROTULO_ASSUMIDO,276,2026-05-16,https://g1.globo.com/sp/sao-paulo/noticia/2026/05/16/foragido-de-operacao-sobre-o-master-chega-a-sp-apos-ser-preso-em-dubai.ghtml
GFC_NEG_00023,Presidente Lula assumiu em 2023 e arquivou o projeto de lei que defende 30h para enfermagem.,0,FORA_DE_CONTEXTO,google_factcheck,ESTADÃO,AFIRMACAO_CHECADA,ROTULO_FORTE,92,,https://www.estadao.com.br/estadao-verifica/lula-30-horas-enfermeiros-arquivada-31-janeiro-2023/
RSS_00017,"Aliados de Flávio admitem prejuízo em diálogo com Vorcaro e veem reforço a slogan 'BolsoMaster' — Aliados do senador Flavio Bolsonaro ( PL ) avaliaram como ""muito ruim"" a revelação de conversas em que ele pede dinheiro ao banqueiro Daniel Vorcaro para financiar um filme biográfico sobre o ex-presidente Jair Bolsonaro (PL). Os diálogos foram divulgados pelo site The Intercept. Leia mais (05/13/2026 - 17h12)",1,NOTICIA_REAL,noticias_reais,FOLHA_PODER,titulo_resumo,ROTULO_ASSUMIDO,409,2026-05-13,https://redir.folha.com.br/redir/online/poder/rss091/*https://www1.folha.uol.com.br/colunas/painel/2026/05/aliados-de-flavio-admitem-prejuizo-em-dialogo-com-vorcaro-e-veem-reforco-a-slogan-bolsomaster.shtml
GFC_NEG_00024,Juíza corajosa desafia Moraes e manda libertar Jair Bolsonaro,0,FALSO,google_factcheck,DESCONHECIDA,AFIRMACAO_CHECADA,ROTULO_FORTE,61,,https://noticias.uol.com.br/confere/ultimas-noticias/2026/04/27/falso-juiza-mandou-libertar-jair-bolsonaro.ghtm
RSS_00018,"Flávio Bolsonaro, irmão de Vorcaro — Em 16 de novembro de 2025, Flávio Bolsonaro enviou uma mensagem a Daniel Vorcaro , dono do Banco Master . Dizia: ""Irmão, eu estarei contigo sempre, não tem meia conversa entre a gente, só preciso que me dê uma luz"". A luz, no caso, eram R$ 134 milhões que Vorcaro daria para a realização de ""Dark Horse"" , a cinebiografia de Jair Bolsonaro . Leia mais (05/16/2026 - 15h52)",1,NOTICIA_REAL,noticias_reais,FOLHA_PODER,titulo_resumo,ROTULO_ASSUMIDO,409,2026-05-16,https://redir.folha.com.br/redir/online/poder/rss091/*https://www1.folha.uol.com.br/colunas/celso-rocha-de-barros/2026/05/flavio-bolsonaro-irmao-de-vorcaro.shtml
RSS_00019,"Flávio, Eduardo, Frias e Vorcaro: as dúvidas sobre filme de Bolsonaro — Linha do tempo reúne negativa inicial do senador, admissão posterior, versões de Mário Frias, fundo nos EUA e dúvidas sobre a origem dos recursos.",1,NOTICIA_REAL,noticias_reais,CONGRESSO_EM_FOCO,titulo_resumo,ROTULO_ASSUMIDO,218,2026-05-15,https://www.congressoemfoco.com.br/noticia/118916/flavio-eduardo-frias-e-vorcaro-as-duvidas-sobre-filme-de-bolsonaro
RSS_00020,"Jornalista Catarina Alencastro lança livro infanto-juvenil inspirado nas queimadas no Pantanal — A jornalista Catarina Alencastro lança neste sábado (16) em São Paulo seu primeiro livro infanto-juvenil, inspirado nas queimadas históricas que atingiram o Pantanal no ano de 2020. Leia mais (05/15/2026 - 10h13)",1,NOTICIA_REAL,noticias_reais,FOLHA_PODER,titulo_resumo,ROTULO_ASSUMIDO,309,2026-05-15,https://redir.folha.com.br/redir/online/poder/rss091/*https://www1.folha.uol.com.br/colunas/painel/2026/05/jornalista-catarina-alencastro-lanca-livro-infanto-juvenil-inspirado-nas-queimadas-no-pantanal.shtml
RSS_00021,"Aliado da família Bolsonaro, Tarcísio falta a evento com Flávio por causa de gripe — Informação foi dada pela assessoria do governador de São Paulo",1,NOTICIA_REAL,noticias_reais,CORREIO_BRAZILIENSE,titulo_resumo,ROTULO_ASSUMIDO,147,2026-05-16,https://www.correiobraziliense.com.br/politica/2026/05/7421255-aliado-da-familia-bolsonaro-tarcisio-falta-a-evento-com-flavio-por-causa-de-gripe.html
RSS_00022,"Campanha de Flávio usa precedente de ex-assessor de Moraes para pedir apuração de vazamento de diálogo — A pré-campanha de Flávio Bolsonaro (PL) quer usar o caso de um ex-assessor do ministro Alexandre de Moraes ( STF ), acusado de vazamento de informações, como precedente para pedir apuração e punição aos responsáveis pela divulgação das mensagens entre o senador e o banqueiro Daniel Vorcaro. Leia mais (05/16/2026 - 15h00)",1,NOTICIA_REAL,noticias_reais,FOLHA_PODER,titulo_resumo,ROTULO_ASSUMIDO,427,2026-05-16,https://redir.folha.com.br/redir/online/poder/rss091/*https://www1.folha.uol.com.br/colunas/painel/2026/05/campanha-de-flavio-usa-precedente-de-ex-assessor-de-moraes-para-pedir-apuracao-de-vazamento-de-dialogo.shtml
GFC_NEG_00025,Lula manda resposta afiada para Estados Unidos,0,FORA_DE_CONTEXTO,google_factcheck,AFP_CHECAMOS,AFIRMACAO_CHECADA,ROTULO_FORTE,46,2025-01-29,https://checamos.afp.com/doc.afp.com.36WK8YJ
GFC_NEG_00026,Marina Silva usou bolsa de R$ 52 mil da grife Hermès em vista ao RS,0,FALSO,google_factcheck,AOS_FATOS,AFIRMACAO_CHECADA,ROTULO_FORTE,67,2023-09-19,https://www.aosfatos.org/noticias/bolsa-marina-silva-visita-rio-grande-do-sul/
GFC_NEG_00027,"""Mau... O governo austríaco que se decida... VÍDEO | Viena (Áustria), também há vacinação em bordéis, se for inoculado ganha um prémio: 30 minutos de sexo grátis com uma prostituta. Mas ao mesmo tempo fez um confinamento para os não injectados.""",0,FALSO,google_factcheck,OBSERVADOR,AFIRMACAO_CHECADA,ROTULO_FORTE,245,2021-11-30,https://observador.pt/factchecks/fact-check-governo-austriaco-promoveu-vacinacao-em-bordeis-com-direito-a-30-minutos-de-sexo-gratis/
RSS_00023,A aposta de Temer sobre reconciliação entre ministros do STF e cúpula do Congresso — Ex-presidente avalia que crise será superada quando a Corte validar a modulação de penas de condenados no 8 de janeiro,1,NOTICIA_REAL,noticias_reais,VEJA_POLITICA,titulo_resumo,ROTULO_ASSUMIDO,203,2026-05-16,https://veja.abril.com.br/politica/a-aposta-de-temer-sobre-reconciliacao-entre-ministros-do-stf-e-cupula-do-congresso/
GFC_NEG_00028,PT ofereceu R$ 50 bilhões para o TSE tornar integrantes do PL inelegíveis,0,ENGANOSO,google_factcheck,PROJETO_COMPROVA,AFIRMACAO_CHECADA,ROTULO_FORTE,73,2023-08-25,https://projetocomprova.com.br/publica%C3%A7%C3%B5es/video-engana-ao-informar-que-pt-ofereceu-r-50-bilhoes-para-tse-tornar-inelegiveis-integrantes-do-pl/
GFC_NEG_00029,Lula diz que o povo brasileiro daria a vida por ele em caso de guerra com os EUA,0,FALSO,google_factcheck,ESTADÃO,AFIRMACAO_CHECADA,ROTULO_FORTE,80,,https://www.estadao.com.br/estadao-verifica/lula-povo-brasileiro-daria-a-vida-por-ele-trump-falso/
GFC_NEG_00030,Suzane Von Richthofen será candidata a vereadora pelo PT,0,FALSO,google_factcheck,AOS_FATOS,AFIRMACAO_CHECADA,ROTULO_FORTE,56,2021-10-15,https://www.aosfatos.org/noticias/e-falso-que-suzane-von-richthofen-sera-candidata-a-vereadora-pelo-pt/
GFC_NEG_00031,Flávio Bolsonaro disse que irá privatizar o SUS no dia em que tomar posse como presidente da República,0,FALSO,google_factcheck,DESCONHECIDA,AFIRMACAO_CHECADA,ROTULO_FORTE,102,,https://www.estadao.com.br/estadao-verifica/flavio-bolsonaro-privatizar-sus-falso/
GFC_NEG_00032,Ivete Sangalo enalteceu Lula durante entrevista,0,FALSO,google_factcheck,AOS_FATOS,AFIRMACAO_CHECADA,ROTULO_FORTE,47,2025-08-14,https://www.aosfatos.org/noticias/video-em-que-ivete-sangalo-defende-lula-sobre-tarifaco-foi-manipulado-por-ia/
RSS_00024,"Governo mantém sob sigilo proposta para reverter tarifaço de Trump — Gestão Lula segue atuando no modo analógico, enquanto Donald Trump está na era digital",1,NOTICIA_REAL,noticias_reais,METROPOLES,titulo_resumo,ROTULO_ASSUMIDO,155,2025-07-16,https://www.metropoles.com/colunas/andreza-matais/governo-mantem-sob-sigilo-proposta-para-reverter-tarifaco-de-trump
RSS_00025,Saiba como pedir o reembolso de produtos Ypê suspensos pela Anvisa — Clientes devem preencher um formulário no site da empresa,1,NOTICIA_REAL,noticias_reais,CARTACAPITAL,titulo_resumo,ROTULO_ASSUMIDO,126,2026-05-16,https://www.cartacapital.com.br/saude/saiba-como-pedir-o-reembolso-de-produtos-ype-suspensos-pela-anvisa/
GFC_NEG_00033,Jair Bolsonaro saiu da prisão para fazer exames de rotina e descobriu que está curado do câncer,0,FALSO,google_factcheck,AFP_CHECAMOS,AFIRMACAO_CHECADA,ROTULO_FORTE,95,2025-12-17,https://checamos.afp.com/doc.afp.com.88FV9G4
GFC_NEG_00034,O PT fez a ferrovia que sai do Maranhão até São Paulo.,0,ENGANOSO,google_factcheck,AOS_FATOS,AFIRMACAO_CHECADA,ROTULO_FORTE,54,2022-09-23,https://www.aosfatos.org/noticias/checamos-lula-bolsonaro-ciro-tebet-programa-ratinho/
GFC_NEG_00035,Novas regras do Pix: Lula vai cobrar tarifa para transferência,0,FALSO,google_factcheck,BOATOS.ORG,AFIRMACAO_CHECADA,ROTULO_FORTE,62,2023-02-03,https://www.boatos.org/politica/novas-regras-pix-lula-vai-cobrar-tarifa-para-transferencia.html
GFC_NEG_00036,Lula defende sacrificar pobres para conter crise causada pelo PT,0,ENGANOSO,google_factcheck,DESCONHECIDA,AFIRMACAO_CHECADA,ROTULO_FORTE,64,2025-12-11,https://checamos.afp.com/doc.afp.com.87TK7ZR
RSS_00026,"Flávio, que agora admite pedido de dinheiro, disse há dois meses que nunca teve contato com Vorcaro — Pré-candidato à Presidência da República, o senador Flávio Bolsonaro (PL-RJ), que agora admite ter pedido e recebido dinheiro de Daniel Vorcaro para a realização de um filme sobre seu pai, negou há dois meses ter qualquer contato com o ex-dono do Banco Master , quando a Folha revelou que seu número de telefone estava na agenda do ex-banqueiro. Leia mais (05/13/2026 - 19h30)",1,NOTICIA_REAL,noticias_reais,FOLHA_PODER,titulo_resumo,ROTULO_ASSUMIDO,478,2026-05-13,https://redir.folha.com.br/redir/online/poder/rss091/*https://www1.folha.uol.com.br/poder/2026/05/flavio-que-agora-admite-pedido-de-dinheiro-disse-ha-dois-meses-que-nunca-teve-contato-com-vorcaro.shtml
GFC_NEG_00037,Mosquito Aedes Aegypti foi geneticamente modificada para que sua 'agulha' não consiga perfurar a pele,0,FALSO,google_factcheck,ESTADÃO,AFIRMACAO_CHECADA,ROTULO_FORTE,101,,https://www.estadao.com.br/estadao-verifica/aedes-aegypti-agulha-geneticamente-modificada-falso/
RSS_00027,A dobradinha da Esplanada que vem chamando atenção de Lula e ministros — Sintonia fina entre Dario Durigan e Bruno Moretti tem recebido elogios nos bastidores,1,NOTICIA_REAL,noticias_reais,VEJA_POLITICA,titulo_resumo,ROTULO_ASSUMIDO,158,2026-05-16,https://veja.abril.com.br/politica/a-dobradinha-da-esplanada-que-vem-chamando-atencao-de-lula-e-ministros/
GFC_NEG_00038,Notícia indica que pessoas que receberam Auxílio Emergencial devem devolver o dinheiro em 2023,0,FALSO,google_factcheck,AFP_CHECAMOS,AFIRMACAO_CHECADA,ROTULO_FORTE,94,2023-01-31,https://checamos.afp.com/doc.afp.com.338966M
GFC_NEG_00039,Governo Lula pagará o décimo terceiro do Bolsa Família em 2023,0,FALSO,google_factcheck,AOS_FATOS,AFIRMACAO_CHECADA,ROTULO_FORTE,62,2023-11-28,https://www.aosfatos.org/noticias/falso-decimo-terceiro-bolsa-familia-2023/
RSS_00028,"Ciro se lança ao governo do Ceará ao lado de bolsonaristas e critica ex-aliados e o STF — Ex-ministro anunciou pré-candidatura neste sábado, 16, em evento em Fortaleza",1,NOTICIA_REAL,noticias_reais,VEJA_POLITICA,titulo_resumo,ROTULO_ASSUMIDO,167,2026-05-16,https://veja.abril.com.br/politica/ciro-se-lanca-ao-governo-do-ceara-ao-lado-de-bolsonaristas-e-critica-ex-aliados-e-o-stf/
RSS_00029,"Subprocurador pede que TCU apure financiamento de filme de Bolsonaro — Lucas Furtado cita utilização indireta de recursos públicos, investimentos ligados ao Master e suposta ocultação da origem dos recursos aportados no longa",1,NOTICIA_REAL,noticias_reais,VEJA_POLITICA,titulo_resumo,ROTULO_ASSUMIDO,225,2026-05-15,https://veja.abril.com.br/politica/subprocurador-pede-que-tcu-apure-financiamento-de-filme-de-bolsonaro/
GFC_NEG_00040,Cartilha do PT erotizava crianças e as ensinava a usar drogas,0,FALSO,google_factcheck,AOS_FATOS,AFIRMACAO_CHECADA,ROTULO_FORTE,61,2022-08-12,https://www.aosfatos.org/noticias/cartilha-citada-por-damares-nao-ensina-criancas-a-usar-crack/
GFC_NEG_00041,"Áudio atribuído ao Dr. Nelson Modesto dizendo o que descobriu em sua análise sobre as vacinas covid. O estudo prova que as vacinas com insumo chinês desenvolvem doença autoimune e câncer. Foi detectado citomegalovírus, HIV, HPV e outros vírus nas vacinas, que contêm nagalase, óxido de grafeno e nanopartículas de grafeno. A proteína spike provoca a doença de prion. E os políticos estão tentando calar os médicos.",0,FALSO,google_factcheck,PROJETO_COMPROVA,AFIRMACAO_CHECADA,ROTULO_FORTE,414,2021-11-11,https://projetocomprova.com.br/publica%C3%A7%C3%B5es/vacina-contra-a-covid-19-e-segura-e-nao-gera-hiv-cancer-ou-hpv/
RSS_00030,"Caso Master: PF prende hacker foragido da Compliance Zero em Dubai — Victor Lima Sedlmaier é suspeito de integrar o grupo hacker ""Os Meninos"" e de usar documentos falsos visando fuga",1,NOTICIA_REAL,noticias_reais,CORREIO_BRAZILIENSE,titulo_resumo,ROTULO_ASSUMIDO,182,2026-05-16,https://www.correiobraziliense.com.br/politica/2026/05/7421393-caso-master-pf-prende-hacker-foragido-da-compliance-zero-em-dubai.html
GFC_NEG_00042,Lula quer o comprovante do voto impresso para confirmar a vitória do Maduro na Venezuela porque não confia nas urnas eletrônicas,0,FALSO,google_factcheck,AOS_FATOS,AFIRMACAO_CHECADA,ROTULO_FORTE,128,2024-09-18,https://www.aosfatos.org/noticias/falso-lula-criticou-urna-eletronica-atas-eleitorais-venezuela/
RSS_00031,"Flávio pediu dinheiro a Vorcaro para financiar filme sobre Bolsonaro — Pré-candidato do PL à Presidência da República, Flávio Bolsonaro pediu dinheiro a Daniel Vorcaro , do Banco Master , para financiar um filme sobre Jair Bolsonaro . Leia mais (05/13/2026 - 16h52)",1,NOTICIA_REAL,noticias_reais,FOLHA_PODER,titulo_resumo,ROTULO_ASSUMIDO,265,2026-05-13,https://redir.folha.com.br/redir/online/poder/rss091/*https://www1.folha.uol.com.br/poder/2026/05/vorcaro-pagou-r-61-milhoes-para-filme-sobre-jair-bolsonaro-e-flavio-pediu-mais-diz-site.shtml
GFC_NEG_00043,MST manda recado a Lula e seus ministros de governo: ‘Vamos incendiar o agro no Brasil’,0,FALSO,google_factcheck,AOS_FATOS,AFIRMACAO_CHECADA,ROTULO_FORTE,87,2024-08-28,https://www.aosfatos.org/noticias/falso-mst-incendiar-o-agro-no-brasil/
GFC_NEG_00044,Governo Lula anuncia o fim do Bolsa Família,0,FALSO,google_factcheck,AOS_FATOS,AFIRMACAO_CHECADA,ROTULO_FORTE,43,2023-09-25,https://www.aosfatos.org/noticias/falso-video-antigo-lula-fim-do-bolsa-familia/
RSS_00032,Flávio Bolsonaro queima (o filme) na largada — Conversa despudorada com o banqueiro Daniel Vorcaro deixa o senador na defensiva,1,NOTICIA_REAL,noticias_reais,VEJA_POLITICA,titulo_resumo,ROTULO_ASSUMIDO,127,2026-05-15,https://veja.abril.com.br/coluna/jorge-pontes/flavio-bolsonaro-queima-o-filme-na-largada/
GFC_NEG_00045,O Ministério da Saúde nunca indicou tratamentos para a covid-19,0,FALSO,google_factcheck,AOS_FATOS,AFIRMACAO_CHECADA,ROTULO_FORTE,63,2021-05-25,https://www.aosfatos.org/noticias/mayra-pinheiro-usa-informacoes-falsas-para-defender-cloroquina-na-cpi/
RSS_00033,"Filiação de Joaquim Barbosa para disputar Presidência abre crise e gera ameaças no partido DC — A filiação do ex-ministro do STF Joaquim Barbosa ao DC (Democracia Cristã), com possível candidatura a presidente, gerou uma crise na pequena legenda. Leia mais (05/16/2026 - 09h10)",1,NOTICIA_REAL,noticias_reais,FOLHA_PODER,titulo_resumo,ROTULO_ASSUMIDO,277,2026-05-16,https://redir.folha.com.br/redir/online/poder/rss091/*https://www1.folha.uol.com.br/colunas/painel/2026/05/filiacao-de-joaquim-barbosa-abre-crise-no-dc-e-dirigente-em-sp-diz-que-ex-ministro-do-stf-e-inapoiavel.shtml
GFC_NEG_00046,"DataFolha como sempre muito preciso. Em 22 de agosto de 2018, davam 39% para Lula e 19% para Bolsonaro e o final vocês já sabem",0,ENGANOSO,google_factcheck,PROJETO_COMPROVA,AFIRMACAO_CHECADA,ROTULO_FORTE,127,2022-08-26,https://projetocomprova.com.br/publica%C3%A7%C3%B5es/senador-ironiza-resultado-de-instituto-para-desacreditar-pesquisas-eleitorais/
RSS_00034,"Webinar gratuito discute direito eleitoral para jornalistas — O Instituto Tornavoz, com apoio do Google News Initiative, promove entre os dias 19 e 26 de maio, de forma gratuita, o webinar ""Direito Eleitoral para Jornalistas - 2026"". Leia mais (05/14/2026 - 12h06)",1,NOTICIA_REAL,noticias_reais,FOLHA_PODER,titulo_resumo,ROTULO_ASSUMIDO,264,2026-05-14,https://redir.folha.com.br/redir/online/poder/rss091/*https://www1.folha.uol.com.br/colunas/painel/2026/05/webinar-gratuito-discute-direito-eleitoral-para-jornalistas.shtml
RSS_00035,"Por que o governo da Índia pediu aos seus cidadãos que não comprem ouro durante um ano — O governo indiano pede à população uma medida difícil, em um país onde as importações de ouro totalizaram US$ 72 bilhões no último ano fiscal — o segundo maior mercado de ouro do mundo.",1,NOTICIA_REAL,noticias_reais,BBC_BRASIL,titulo_resumo,ROTULO_ASSUMIDO,274,2026-05-16,https://www.bbc.com/portuguese/articles/c2029qwkp51o?at_medium=RSS&at_campaign=rss
RSS_00036,"PGR denuncia Romeu Zema ao STJ por calúnia contra Gilmar Mendes — O procurador-geral, Paulo Gonet, entendeu que o STJ é o órgão responsável para analisar a denúncia, pois o crime tem relação com o exercício do cargo",1,NOTICIA_REAL,noticias_reais,CARTACAPITAL,titulo_resumo,ROTULO_ASSUMIDO,215,2026-05-15,https://www.cartacapital.com.br/justica/pgr-denuncia-romeu-zema-ao-stj-por-calunia-contra-gilmar-mendes/
GFC_NEG_00047,Votação nas eleições municipais de 2024 servirá como prova de vida para INSS,0,ENGANOSO,google_factcheck,AFP_CHECAMOS,AFIRMACAO_CHECADA,ROTULO_FORTE,76,2024-09-20,https://checamos.afp.com/doc.afp.com.36GQ8EW
GFC_VER_00003,33 milhões de brasileiros com fome e 100 milhões com insegurança alimentar,1,GFC_VERDADEIRO,google_factcheck,AOS_FATOS,AFIRMACAO_CHECADA,ROTULO_FORTE,74,2022-08-09,https://www.aosfatos.org/noticias/roda-viva-simone-tebet/
RSS_00037,"Produtores de filme sobre Bolsonaro pediram dinheiro a diversos empresários — O banqueiro Daniel Vorcaro não foi o único empresário a ser procurado por produtores do filme ""Dark Horse"" atrás de financiamento, no ano passado. Leia mais (05/13/2026 - 19h58)",1,NOTICIA_REAL,noticias_reais,FOLHA_PODER,titulo_resumo,ROTULO_ASSUMIDO,255,2026-05-13,https://redir.folha.com.br/redir/online/poder/rss091/*https://www1.folha.uol.com.br/colunas/painel/2026/05/produtores-de-filme-sobre-bolsonaro-pediram-dinheiro-a-diversos-empresarios.shtml
GFC_NEG_00048,Bolsonaro deixa hospital com gritos de 'Força Bolsonaro' e 'mito',0,ENGANOSO,google_factcheck,AFP_CHECAMOS,AFIRMACAO_CHECADA,ROTULO_FORTE,65,2026-05-11,https://checamos.afp.com/doc.afp.com.B2HX2NQ
GFC_NEG_00049,Lula diz que educação de relacionamento homoafetivo nas escolas é prioridade,0,FALSO,google_factcheck,AOS_FATOS,AFIRMACAO_CHECADA,ROTULO_FORTE,76,2022-10-30,https://www.aosfatos.org/noticias/falso-lula-educacao-de-relacionamento-homoafetivo/
RSS_00038,CPMI do INSS pretende mirar bancos que aparecerem nas investigações — Senador Carlos Viana promete resistir à pressão de instituições ligadas a esquemas de empréstimos consignados irregulares,1,NOTICIA_REAL,noticias_reais,METROPOLES,titulo_resumo,ROTULO_ASSUMIDO,191,2025-08-29,https://www.metropoles.com/brasil/cpmi-do-inss-pretende-mirar-bancos-que-aparecerem-nas-investigacoes
RSS_00039,Datafolha divulga neste sábado pesquisa sobre a disputa pela Presidência — As 2.004 entrevistas começaram na terça-feira 12 e terminaram na quinta 14. A margem de erro é de dois pontos percentuais,1,NOTICIA_REAL,noticias_reais,CARTACAPITAL,titulo_resumo,ROTULO_ASSUMIDO,196,2026-05-16,https://www.cartacapital.com.br/cartaexpressa/datafolha-divulga-neste-sabado-pesquisa-sobre-a-disputa-pela-presidencia/
RSS_00040,"Conversa com Vorcaro encerra lua de mel de Flávio e pode ser fatal para campanha — Os diálogos entre Flávio Bolsonaro e o banqueiro Daniel Vorcaro , revelados pelo site Intercept Brasil , jogaram a campanha do senador em uma crise que pode ser fatal. Leia mais (05/14/2026 - 15h13)",1,NOTICIA_REAL,noticias_reais,FOLHA_PODER,titulo_resumo,ROTULO_ASSUMIDO,281,2026-05-14,https://redir.folha.com.br/redir/online/poder/rss091/*https://www1.folha.uol.com.br/colunas/painel/2026/05/conversa-com-vorcaro-encerra-lua-de-mel-de-flavio-e-pode-ser-fatal-para-campanha.shtml
GFC_NEG_00050,Lula é expulso de igreja após aparecer bêbado!?,0,FALSO,google_factcheck,BOL_-_UOL,AFIRMACAO_CHECADA,ROTULO_FORTE,47,,https://www.bol.uol.com.br/noticias/2026/04/23/falso-lula-expulso-igreja-espanha-bebado.ghtm
RSS_00041,"Turbinada sob Castro, cidade de pré-candidato bolsonarista no RJ espera verba acertada com Paes",1,NOTICIA_REAL,noticias_reais,UOL_NOTICIAS,titulo,ROTULO_ASSUMIDO,95,,https://www1.folha.uol.com.br/poder/2026/05/turbinada-sob-castro-cidade-de-pre-candidato-bolsonarista-no-rj-espera-verba-acertada-com-paes.shtml
GFC_NEG_00051,Nikolas Ferreira estava certo quando falou sobre monitoramento do Pix em 2025,0,ENGANOSO,google_factcheck,DESCONHECIDA,AFIRMACAO_CHECADA,ROTULO_FORTE,77,,https://www.estadao.com.br/estadao-verifica/nikolas-ferreira-video-monitoramento-pix-2026-enganoso/
RSS_00042,"Projeto endurece penas de roubo e extorsão contra motoristas de app — Texto inclui motoristas de ônibus, taxistas e trabalhadores de aplicativo desde que o crime seja cometido durante o exercício da profissão.",1,NOTICIA_REAL,noticias_reais,CONGRESSO_EM_FOCO,titulo_resumo,ROTULO_ASSUMIDO,209,2026-05-13,https://www.congressoemfoco.com.br/noticia/118841/projeto-endurece-penas-de-roubo-e-extorsao-contra-motoristas-de-app
RSS_00043,"Quem é o empresário Ricardo Magro, que está na lista vermelha da Interpol? — Decisão do ministro Alexandre de Moraes determina prisão preventiva do controlador do Grupo Refit e autoriza a Polícia Federal a pedir a inclusão do empresário na Difusão Vermelha da Interpol. Magro não retorna oficialmente ao Brasil desde 2018",1,NOTICIA_REAL,noticias_reais,CORREIO_BRAZILIENSE,titulo_resumo,ROTULO_ASSUMIDO,321,2026-05-15,https://www.correiobraziliense.com.br/mundo/2026/05/7420617-ligacao-com-pcc-rs-52-bi-sonegados-mansao-em-miami-quem-e-o-empresario-ricardo-magro-que-esta-na-lista-vermelha-da-interpol.html
RSS_00044,"Zema tem recorde de ‘curtidas’ ao criticar Flávio Bolsonaro, mas também ganha desafetos — Vídeo do ex-governador foi visto por 4 milhões de internautas e criou problemas para a aliança entre o Novo e o PL",1,NOTICIA_REAL,noticias_reais,VEJA_POLITICA,titulo_resumo,ROTULO_ASSUMIDO,204,2026-05-16,https://veja.abril.com.br/politica/zema-tem-recorde-de-curtidas-ao-criticar-flavio-bolsonaro-mas-tambem-ganha-desafetos/
GFC_NEG_00052,Bolsonaro pegou 44 milhões dos aposentados e do Banco Master,0,ENGANOSO,google_factcheck,AFP_CHECAMOS,AFIRMACAO_CHECADA,ROTULO_FORTE,60,2026-02-10,https://checamos.afp.com/doc.afp.com.96VG8ZQ
RSS_00045,Ficha Limpa: STF corre contra o tempo para decidir sobre candidaturas — STF vai julgar de 22 a 29 de maio ação contra mudanças na Ficha Limpa; parecer de Paulo Gonet está na Corte há quatro meses. Decisão célere interessa tanto a críticos quanto a defensores da ação.,1,NOTICIA_REAL,noticias_reais,CONGRESSO_EM_FOCO,titulo_resumo,ROTULO_ASSUMIDO,267,2026-05-15,https://www.congressoemfoco.com.br/noticia/118904/ficha-limpa-stf-corre-contra-o-tempo-para-decidir-sobre-candidaturas
GFC_NEG_00053,Deputada americana criticou Moraes por suspender o X no Brasil,0,ENGANOSO,google_factcheck,AOS_FATOS,AFIRMACAO_CHECADA,ROTULO_FORTE,62,2024-09-02,https://www.aosfatos.org/noticias/video-deputada-americana-moraes/
RSS_00046,"Como ver mais notícias da Folha na pesquisa do Google — Ao pesquisar um assunto na internet , especialmente temas noticiosos, a prioridade do usuário é encontrar respostas confiáveis . Diante do enorme volume de conteúdo publicado diariamente, filtrar o que é relevante pode ser um desafio. Leia mais (05/14/2026 - 17h15)",1,NOTICIA_REAL,noticias_reais,FOLHA_PODER,titulo_resumo,ROTULO_ASSUMIDO,321,2026-05-14,https://redir.folha.com.br/redir/online/poder/rss091/*https://www1.folha.uol.com.br/poder/2026/05/como-ver-mais-noticias-da-folha-na-pesquisa-do-google.shtml
RSS_00047,"Após negar, Eduardo confirma ter assinado contrato de gestão financeira de filme de Bolsonaro; entenda — Reportagem publicada pelo The Intercept Brasil revelou um contrato assinado por Eduardo como produtor-executivo da obra; ex-deputado afirma que documento era 'antigo' e que foi feito quando ainda não havia um 'grande investidor' para financiar o projeto.",1,NOTICIA_REAL,noticias_reais,CORREIO_BRAZILIENSE,titulo_resumo,ROTULO_ASSUMIDO,359,2026-05-15,https://www.correiobraziliense.com.br/mundo/2026/05/7420976-apos-negar-eduardo-confirma-ter-assinado-contrato-de-gestao-financeira-de-filme-de-bolsonaro-entenda.html
GFC_NEG_00054,"Pilili, mascote da urna eletrônica, faz o L de Lula",0,FALSO,google_factcheck,BOL_-_UOL,AFIRMACAO_CHECADA,ROTULO_FORTE,51,,https://www.bol.uol.com.br/noticias/2026/05/08/falso-mascote-tse-fez-o-l.ghtm
RSS_00048,'7 Leituras' começa sua edição de 20 anos com peça adaptada por Hitchcock,1,NOTICIA_REAL,noticias_reais,UOL_NOTICIAS,titulo,ROTULO_ASSUMIDO,73,,https://guia.folha.uol.com.br/teatro/2026/05/7-leituras-comeca-sua-edicao-de-20-anos-com-peca-adaptada-por-hitchcock.shtml
RSS_00049,"Foragido de operação sobre o Master é preso em Dubai — Victor Lima Sedlmaier é suspeito de ser um dos integrantes do grupo 'Os Meninos', que era especializado em ataques cibernéticos e invasões, segundo a PF. Ele chegou em São Paulo no final da tarde deste sábado (16).",1,NOTICIA_REAL,noticias_reais,G1_POLITICA,titulo_resumo,ROTULO_ASSUMIDO,269,2026-05-16,https://g1.globo.com/politica/noticia/2026/05/16/foragido-de-operacao-sobre-o-master-e-preso-em-dubai-informa-a-pf.ghtml
RSS_00050,"Flávio Bolsonaro aposta em CPI do Master contra desgaste, mas aliados veem chances mínimas — Pré-candidato à Presidência, o senador Flávio Bolsonaro (PL-RJ) apostará na defesa da CPI (Comissão Parlamentar de Inquérito) do Banco Master para tentar reverter o desgaste causado pela revelação de que tratava o ex-banqueiro Daniel Vorcaro como ""meu irmão"" e que R$ 134 milhões para financiar um filme sobre seu pai, o ex-presidente Jair Bolsonaro. Leia mais (05/14/2026 - 23h00)",1,NOTICIA_REAL,noticias_reais,FOLHA_PODER,titulo_resumo,ROTULO_ASSUMIDO,474,2026-05-14,https://redir.folha.com.br/redir/online/poder/rss091/*https://www1.folha.uol.com.br/poder/2026/05/flavio-bolsonaro-aposta-em-cpi-do-master-contra-desgaste-mas-aliados-veem-chances-minimas.shtml
RSS_00051,"Servidor trabalha para redes sociais da mulher de Nunes, pré-candidata a deputada em SP — Um servidor comissionado da Prefeitura de São Paulo trabalhou em horário comercial para a pré-campanha da primeira-dama Regina Nunes (MDB), pré-candidata a deputada estadual . Leia mais (05/13/2026 - 23h00)",1,NOTICIA_REAL,noticias_reais,FOLHA_PODER,titulo_resumo,ROTULO_ASSUMIDO,296,2026-05-13,https://redir.folha.com.br/redir/online/poder/rss091/*https://www1.folha.uol.com.br/poder/2026/05/servidor-trabalha-para-redes-sociais-da-mulher-de-nunes-pre-candidata-a-deputada-em-sp.shtml
RSS_00052,Flávio Bolsonaro sobe e pode cair em nome do pai,1,NOTICIA_REAL,noticias_reais,FOLHA_PODER,titulo,ROTULO_ASSUMIDO,48,2026-05-14,https://redir.folha.com.br/redir/online/poder/rss091/*https://www1.folha.uol.com.br/colunas/dora-kramer/2026/05/flavio-bolsonaro-sobe-e-pode-cair-em-nome-do-pai.shtml
GFC_NEG_00055,Site do TSE mostra que Bolsonaro arrecadou R$ 125 milhões com doações via PIX em 2023,0,FALSO,google_factcheck,AFP_CHECAMOS,AFIRMACAO_CHECADA,ROTULO_FORTE,85,2023-06-30,https://checamos.afp.com/doc.afp.com.33LR9BB
GFC_NEG_00056,Vídeo mostra Lula com uma camiseta com a inscrição “Bolsonaro 2026”,0,FALSO,google_factcheck,BOL,AFIRMACAO_CHECADA,ROTULO_FORTE,67,,https://www.bol.uol.com.br/noticias/2025/01/28/video-satirico-de-lula-pedindo-votos-para-bolsonaro-em-2026-e-ia.htm
RSS_00053,"Bateu, levou: Brasil adota regra de reciprocidade com Portugal — ""Acham que os imigrantes chegam em Portugal para roubar o trabalho deles. É um discurso de extrema-direita muito forte""",1,NOTICIA_REAL,noticias_reais,METROPOLES,titulo_resumo,ROTULO_ASSUMIDO,184,2025-07-08,https://www.metropoles.com/blog-do-noblat/bateu-levou-brasil-adota-regra-de-reciprocidade-com-portugal-c
GFC_NEG_00057,Vacinas contra covid aplicadas no SUS estão vencidas e desatualizadas,0,FALSO,google_factcheck,ESTADÃO,AFIRMACAO_CHECADA,ROTULO_FORTE,69,,https://www.estadao.com.br/estadao-verifica/vacina-covid-vencida-desatualizada-falso/
GFC_VER_00004,Concedemos um auxílio emergencial de 800 dólares para 68 milhões de pessoas em 2020.,1,GFC_VERDADEIRO,google_factcheck,AOS_FATOS,AFIRMACAO_CHECADA,ROTULO_FORTE,84,2021-09-21,https://www.aosfatos.org/noticias/checamos-bolsonaro-assembleia-geral-onu/
RSS_00054,"""Zema não é uma liderança de massa e vem sendo atropelado"", diz cientista político — Um dos que se posicionou dentro a favor de Bolsonaro foi o governador Romeu Zema. Teria ele estofo para presidência em 2026?",1,NOTICIA_REAL,noticias_reais,METROPOLES,titulo_resumo,ROTULO_ASSUMIDO,209,2025-07-14,https://www.metropoles.com/blog-do-noblat/zema-nao-e-uma-lideranca-de-massa-e-vem-sendo-atropelado-diz-cientista-politico
RSS_00055,"PT-DF fecha nominata à Câmara e tenta acordo com PCdoB para reforçar chapa ao governo — De olho na disputa ao Governo do Distrito Federal , o PT -DF fechou neste sábado (16) a nominata com os pré-candidatos à Câmara dos Deputados que são apostas do partido nas eleições de 2026. Leia mais (05/16/2026 - 16h00)",1,NOTICIA_REAL,noticias_reais,FOLHA_PODER,titulo_resumo,ROTULO_ASSUMIDO,309,2026-05-16,https://redir.folha.com.br/redir/online/poder/rss091/*https://www1.folha.uol.com.br/colunas/painel/2026/05/pt-df-fecha-nominata-a-camara-e-tenta-acordo-com-pcdob-para-reforcar-chapa-ao-governo.shtml
GFC_NEG_00058,"Fraude eleitoral: USAID pagou US$ 500 mil à empresa Smartmatic, que forneceu urnas eletrônicas ao Brasil em 2022",0,FALSO,google_factcheck,ESTADÃO,AFIRMACAO_CHECADA,ROTULO_FORTE,112,,https://www.estadao.com.br/estadao-verifica/usaid-500-mil-smartmatic-urnas-eleicoes-2022-falso/
RSS_00056,Datafolha: Lula e Flávio empatavam antes de áudios que ligam senador a Vorcaro — Pesquisa foi concluída antes da repercussão das conversas em que Flávio Bolsonaro cobrou R$ 134 milhões ao banqueiro Daniel Vorcaro,1,NOTICIA_REAL,noticias_reais,CORREIO_BRAZILIENSE,titulo_resumo,ROTULO_ASSUMIDO,212,2026-05-16,https://www.correiobraziliense.com.br/politica/2026/05/7421201-datafolha-lula-e-flavio-empatavam-antes-de-audios-que-ligam-senador-a-vorcaro.html
RSS_00057,"Contrariando o DC, Aldo Rebelo afirma que pré-candidatura está mantida — Mais cedo, o próprio presidente do partido já havia confirmado que o recém-filiado Joaquim Barbosa concorrerá ao Planalto",1,NOTICIA_REAL,noticias_reais,CORREIO_BRAZILIENSE,titulo_resumo,ROTULO_ASSUMIDO,194,2026-05-16,https://www.correiobraziliense.com.br/politica/2026/05/7421376-contrariando-o-dc-aldo-rabelo-afirma-que-pre-candidatura-esta-mantida.html
GFC_NEG_00059,"Bolsonaro: ” Pobre ñ sabe lidar com dinheiro. Patrão ñ devia dar dinheiro pra trabalhador, só casa e comida. Dê dinheiro pra pobre e ele vai gastar tudo em pinga e cigarro”",0,FALSO,google_factcheck,BOATOS.ORG,AFIRMACAO_CHECADA,ROTULO_FORTE,172,2021-12-19,https://www.boatos.org/politica/bolsonaro-diz-que-pobre-nao-sabe-lidar-com-dinheiro-patrao-nao-devia-dar-pagar.html
RSS_00058,"Projeto quer elevar orçamento de Defensorias Públicas para 2% da receita dos estados — Após articulação de defensores públicos, o Senado pode começar a analisar um projeto que amplia o orçamento destinado às Defensorias Públicas nos estados. O projeto do senador Jorge Kajuru ( PSB -GO) estabelece um patamar de 2% da receita dos estados para os órgãos. Leia mais (05/14/2026 - 18h00)",1,NOTICIA_REAL,noticias_reais,FOLHA_PODER,titulo_resumo,ROTULO_ASSUMIDO,384,2026-05-14,https://redir.folha.com.br/redir/online/poder/rss091/*https://www1.folha.uol.com.br/colunas/painel/2026/05/projeto-quer-elevar-orcamento-de-defensorias-publicas-para-2-da-receita-dos-estados.shtml
RSS_00059,Os dois temas que preocupam a frente parlamentar do ambiente de negócios — Parlamentares vão debater fim da 'taxa das blusinhas' e da escala 6x1 em almoço,1,NOTICIA_REAL,noticias_reais,VEJA_POLITICA,titulo_resumo,ROTULO_ASSUMIDO,154,2026-05-15,https://veja.abril.com.br/politica/os-dois-temas-que-preocupam-a-frente-parlamentar-do-ambiente-de-negocios/
GFC_NEG_00060,Carro do MST se envolve em acidente e estava carregado com munição,0,FORA_DE_CONTEXTO,google_factcheck,UOL_NOTÍCIAS,AFIRMACAO_CHECADA,ROTULO_FORTE,66,2023-05-25,https://noticias.uol.com.br/confere/ultimas-noticias/2023/05/25/caminhonete-mst-municao-checagem.htm
RSS_00060,"Marina condiciona candidatura ao Senado: ""Está entre mim e Márcio França' — Ex-ministra do Meio Ambiente de Lula, Marina Silva disputa com Márcio França, ex-ministro do Empreendedorismo, a escolha pela segunda vaga na candidatura ao Senado por São Paulo",1,NOTICIA_REAL,noticias_reais,CORREIO_BRAZILIENSE,titulo_resumo,ROTULO_ASSUMIDO,253,2026-05-16,https://www.correiobraziliense.com.br/politica/2026/05/7421424-marina-condiciona-candidatura-ao-senado-esta-entre-mim-e-marcio-franca.html
RSS_00061,"Grande centrão: Veredas — ""O senhor sabe: centrão é onde manda quem é forte, com as astúcias."" Leia mais (05/13/2026 - 19h00)",1,NOTICIA_REAL,noticias_reais,FOLHA_PODER,titulo_resumo,ROTULO_ASSUMIDO,125,2026-05-13,https://redir.folha.com.br/redir/online/poder/rss091/*https://www1.folha.uol.com.br/colunas/conrado-hubner-mendes/2026/05/grande-centrao-veredas.shtml
RSS_00062,Lula reage na busca por reeleição com pacote de benesses e vê caso Master acuar adversários,1,NOTICIA_REAL,noticias_reais,UOL_NOTICIAS,titulo,ROTULO_ASSUMIDO,91,,https://www1.folha.uol.com.br/poder/2026/05/lula-reage-na-busca-por-reeleicao-com-pacote-de-benesses-e-ve-caso-master-acuar-adversarios.shtml
RSS_00063,"Flávio fala em 'zero dinheiro público', mas produtora de filme tem elo com emendas e verba da Prefeitura de SP",1,NOTICIA_REAL,noticias_reais,FOLHA_PODER,titulo,ROTULO_ASSUMIDO,110,2026-05-14,https://redir.folha.com.br/redir/online/poder/rss091/*https://www1.folha.uol.com.br/poder/2026/05/flavio-fala-em-zero-dinheiro-publico-mas-produtora-de-filme-tem-elo-com-emendas-e-verba-da-prefeitura-de-sp.shtml
GFC_NEG_00061,A FARSA do 8 de janeiro em 20 segundos,0,FALSO,google_factcheck,BOATOS.ORG,AFIRMACAO_CHECADA,ROTULO_FORTE,38,2024-01-13,https://www.boatos.org/brasil/farsa-8-de-janeiro-foi-revelada-20-segundos-porque-infiltrados-rapel-congresso.html
GFC_NEG_00062,Bolsonaro demitiu 13.710 ‘comunistas do PT’ que comandavam universidades,0,FALSO,google_factcheck,AOS_FATOS,AFIRMACAO_CHECADA,ROTULO_FORTE,72,2021-12-16,https://www.aosfatos.org/noticias/e-falso-que-bolsonaro-demitiu-13710-comunistas-do-pt-que-comandavam-universidades/
GFC_VER_00005,a informação de que quatro deputados federais da bancada do Distrito Federal votaram contra ou se ausentaram da votação da Proposta de Emenda à Constituição (PEC) que visava estabelecer a adoção do voto impresso no país.,1,GFC_VERDADEIRO,google_factcheck,METRÓPOLES,AFIRMACAO_CHECADA,ROTULO_FORTE,220,2022-09-15,https://www.metropoles.com/distrito-federal/e-verdadeiro-que-quatro-deputados-do-df-votaram-contra-o-voto-impresso
GFC_NEG_00063,Erika Hilton foi convidada a ser ministra do governo Lula,0,FALSO,google_factcheck,AOS_FATOS,AFIRMACAO_CHECADA,ROTULO_FORTE,57,2022-10-07,https://www.aosfatos.org/noticias/e-falso-que-erika-hilton-foi-convidada-para-ministerio-no-governo-lula/
RSS_00064,"'É imperdoável, um tapa na cara', diz Zema sobre ligação entre Flávio Bolsonaro e Vorcaro — O ex-governador de Minas Gerais Romeu Zema (Novo), pré-candidato à Presidência da República, classificou como ""imperdoável"" a negociação do senador Flávio Bolsonaro ( PL ) com o ex-banqueiro Daniel Vorcaro , revelada nesta quarta-feira (13) pelo site The Intercept Brasil e confirmada pela Folha . Leia mais (05/13/2026 - 17h58)",1,NOTICIA_REAL,noticias_reais,FOLHA_PODER,titulo_resumo,ROTULO_ASSUMIDO,420,2026-05-13,https://redir.folha.com.br/redir/online/poder/rss091/*https://www1.folha.uol.com.br/poder/2026/05/e-imperdoavel-um-tapa-na-cara-diz-zema-sobre-ligacao-entre-flavio-bolsonaro-e-vorcaro.shtml
GFC_NEG_00064,Quase 500 terras índigenas podem ser demarcadas,0,ENGANOSO,google_factcheck,AOS_FATOS,AFIRMACAO_CHECADA,ROTULO_FORTE,47,2022-10-07,https://www.aosfatos.org/noticias/no-inicio-do-segundo-turno-bolsonaro-e-lula-citam-informacoes-falsas-sobre-fome-educacao-e-ministros-do-stf/
RSS_00065,"Mendonça prevalece e STF rejeita ação sobre monitoramento de jornalistas e deputados — Por 7 votos a 4, o Supremo entendeu que o governo de Jair Bolsonaro (PL) não cometeu irregularidades com os relatórios que visavam o monitoramento de mais de 100 parlamentares e jornalistas",1,NOTICIA_REAL,noticias_reais,CARTACAPITAL,titulo_resumo,ROTULO_ASSUMIDO,276,2026-05-15,https://www.cartacapital.com.br/justica/mendonca-prevalece-e-stf-rejeita-acao-sobre-monitoramento-de-jornalistas-e-deputados/
GFC_NEG_00065,Lula pede ao TSE para barrar vídeos na internet durante as eleições,0,FALSO,google_factcheck,BOL_-_UOL,AFIRMACAO_CHECADA,ROTULO_FORTE,67,2026-04-14,https://www.bol.uol.com.br/noticias/2026/04/14/falso-lula-pediu-tse-proibir-videos-na-internet-eleicoes.amp.htm
RSS_00066,‘Bolsomaster’: petistas ganharam narrativa de bandeja — Revelação de áudio de Flávio Bolsonaro cobrando patrocínio do dono do Banco Master deu novo fôlego à campanha petista,1,NOTICIA_REAL,noticias_reais,VEJA_POLITICA,titulo_resumo,ROTULO_ASSUMIDO,173,2026-05-16,https://veja.abril.com.br/politica/bolsomaster-petistas-ganharam-narrativa-de-bandeja/
GFC_NEG_00066,Polícia encontra quarto secreto de Lula com dinheiro do INSS,0,FALSO,google_factcheck,UOL_NOTÍCIAS,AFIRMACAO_CHECADA,ROTULO_FORTE,60,,https://noticias.uol.com.br/comprova/ultimas-noticias/2025/05/09/e-falso-que-a-pf-encontrou-dinheiro-do-inss-em-quarto-secreto-de-lula.htm
GFC_NEG_00067,Nestor Cerveró foi reconduzido por Lula ao mesmo cargo na Petrobras,0,FALSO,google_factcheck,ESTADÃO,AFIRMACAO_CHECADA,ROTULO_FORTE,67,,https://www.estadao.com.br/estadao-verifica/nestor-cervero-lula-cargo-petrobras/
RSS_00067,"Dino abre apuração sobre emendas destinadas a produtora de filme sobre Bolsonaro — O ministro Flávio Dino , do STF (Supremo Tribunal Federal), abriu uma apuração preliminar sigilosa sobre emendas destinadas à produtora do filme ""Dark Horse"" (""Azarão""), que trata da vida do ex-presidente Jair Bolsonaro (PL). Leia mais (05/15/2026 - 11h29)",1,NOTICIA_REAL,noticias_reais,FOLHA_PODER,titulo_resumo,ROTULO_ASSUMIDO,339,2026-05-15,https://redir.folha.com.br/redir/online/poder/rss091/*https://www1.folha.uol.com.br/poder/2026/05/dino-abre-apuracao-sobre-emendas-destinadas-a-produtora-de-filme-sobre-bolsonaro.shtml
GFC_NEG_00068,Inelegibilidade de Jair Bolsonaro é inconstitucional porque viola o Pacto de San José,0,ENGANOSO,google_factcheck,ESTADÃO,AFIRMACAO_CHECADA,ROTULO_FORTE,85,,https://www.estadao.com.br/estadao-verifica/bolsonaro-elegivel-pacto-san-jose/
RSS_00068,Vítima de violência doméstica poderá pedir divórcio direto em cartório — Comissão da Câmara aprovou proposta que amplia mecanismos de proteção às vítimas.,1,NOTICIA_REAL,noticias_reais,CONGRESSO_EM_FOCO,titulo_resumo,ROTULO_ASSUMIDO,154,2026-05-15,https://www.congressoemfoco.com.br/noticia/118912/vitima-de-violencia-domestica-podera-pedir-divorcio-direto-em-cartorio
GFC_NEG_00069,Alexandre de Moraes investiga ministro do STF André Mendonça,0,FALSO,google_factcheck,UOL_NOTÍCIAS,AFIRMACAO_CHECADA,ROTULO_FORTE,60,,https://noticias.uol.com.br/confere/ultimas-noticias/2025/10/22/falso-moraes-ordenou-investigacao-andre-mendonca.htm
RSS_00069,"Governo Lula discute proposta para limitar penduricalhos de servidores públicos — O governo de Luiz Inácio Lula da Silva (PT) discute uma proposta legislativa para limitar os bônus que permitem uma fração dos servidores públicos receber rendimentos acima do teto constitucional de R$ 46.366,19, conhecidos como ""penduricalhos"". A proposta é discutida no Ministério da Gestão. Leia mais (05/15/2026 - 16h01)",1,NOTICIA_REAL,noticias_reais,FOLHA_PODER,titulo_resumo,ROTULO_ASSUMIDO,406,2026-05-15,https://redir.folha.com.br/redir/online/poder/rss091/*https://www1.folha.uol.com.br/poder/2026/05/governo-lula-discute-proposta-para-limitar-penduricalhos-de-servidores-publicos.shtml
GFC_NEG_00070,Fonte militar de Brasília (do governo) garante que houve fraude e que haverá intervenção após 2º turno das eleições,0,FALSO,google_factcheck,BOATOS.ORG,AFIRMACAO_CHECADA,ROTULO_FORTE,115,2022-10-09,https://www.boatos.org/politica/fonte-militar-brasilia-governo-garante-houve-fraude-e-havera-intervencao-apos-2-turno-eleicoes.html
GFC_NEG_00071,Documento prova que Bolsonaro tinha aprovação da Receita Federal para ficar com joias sauditas,0,FALSO,google_factcheck,AOS_FATOS,AFIRMACAO_CHECADA,ROTULO_FORTE,94,2024-07-05,https://www.aosfatos.org/noticias/receita-federal-bolsonaro-joias-sauditas/
GFC_NEG_00072,Randolfe faz pedido de impeachment contra ministros do STF,0,FORA_DE_CONTEXTO,google_factcheck,ESTADÃO,AFIRMACAO_CHECADA,ROTULO_FORTE,58,,https://www.estadao.com.br/estadao-verifica/randolfe-discurso-impeachment-stf-antigo/
GFC_NEG_00073,O MST incendiou estes carros,0,FALSO,google_factcheck,AFP_CHECAMOS,AFIRMACAO_CHECADA,ROTULO_FORTE,28,2023-03-13,https://checamos.afp.com/doc.afp.com.33BA6YC
GFC_NEG_00074,Senadores pedem impeachment dos ministros Toffoli e Moraes em 2022,0,FORA_DE_CONTEXTO,google_factcheck,AFP_CHECAMOS,AFIRMACAO_CHECADA,ROTULO_FORTE,66,2022-11-09,https://checamos.afp.com/doc.afp.com.32N82NM
GFC_NEG_00075,Trump diz que Lula tem sangue de ‘lampião a álcool’,0,FALSO,google_factcheck,AOS_FATOS,AFIRMACAO_CHECADA,ROTULO_FORTE,51,2026-04-27,https://www.aosfatos.org/noticias/trump-lula-sangue-lampiao-alcool/
GFC_NEG_00076,Alô Alexandre de Moraes - os índios do município de Manicoré querem saber aonde foi parar os votos que eles depositaram nas urnas. Será que alguém poderia garantir esse direito?,0,FALSO,google_factcheck,BOATOS.ORG,AFIRMACAO_CHECADA,ROTULO_FORTE,177,2022-11-06,https://www.boatos.org/politica/manicore-am-zero-votos-para-bolsonaro-urnas-foram-fraudadas-cidade.html
GFC_NEG_00077,Jornal Nacional: em 2026 aumenta a fiscalização do pix pela Receita Federal,0,FORA_DE_CONTEXTO,google_factcheck,ESTADÃO,AFIRMACAO_CHECADA,ROTULO_FORTE,75,,https://www.estadao.com.br/estadao-verifica/receita-nao-aumentou-monitoramento-do-pix-em-2026-video-usa-materia-antiga-do-jn/
RSS_00070,"Flávio diz que novos diálogos com Vorcaro podem vazar, mas que contato se restringiu a filme — O senador e pré-candidato à Presidência Flávio Bolsonaro ( PL -RJ) disse nesta sexta-feira (15) que novas conversas ou relatos de encontros que teve com o dono do Banco Master , Daniel Vorcaro , podem se tornar públicos, mas afirmou que o contato que manteve com o ex-banqueiro se restringiu ao filme sobre o ex-presidente Jair Bolsonaro (PL). Leia mais (05/15/2026 - 17h02)",1,NOTICIA_REAL,noticias_reais,FOLHA_PODER,titulo_resumo,ROTULO_ASSUMIDO,469,2026-05-15,https://redir.folha.com.br/redir/online/poder/rss091/*https://www1.folha.uol.com.br/poder/2026/05/flavio-diz-que-novos-dialogos-com-vorcaro-podem-vazar-mas-que-contato-se-restringiu-a-filme.shtml
GFC_NEG_00078,"Bolsonaro assinou MP decidindo que planos de saúde só precisam cobrir tratamentos que estejam na lista da Conitec. Quem tem câncer, doenças raras, ficará sem tratamento. Conitec é que autorizou cloroquina para covid",0,FALSO,google_factcheck,PROJETO_COMPROVA,AFIRMACAO_CHECADA,ROTULO_FORTE,215,2022-03-09,https://projetocomprova.com.br/publica%C3%A7%C3%B5es/mp-assinada-por-bolsonaro-nao-impede-atendimento-de-pessoas-com-cancer/
RSS_00071,"Bia Kicis nega ter destinado emendas para filme sobre Bolsonaro — Deputada afirmou ter recebido representação de Tabata Amaral e Pastor Henrique Vieira no STF com ""estranhamento"".",1,NOTICIA_REAL,noticias_reais,CONGRESSO_EM_FOCO,titulo_resumo,ROTULO_ASSUMIDO,179,2026-05-15,https://www.congressoemfoco.com.br/noticia/118921/bia-kicis-nega-ter-destinado-emendas-para-filme-sobre-bolsonaro
RSS_00072,Governo Lula anuncia R$ 37 bi para o refino em São Paulo — Aporte na Refinaria de Paulínia deve criar 38 mil empregos diretos e indiretos até 2030,1,NOTICIA_REAL,noticias_reais,PODER360,titulo_resumo,ROTULO_ASSUMIDO,146,2026-05-17,https://www.poder360.com.br/poder-infra/governo-lula-anuncia-r-37-bi-para-o-refino-em-sao-paulo/
RSS_00073,"Bastidores de ""Dark Horse"" misturaram política e ostentação, diz jornal — Bastidores de ""Dark Horse"" reuniram conflitos ideológicos, alto investimento e celebração no dia da prisão de Jair Bolsonaro",1,NOTICIA_REAL,noticias_reais,CORREIO_BRAZILIENSE,titulo_resumo,ROTULO_ASSUMIDO,198,2026-05-16,https://www.correiobraziliense.com.br/politica/2026/05/7421285-bastidores-de-dark-horse-misturaram-politica-e-ostentacao-diz-jornal.html
GFC_NEG_00079,Concurso para o Sistema Único de Saúde com salários de até R$ 11 mil para vagas que exigem como nível de escolaridade Ensino Médio completo,0,FALSO,google_factcheck,UOL_NOTÍCIAS,AFIRMACAO_CHECADA,ROTULO_FORTE,139,,https://noticias.uol.com.br/confere/ultimas-noticias/2025/07/16/sao-falsos-posts-de-concurso-do-sus-com-salario-de-ate-r-11-mil-e-golpe.htm
GFC_NEG_00080,"""Alemanha admite [que] 'vacina' Covid [é] 40 vezes mais mortal do que se sabia.""",0,FALSO,google_factcheck,OBSERVADOR,AFIRMACAO_CHECADA,ROTULO_FORTE,80,2022-05-30,https://observador.pt/factchecks/fact-check-alemanha-admitiu-que-a-vacina-contra-a-covid-19-e-40-vezes-mais-mortal-que-o-previsto/
GFC_NEG_00081,Vídeo mostra juíza dos EUA dando recado para Moraes,0,FALSO,google_factcheck,AOS_FATOS,AFIRMACAO_CHECADA,ROTULO_FORTE,51,2025-03-27,https://www.aosfatos.org/noticias/video-em-que-suposta-juiza-dos-eua-critica-moraes-foi-gerado-por-ia/
RSS_00074,A consequência para Zema após os vídeos contra Gilmar Mendes — Confronto entre o ex-governador de Minas e o ministro do STF ganhou novo capítulo,1,NOTICIA_REAL,noticias_reais,VEJA_POLITICA,titulo_resumo,ROTULO_ASSUMIDO,144,2026-05-15,https://veja.abril.com.br/politica/a-consequencia-para-zema-apos-os-videos-contra-gilmar-mendes/
GFC_NEG_00082,Advogada detalha golpe que o PT vem realizando contra os aposentados do INSS,0,FALSO,google_factcheck,AOS_FATOS,AFIRMACAO_CHECADA,ROTULO_FORTE,76,2024-06-05,https://www.aosfatos.org/noticias/para-culpar-pt-video-desconto-indevido-aposentadoria-inss/
RSS_00075,Lula vai precisar moderar fervura da base para não perder o trunfo — Veja os vídeos de Lula e de Trump e análise do cientista político Rudá Ricci sobre impacto do clima político quente,1,NOTICIA_REAL,noticias_reais,METROPOLES,titulo_resumo,ROTULO_ASSUMIDO,184,2025-07-12,https://www.metropoles.com/blog-do-noblat/lula-vai-precisar-moderar-fervura-da-base-para-nao-perder-o-trunfo
RSS_00076,"Diretórios do Novo no PR, ligado a Deltan, e em SC criticam vídeo de Zema contra Flávio Bolsonaro — Os diretórios do Novo em Santa Catarina e no Paraná criticaram nesta quinta-feira (14) a divulgação de um vídeo em que Romeu Zema , presidenciável do partido, ataca Flávio Bolsonaro (PL) pelo áudio do senador pedindo dinheiro ao ex-banqueiro Daniel Vorcaro , dono do Master. Leia mais (05/14/2026 - 13h31)",1,NOTICIA_REAL,noticias_reais,FOLHA_PODER,titulo_resumo,ROTULO_ASSUMIDO,405,2026-05-14,https://redir.folha.com.br/redir/online/poder/rss091/*https://www1.folha.uol.com.br/poder/2026/05/ala-do-novo-ligada-a-dallagnol-no-pr-reclama-de-video-de-zema-contra-flavio.shtml
GFC_NEG_00083,Tebet disse que o Bolsa Família será cortado por 60 dias,0,FALSO,google_factcheck,AOS_FATOS,AFIRMACAO_CHECADA,ROTULO_FORTE,56,2023-01-24,https://www.aosfatos.org/noticias/falso-tebet-corte-bolsa-familia/
RSS_00077,"José Dirceu recebe diagnóstico de linfoma e inicia tratamento em SP — O ex-ministro da Casa Civil José Dirceu ( PT ) recebeu diagnóstico de linfoma, segundo nota divulgada pelo hospital Sírio-Libanês nesta sexta-feira (15). Ele é pré-candidato a deputado federal por São Paulo. Leia mais (05/15/2026 - 16h58)",1,NOTICIA_REAL,noticias_reais,FOLHA_PODER,titulo_resumo,ROTULO_ASSUMIDO,308,2026-05-15,https://redir.folha.com.br/redir/online/poder/rss091/*https://www1.folha.uol.com.br/poder/2026/05/jose-dirceu-recebe-diagnostico-de-linfoma-e-inicia-tratamento-em-sp.shtml
RSS_00078,"Após áudio de Flávio, Lindbergh pede que STF determine instalação da CPI do Master — O deputado federal Lindbergh Farias ( PT -RJ) acionou o Supremo Tribunal Federal ( STF ) para que a Corte determine a instalação da CPMI do Master imediatamente. Na peça, o petista cita o áudio entre Flávio Bolsonaro ( PL -RJ) e Daniel Vorcaro . Leia mais (05/15/2026 - 13h16)",1,NOTICIA_REAL,noticias_reais,FOLHA_PODER,titulo_resumo,ROTULO_ASSUMIDO,361,2026-05-15,https://redir.folha.com.br/redir/online/poder/rss091/*https://www1.folha.uol.com.br/colunas/painel/2026/05/apos-audio-de-flavio-lindbergh-pede-que-stf-determine-instalacao-da-cpi-do-master.shtml
GFC_NEG_00084,Desemprego dispara com o Lula,0,FALSO,google_factcheck,AOS_FATOS,AFIRMACAO_CHECADA,ROTULO_FORTE,29,2023-07-18,https://www.aosfatos.org/noticias/falso-desemprego-disparou-lula/
GFC_NEG_00085,Barroso sempre foi a favor do voto impresso,0,FALSO,google_factcheck,UOL_NOTÍCIAS,AFIRMACAO_CHECADA,ROTULO_FORTE,43,2022-06-28,https://noticias.uol.com.br/confere/ultimas-noticias/2022/06/28/e-falso-que-ministro-barroso-defendeu-voto-impresso-em-2017.htm
RSS_00079,Eduardo Bolsonaro nega gestão em filme bancado por Vorcaro — Deputado afirma que contrato como produtor executivo serviu apenas para manter projeto sobre Jair Bolsonaro em andamento e diz ter recuperado investimento pessoal de US$ 50 mil,1,NOTICIA_REAL,noticias_reais,CORREIO_BRAZILIENSE,titulo_resumo,ROTULO_ASSUMIDO,237,2026-05-15,https://www.correiobraziliense.com.br/politica/2026/05/7421041-eduardo-bolsonaro-nega-gestao-em-filme-bancado-por-vorcaro.html
GFC_VER_00006,O Ceará tem hoje a melhor educação pública do Brasil,1,GFC_VERDADEIRO,google_factcheck,UOL_NOTÍCIAS,AFIRMACAO_CHECADA,ROTULO_FORTE,52,2022-08-29,https://noticias.uol.com.br/confere/ultimas-noticias/2022/08/29/ciro-erra-ao-falar-de-educacao-e-acerta-sobre-fome-e-inadimplencia.htm
GFC_NEG_00086,Jair Bolsonaro sobre escala 6x1: É BÍBLICO!,0,FALSO,google_factcheck,DESCONHECIDA,AFIRMACAO_CHECADA,ROTULO_FORTE,43,2024-11-19,https://checamos.afp.com/doc.afp.com.36MW468
RSS_00080,"Empresa afasta chileno preso por ofensas em voo da Latam Airlines — Suspeito era executivo comercial da Landes, empresa chilena de pescados",1,NOTICIA_REAL,noticias_reais,PODER360,titulo_resumo,ROTULO_ASSUMIDO,139,2026-05-17,https://www.poder360.com.br/poder-internacional/empresa-afasta-chileno-preso-por-ofensas-em-voo-da-latam-airlines/
GFC_NEG_00087,Taxa de desemprego do IBGE foi manipulada para excluir beneficiários do Bolsa Família e favorecer governo,0,ENGANOSO,google_factcheck,ESTADÃO,AFIRMACAO_CHECADA,ROTULO_FORTE,105,,https://www.estadao.com.br/estadao-verifica/ibge-nao-maquiou-taxa-de-desemprego-criterio-e-o-mesmo-usado-desde-2012/
GFC_NEG_00088,MPF já entrou com impeachment contra Gilmar Mendes e não conseguiu,0,FALSO,google_factcheck,AOS_FATOS,AFIRMACAO_CHECADA,ROTULO_FORTE,66,2022-03-21,https://www.aosfatos.org/noticias/corrente-gilmar-mendes-STF/
GFC_NEG_00089,Lula publicou medida para antecipar a aposentadoria dos brasileiros,0,FALSO,google_factcheck,AOS_FATOS,AFIRMACAO_CHECADA,ROTULO_FORTE,67,2023-12-26,https://www.aosfatos.org/noticias/falso-lula-medida-antecipar-aposentadoria/
RSS_00081,"Não se iludam, bolsonaristas: post de Trump não vai dar em nada — Polêmica de Trump em defesa de Bolsonaro recebe reação dura de Lula, mas para bolsonaristas deixa a ilusão de ""mais 72h"" (de novo)",1,NOTICIA_REAL,noticias_reais,METROPOLES,titulo_resumo,ROTULO_ASSUMIDO,196,2025-07-08,https://www.metropoles.com/blog-do-noblat/nao-se-iludam-bolsonaristas-post-de-trump-nao-vai-dar-em-nada
GFC_NEG_00090,Cabral acusou Dias Toffoli de receber R$ 3 milhões para alterar votos de eleitores,0,FALSO,google_factcheck,AOS_FATOS,AFIRMACAO_CHECADA,ROTULO_FORTE,82,2021-08-10,https://www.aosfatos.org/noticias/cabral-nao-acusou-toffoli-de-receber-r-3-milhoes-para-alterar-votos-de-eleitores/
GFC_NEG_00091,Vídeo mostra Lula recebendo refugiados muçulmanos no Brasil; cada um deles ganhará R$ 7.000 mensais por seis meses,0,FALSO,google_factcheck,AOS_FATOS,AFIRMACAO_CHECADA,ROTULO_FORTE,114,2026-04-01,https://www.aosfatos.org/noticias/falso-governo-lula-pagara-auxilios-7000-refugiados-muculmanos/
GFC_NEG_00092,"Fertilidade de mulheres vacinadas contra a covid-19 caiu 33%, segundo estudo da Tchecoslováquia",0,FALSO,google_factcheck,ESTADÃO,AFIRMACAO_CHECADA,ROTULO_FORTE,95,,https://www.estadao.com.br/estadao-verifica/vacina-covid-fertilidade-mulheres/
RSS_00082,Atos pró-Palestina e anti-imigração têm milhares em Londres — Polícia britânica convoca 4.000 agentes e prende 43 pessoas em atos da direita e de grupos pró-Palestina,1,NOTICIA_REAL,noticias_reais,PODER360,titulo_resumo,ROTULO_ASSUMIDO,166,2026-05-17,https://www.poder360.com.br/poder-internacional/atos-pro-palestina-e-anti-imigracao-tem-milhares-em-londres/
GFC_NEG_00093,Lula ladrão seu lugar é na prisão em plena propaganda eleitoral na Marquês de Sapucaí,0,FALSO,google_factcheck,UOL_NOTÍCIAS,AFIRMACAO_CHECADA,ROTULO_FORTE,85,,https://noticias.uol.com.br/confere/ultimas-noticias/2026/02/19/falso-video-lula-vaiado-sapucai.htm
GFC_NEG_00094,Lula fez pronunciamento afirmando que o preço dos alimentos vai subir,0,FALSO,google_factcheck,AOS_FATOS,AFIRMACAO_CHECADA,ROTULO_FORTE,69,2023-12-14,https://www.aosfatos.org/noticias/video-lula-aumento-precos-alimentos-2020-nao-atual/
GFC_NEG_00095,"Substâncias indicadas pelo médico Peter McCullough para ""desintoxicação"" da proteína S presente na vacina contra a covid-19",0,ENGANOSO,google_factcheck,UOL_NOTÍCIAS,AFIRMACAO_CHECADA,ROTULO_FORTE,123,,https://noticias.uol.com.br/comprova/ultimas-noticias/2024/04/24/nao-e-necessario-detox-de-proteina-da-vacina-contra-a-covid-19.htm
GFC_VER_00007,"Eu fui ministro da Fazenda, eu cobrei uma alíquota de 35% nos supersalários.",1,GFC_VERDADEIRO,google_factcheck,AOS_FATOS,AFIRMACAO_CHECADA,ROTULO_FORTE,76,2022-08-15,https://www.aosfatos.org/noticias/checamos-ciro-gomes-roda-viva/
RSS_00083,Novo diz que vídeo de Zema contra Flávio mostra que ele não é linha auxiliar do bolsonarismo — O vídeo de Romeu Zema (Novo-MG) com ataques a Flávio Bolsonaro ( PL -RJ) após a divulgação do áudio com Daniel Vorcaro passou pela cúpula do partido Novo . Leia mais (05/14/2026 - 15h32),1,NOTICIA_REAL,noticias_reais,FOLHA_PODER,titulo_resumo,ROTULO_ASSUMIDO,281,2026-05-14,https://redir.folha.com.br/redir/online/poder/rss091/*https://www1.folha.uol.com.br/colunas/painel/2026/05/novo-diz-que-video-de-zema-contra-flavio-mostra-que-ele-nao-e-linha-auxiliar-do-bolsonarismo.shtml
GFC_NEG_00096,PF descobre que Moraes recebeu R$ 30 milhões por mês para prender Bolsonaro,0,FALSO,google_factcheck,AOS_FATOS,AFIRMACAO_CHECADA,ROTULO_FORTE,75,2026-03-10,https://www.aosfatos.org/noticias/nao-e-verdade-que-moraes-recebeu-propina-para-prender-bolsonaro/
RSS_00084,"Caso Flávio-Vorcaro e arsenal de Lula marcam fim da fase de aquecimento da eleição — Toda eleição presidencial tem uma fase de aquecimento, em que os candidatos se preparam para a campanha. A revelação dos laços de Flávio Bolsonaro ( PL ) com o dono do Banco Master e a decisão de Lula (PT) de sacar um arsenal para evitar uma derrota na disputa indicam que essa etapa acabou na última semana. Leia mais (05/16/2026 - 12h03)",1,NOTICIA_REAL,noticias_reais,FOLHA_PODER,titulo_resumo,ROTULO_ASSUMIDO,424,2026-05-16,https://redir.folha.com.br/redir/online/poder/rss091/*https://www1.folha.uol.com.br/poder/2026/05/caso-flavio-vorcaro-e-arsenal-de-lula-marcam-fim-da-fase-de-aquecimento-da-eleicao.shtml
RSS_00085,"PF suspeita que dinheiro de Vorcaro tenha custeado despesas de Eduardo Bolsonaro nos EUA — A Polícia Federal suspeita que recursos ligados a Daniel Vorcaro , do Banco Master , foram usados para financiar despesas do ex-deputado Eduardo Bolsonaro ( PL -SP) nos Estados Unidos, onde ele vive desde fevereiro de 2025. Leia mais (05/14/2026 - 13h04)",1,NOTICIA_REAL,noticias_reais,FOLHA_PODER,titulo_resumo,ROTULO_ASSUMIDO,345,2026-05-14,https://redir.folha.com.br/redir/online/poder/rss091/*https://www1.folha.uol.com.br/poder/2026/05/pf-suspeita-que-dinheiro-de-vorcaro-tenha-custeado-despesas-de-eduardo-bolsonaro-nos-eua.shtml
GFC_NEG_00097,Reforma Tributária permite ao governo tabelar os preços dos imóveis,0,ENGANOSO,google_factcheck,PROJETO_COMPROVA,AFIRMACAO_CHECADA,ROTULO_FORTE,67,2025-07-04,https://projetocomprova.com.br/publica%C3%A7%C3%B5es/reforma-tributaria-mantem-a-livre-negociacao-de-precos-de-imoveis/
GFC_NEG_00098,Luís Roberto Barroso e EUA agiram para comprar chips fraudulentos de Taiwan para roubar votos para Lula em 2022,0,ENGANOSO,google_factcheck,ESTADÃO,AFIRMACAO_CHECADA,ROTULO_FORTE,111,,https://www.estadao.com.br/estadao-verifica/barroso-comprou-chips-adulterados-taiwan-roubar-votos-lula-falso/
GFC_NEG_00099,Demonstração mostra possíveis fraudes em urnas eletrônicas,0,ENGANOSO,google_factcheck,AOS_FATOS,AFIRMACAO_CHECADA,ROTULO_FORTE,58,2022-08-01,https://www.aosfatos.org/noticias/video-mostra-simulacao-de-fraude-em-urna-diferente-da-usada-no-brasil/
RSS_00086,"Zema ironiza PT com fogos de artifício, mas lei proíbe o uso em BH — ""Se o PT tá triste, o Brasil tá feliz,"" diz Zema ao soltar fogos em Belo Horizonte, cidade que proíbe estampidos por lei desde 2022",1,NOTICIA_REAL,noticias_reais,METROPOLES,titulo_resumo,ROTULO_ASSUMIDO,200,2025-12-01,https://www.metropoles.com/brasil/politica-brasil/zema-ironiza-pt-com-fogos-de-artificio-mas-lei-proibe-o-uso-em-bh
GFC_NEG_00100,Alexandre de Moraes diz que quem for para as ruas no dia 25 vai estar cometendo crime,0,FALSO,google_factcheck,AOS_FATOS,AFIRMACAO_CHECADA,ROTULO_FORTE,85,2024-02-21,https://www.aosfatos.org/noticias/moraes-ato-bolsonaro-crime/
RSS_00087,"Eduardo e Carlos Bolsonaro atacam Zema após mineiro criticar Flávio por ligação com Vorcaro — Os filhos do ex-presidente Jair Bolsonaro ( PL ) Eduardo e Carlos Bolsonaro atacaram nesta quarta-feira (13) o pré-candidato à Presidência Romeu Zema (Novo), depois de o ex-governador de Minas Gerais classificar como ""imperdoável"" a negociação do senador Flávio Bolsonaro (PL) com o ex-banqueiro Daniel Vorcaro . Leia mais (05/13/2026 - 20h43)",1,NOTICIA_REAL,noticias_reais,FOLHA_PODER,titulo_resumo,ROTULO_ASSUMIDO,437,2026-05-13,https://redir.folha.com.br/redir/online/poder/rss091/*https://www1.folha.uol.com.br/poder/2026/05/eduardo-e-carlos-bolsonaro-atacam-zema-apos-mineiro-criticar-flavio-por-ligacao-com-vorcaro.shtml
GFC_NEG_00101,Oxford aprova lockdown rodoviário para diminuir as emissões de carbono,0,FALSO,google_factcheck,AFP_CHECAMOS,AFIRMACAO_CHECADA,ROTULO_FORTE,70,2022-12-16,https://checamos.afp.com/doc.afp.com.33424GH
GFC_NEG_00102,Vídeo mostra pesquisa eleitoral registrada no TSE,0,ENGANOSO,google_factcheck,AOS_FATOS,AFIRMACAO_CHECADA,ROTULO_FORTE,49,2022-08-04,https://www.aosfatos.org/noticias/pesquisa-eleitoral-que-aparece-em-video-nao-foi-registrada-no-tse/
GFC_NEG_00103,Nova regra da Receita Federal monitora automaticamente todas as transações Pix e cruza os dados diretamente com a declaração de Imposto de Renda para identificar inconsistências financeiras.​,0,ENGANOSO,google_factcheck,ESTADÃO,AFIRMACAO_CHECADA,ROTULO_FORTE,191,,https://www.estadao.com.br/estadao-verifica/receita-federal-nao-monitora-pix-individual-automaticamente-enganoso/
RSS_00088,"A bola fora de governador interino do Rio de Janeiro durante ‘exoneraço’ — Nos primeiros dias à frente do governo, Ricardo Couto procurou por funcionária que ele mesmo havia exonerado",1,NOTICIA_REAL,noticias_reais,VEJA_POLITICA,titulo_resumo,ROTULO_ASSUMIDO,183,2026-05-15,https://veja.abril.com.br/politica/a-bola-fora-de-governador-interino-do-rio-de-janeiro-durante-exoneraco/
RSS_00089,"Conversa com Vorcaro atropela Flávio Bolsonaro e abala direita — Veio como um terremoto a revelação de um áudio no qual o senador Flávio Bolsonaro pede milhões de reais ao banqueiro Daniel Vorcaro para supostamente financiar a cinebiografia de seu pai. O furo do site Intercept atingiu não apenas a candidatura do senador, mas a própria perspectiva da direita na eleição presidencial. Leia mais (05/14/2026 - 04h03)",1,NOTICIA_REAL,noticias_reais,FOLHA_PODER,titulo_resumo,ROTULO_ASSUMIDO,415,2026-05-14,https://redir.folha.com.br/redir/online/poder/rss091/*https://www1.folha.uol.com.br/colunas/marcosaugustogoncalves/2026/05/conversa-com-vorcaro-atropela-flavio-bolsonaro-e-abala-direita.shtml
GFC_NEG_00104,Áudios divulgados pelo Fantástico confirmam inocência de Jair Bolsonaro no golpe,0,ENGANOSO,google_factcheck,ESTADÃO,AFIRMACAO_CHECADA,ROTULO_FORTE,80,,https://www.estadao.com.br/estadao-verifica/audios-fantastico-confirmam-inocencia-bolsonaro-golpe-enganoso/
GFC_NEG_00105,FDA autorizou médicos americanos a tratar covid com ivermectina,0,ENGANOSO,google_factcheck,ESTADÃO,AFIRMACAO_CHECADA,ROTULO_FORTE,63,,https://www.estadao.com.br/estadao-verifica/ivermectina-aprovada-fda-covid-enganoso/
GFC_VER_00008,Banco Central quer criar o Real Digital,1,GFC_VERDADEIRO,google_factcheck,ESTADÃO,AFIRMACAO_CHECADA,ROTULO_FORTE,39,,https://www.estadao.com.br/estadao-verifica/o-que-e-real-digital-banco-central/
GFC_NEG_00106,"Como é que vão condenar uma pessoa [Bolsonaro] sem nenhuma prova? Porque eles têm uma única delação de um colaborador [Mauro Cid] que mudou a versão seis, sete vezes em três dias, sob coação",0,FALSO,google_factcheck,AOS_FATOS,AFIRMACAO_CHECADA,ROTULO_FORTE,190,2025-09-08,https://www.aosfatos.org/noticias/7-de-setembro-liderancas-bolsonaristas-desinformam-processo-stf-anistia-e-adelio/
RSS_00090,"Direita se desarruma e abre a cena eleitoral — A trombada foi feia, obrigou Flávio Bolsonaro ( PL ) a sair da inércia, levou o PT a acionar a artilharia antes do previsto, escancarou as divergências na direita e pode mudar o rumo da corrida eleitoral. Leia mais (05/16/2026 - 15h00)",1,NOTICIA_REAL,noticias_reais,FOLHA_PODER,titulo_resumo,ROTULO_ASSUMIDO,282,2026-05-16,https://redir.folha.com.br/redir/online/poder/rss091/*https://www1.folha.uol.com.br/colunas/dora-kramer/2026/05/direita-se-desarruma-e-abre-a-cena-eleitoral.shtml
GFC_NEG_00107,"Beatriz Souza em entrevista para o SporTV: “essa medalha eu dedico ao nosso Capitão Jair Bolsonaro, eu desejo muito que em 2028 que ele volte a ser presidente”.",0,FALSO,google_factcheck,BOATOS.ORG,AFIRMACAO_CHECADA,ROTULO_FORTE,160,2024-08-04,https://www.boatos.org/esporte/beatriz-souza-e-bolsonarista-dedicou-medalha-de-ouro-a-bolsonaro-e-apareceu-em-foto-com-ex-presidente.html
GFC_NEG_00108,Putin diz que na Rússia golpistas são executados em referência à prisão de Bolsonaro,0,FALSO,google_factcheck,AFP_CHECAMOS,AFIRMACAO_CHECADA,ROTULO_FORTE,84,2025-11-28,https://checamos.afp.com/doc.afp.com.86J4463
GFC_NEG_00109,Donald Trump afirmou que vai prender Alexandre de Moraes assim que assumir a Presidência dos EUA,0,FALSO,google_factcheck,AOS_FATOS,AFIRMACAO_CHECADA,ROTULO_FORTE,96,2024-11-19,https://www.aosfatos.org/noticias/trump-nao-disse-que-apos-tomar-posse-prendera-alexandre-de-moraes/
GFC_NEG_00110,Criança morre após tomar vacina contra a covid-19 em João Pessoa,0,ENGANOSO,google_factcheck,PROJETO_COMPROVA,AFIRMACAO_CHECADA,ROTULO_FORTE,64,2022-01-24,https://projetocomprova.com.br/publica%C3%A7%C3%B5es/ministerio-da-saude-descartou-relacao-entre-vacina-e-morte-de-adolescente-em-joao-pessoa/
GFC_NEG_00111,Estudo da Fiocruz mostra que vacinados tiveram mais chances de morrer do que não vacinados,0,FORA_DE_CONTEXTO,google_factcheck,ESTADÃO,AFIRMACAO_CHECADA,ROTULO_FORTE,90,,https://www.estadao.com.br/estadao-verifica/fiocruz-estudo-vacinados-morte-covid/
GFC_NEG_00112,Vídeo mostra Lula embriagado convidando casais para esquentarem Vale do Anhangabaú,0,FALSO,google_factcheck,ESTADÃO,AFIRMACAO_CHECADA,ROTULO_FORTE,82,,https://www.estadao.com.br/estadao-verifica/lula-video-velocidade-reduzida-estado-lastimavel/
GFC_NEG_00113,Haddad anuncia novo imposto de 10% no IR,0,FORA_DE_CONTEXTO,google_factcheck,ESTADÃO,AFIRMACAO_CHECADA,ROTULO_FORTE,40,,https://www.estadao.com.br/estadao-verifica/dizimo-haddad-imposto-10-50-mil-mes-enganoso/
GFC_NEG_00114,A Pfizer adicionou trometamina à sua vacina contra a covid-19 para “estabilizar vítimas de ataques cardíacos”,0,ENGANOSO,google_factcheck,AFP_CHECAMOS,AFIRMACAO_CHECADA,ROTULO_FORTE,109,2021-12-15,https://checamos.afp.com/doc.afp.com.9UP9VT
GFC_NEG_00115,"Em áudio, Lula parabeniza Moraes pela prisão de Bolsonaro",0,FALSO,google_factcheck,AOS_FATOS,AFIRMACAO_CHECADA,ROTULO_FORTE,57,2025-12-02,https://www.aosfatos.org/noticias/e-falso-audio-em-que-lula-parabeniza-moraes-pela-prisao-de-bolsonaro/
GFC_NEG_00116,Sabatina de Gilmar Mendes foi rápida e com apenas 16 senadores,0,ENGANOSO,google_factcheck,AOS_FATOS,AFIRMACAO_CHECADA,ROTULO_FORTE,62,2022-03-21,https://www.aosfatos.org/noticias/corrente-gilmar-mendes-STF/
RSS_00091,"Flávio garante que os R$ 134 milhões não foram para Eduardo Bolsonaro — Senador declarou que põe a mão no fogo pelo irmão, que mora nos Estados Unidos. Segundo Flávio, Eduardo também prestará explicações sobre o caso",1,NOTICIA_REAL,noticias_reais,CORREIO_BRAZILIENSE,titulo_resumo,ROTULO_ASSUMIDO,216,2026-05-15,https://www.correiobraziliense.com.br/politica/2026/05/7420744-flavio-garante-que-os-rs-134-milhoes-nao-foram-para-eduardo-bolsonaro.html
GFC_NEG_00117,"""BBC News admitiu que as vacinas contra a Covid causaram 'excesso de mortes' em 2022.""",0,FALSO,google_factcheck,OBSERVADOR,AFIRMACAO_CHECADA,ROTULO_FORTE,86,2023-06-05,https://observador.pt/factchecks/fact-check-bbc-news-admitiu-que-vacinas-contra-covid-provocou-excesso-de-mortes/
RSS_00092,"""Esse hospital não tem dinheiro do Vorcaro"", ironiza Lula em cerimônia — Durante inauguração de projeto no interior de São Paulo, Lula fez alusão a mensagem vazada de seu adversário.",1,NOTICIA_REAL,noticias_reais,CONGRESSO_EM_FOCO,titulo_resumo,ROTULO_ASSUMIDO,182,2026-05-15,https://www.congressoemfoco.com.br/noticia/118917/esse-hospital-nao-tem-dinheiro-do-vorcaro--ironiza-lula-em-cerimonia
GFC_NEG_00118,Vacinas da covid custam milhões em indenizações por mortes e efeitos colaterais,0,FORA_DE_CONTEXTO,google_factcheck,ESTADÃO,AFIRMACAO_CHECADA,ROTULO_FORTE,79,,https://www.estadao.com.br/estadao-verifica/indenizacoes-vacinas-covid-enganoso/
RSS_00093,Desabamento em Salvador deixa ao menos 1 morto — Prédio de 4 andares desabou; bombeiros buscam desaparecidos,1,NOTICIA_REAL,noticias_reais,PODER360,titulo_resumo,ROTULO_ASSUMIDO,108,2026-05-17,https://www.poder360.com.br/poder-infra/desabamento-em-salvador-deixa-ao-menos-1-morto/
GFC_NEG_00119,Alexandre de Moraes disse: “vamos corroer a democracia por dentro”,0,FALSO,google_factcheck,AOS_FATOS,AFIRMACAO_CHECADA,ROTULO_FORTE,66,2024-04-18,https://www.aosfatos.org/noticias/falso-alexandre-de-moraes-corroer-a-democracia-por-dentro/
RSS_00094,"""Vamos supor que Trump queira anistia. É muito?"", desabafa Bolsonaro — Bolsonaro questiona se Trump está pedindo muito com chantagem da anistia em troca de tirar a tarifa de 50% - Lula o chama de patriota falso",1,NOTICIA_REAL,noticias_reais,METROPOLES,titulo_resumo,ROTULO_ASSUMIDO,210,2025-07-18,https://www.metropoles.com/blog-do-noblat/vamos-supor-que-trump-queira-anistia-e-muito-desabafa-bolsonaro
RSS_00095,Centrão repensa aliança com Flávio Bolsonaro após áudios que mostram proximidade com Vorcaro — A ala do centrão que caminhava para uma aliança com Flávio Bolsonaro ( PL -RJ) agora prega cautela e quer postergar ao máximo a decisão sobre formar ou não uma coalizão em torno do oposicionista. Leia mais (05/15/2026 - 13h00),1,NOTICIA_REAL,noticias_reais,FOLHA_PODER,titulo_resumo,ROTULO_ASSUMIDO,321,2026-05-15,https://redir.folha.com.br/redir/online/poder/rss091/*https://www1.folha.uol.com.br/poder/2026/05/centrao-repensa-alianca-com-flavio-bolsonaro-apos-audios-que-mostram-proximidade-com-vorcaro.shtml
GFC_VER_00009,"A Aneel pode dizer: ‘A empresa não cumpriu o contrato, o contrato está caduco, caducidade, vou romper a concessão’. Essa é uma decisão que não é do Lula, não é do Tarcísio, não é minha, não é do Nunes. Essa decisão é da Aneel.",1,GFC_VERDADEIRO,google_factcheck,AOS_FATOS,AFIRMACAO_CHECADA,ROTULO_FORTE,226,2024-10-24,https://www.aosfatos.org/noticias/checamos-boulos-inteligencia-ltda-segundo-turno/
RSS_00096,"Pai de nome do PL ao governo do Rio, prefeito de São Gonçalo nega ter sido miliciano — Antes de entrar para a política, o prefeito de São Gonçalo, Nelson Ruas dos Santos, 68, pai do deputado estadual Douglas Ruas , pré-candidato ao governo do Rio de Janeiro pelo PL, atuou na Polícia Militar do Rio de Janeiro ?daí porque adotou o cognome eleitoral de Capitão Nelson. Leia mais (05/16/2026 - 23h00)",1,NOTICIA_REAL,noticias_reais,FOLHA_PODER,titulo_resumo,ROTULO_ASSUMIDO,398,2026-05-16,https://redir.folha.com.br/redir/online/poder/rss091/*https://www1.folha.uol.com.br/poder/2026/05/pai-de-nome-do-pl-ao-governo-do-rio-prefeito-de-sao-goncalo-nega-ter-sido-miliciano.shtml
RSS_00097,"Pesquisa mostra que Flávio estancou antes de 'Dark Horse', dizem aliados de Lula; oposição minimiza — Aliados do presidente Lula (PT) avaliam que a pesquisa Datafolha divulgada neste sábado (16) indica a perda de força da pré-campanha de Flávio Bolsonaro ( PL ) antes mesmo da revelação de conversas em que o senador pede dinheiro a Daniel Vorcaro , ex-dono do Banco Master . Leia mais (05/16/2026 - 17h00)",1,NOTICIA_REAL,noticias_reais,FOLHA_PODER,titulo_resumo,ROTULO_ASSUMIDO,406,2026-05-16,https://redir.folha.com.br/redir/online/poder/rss091/*https://www1.folha.uol.com.br/poder/2026/05/pesquisa-mostra-que-flavio-estancou-antes-de-dark-horse-dizem-aliados-de-lula-oposicao-minimiza.shtml
RSS_00098,"Eduardo é citado como administrador financeiro do filme ""Dark Horse"" — Nova reportagem do Intercept apontou Eduardo Bolsonaro como responsável pela gestão de recursos da obra cinematográfica.",1,NOTICIA_REAL,noticias_reais,CONGRESSO_EM_FOCO,titulo_resumo,ROTULO_ASSUMIDO,191,2026-05-15,https://www.congressoemfoco.com.br/noticia/118925/eduardo-e-citado-como-administrador-financeiro-do-filme-dark-horse
RSS_00099,"Flávio diz que Jair Bolsonaro o aconselhou a falar a verdade e que Eduardo vive de doação do pai — O senador Flávio Bolsonaro ( PL -RJ), pré-candidato à Presidência da República, afirmou nesta sexta-feira (15) que conversou com seu pai, Jair Bolsonaro (PL), a respeito de sua relação com Daniel Vorcaro , revelada pelo site The Intercept Brasil, e que o ex-presidente lhe disse para ficar tranquilo e falar a verdade. Leia mais (05/15/2026 - 08h50)",1,NOTICIA_REAL,noticias_reais,FOLHA_PODER,titulo_resumo,ROTULO_ASSUMIDO,448,2026-05-15,https://redir.folha.com.br/redir/online/poder/rss091/*https://www1.folha.uol.com.br/poder/2026/05/flavio-diz-que-jair-bolsonaro-o-aconselhou-a-falar-a-verdade-e-que-eduardo-vive-de-doacao-do-pai.shtml
RSS_00100,"Ciro Gomes confunde letra com símbolo do CV e pede prisão de apoiador — O fato inusitado ocorreu durante o lançamento da pré-candidatura de Ciro ao governo do Ceará, o ex-ministro se desculpou pela confusão",1,NOTICIA_REAL,noticias_reais,CORREIO_BRAZILIENSE,titulo_resumo,ROTULO_ASSUMIDO,206,2026-05-16,https://www.correiobraziliense.com.br/politica/2026/05/7421316-ciro-gomes-confunde-letra-com-simbolo-do-cv-e-pede-prisao-de-apoiador.html
RSS_00101,"Datafolha: Lula empata com Flávio antes de caso 'Dark Horse' e abre vantagem sobre Zema e Caiado — O presidente Lula (PT) seguia empatado com o senador Flávio Bolsonaro (PL-RJ) na simulação de segundo turno das eleições presidenciais até a divulgação de conversas entre o parlamentar e o ex-banqueiro Daniel Vorcaro, mostra pesquisa Datafolha. Leia mais (05/16/2026 - 12h00)",1,NOTICIA_REAL,noticias_reais,FOLHA_PODER,titulo_resumo,ROTULO_ASSUMIDO,374,2026-05-16,https://redir.folha.com.br/redir/online/poder/rss091/*https://www1.folha.uol.com.br/poder/2026/05/datafolha-lula-empata-com-flavio-antes-de-caso-dark-horse-e-abre-vantagem-sobre-zema-e-caiado.shtml
RSS_00102,"Como cuidar dos seus cabos de celular (certamente não da maneira como você está fazendo) — Cabos de carregador só recebem atenção quando quebram. E, muitas vezes, o problema está na forma como você os usa",1,NOTICIA_REAL,noticias_reais,BBC_BRASIL,titulo_resumo,ROTULO_ASSUMIDO,204,2026-05-16,https://www.bbc.com/portuguese/articles/cdjp9vlj44ro?at_medium=RSS&at_campaign=rss
GFC_NEG_00120,Bolsonaro registrou 84 pontos de pico de audiência no JN contra 34 de Lula,0,FALSO,google_factcheck,AFP_CHECAMOS,AFIRMACAO_CHECADA,ROTULO_FORTE,74,2022-08-30,https://checamos.afp.com/doc.afp.com.32HC83D
GFC_NEG_00121,Estudo afirma que vacina contra covid causa danos oculares,0,ENGANOSO,google_factcheck,ESTADÃO,AFIRMACAO_CHECADA,ROTULO_FORTE,58,,https://www.estadao.com.br/estadao-verifica/estudo-vacinas-covid-danos-oculares-enganoso/
GFC_NEG_00122,Lula recebeu notificação direta de Donald Trump para libertar Bolsonaro,0,FALSO,google_factcheck,UOL_NOTÍCIAS,AFIRMACAO_CHECADA,ROTULO_FORTE,71,,https://noticias.uol.com.br/confere/ultimas-noticias/2026/01/28/falso-trump-oficio-lula-libertacao-bolsonaro.htm
RSS_00103,"Fiscalização da Receita contra autoridades cai 54% após Moraes suspender força-tarefa — A Receita Federal abriu 1.437 procedimentos fiscais em 2025 contra agentes públicos que integram a lista de pessoas que ocupam cargos públicos relevantes, como parlamentares, ministros, juízes e seus familiares, as chamadas PPEs (Pessoas Politicamente Expostas). Leia mais (05/14/2026 - 23h00)",1,NOTICIA_REAL,noticias_reais,FOLHA_PODER,titulo_resumo,ROTULO_ASSUMIDO,381,2026-05-14,https://redir.folha.com.br/redir/online/poder/rss091/*https://www1.folha.uol.com.br/poder/2026/05/fiscalizacao-da-receita-contra-autoridades-cai-54-apos-moraes-suspender-forca-tarefa.shtml
RSS_00104,Flávio Bolsonaro diz que não há nada errado com filme sobre Jair — Senador defendeu recursos para longa-metragem sobre o pai; Flávio disse no X que esquerda tenta manipular a opinião pública,1,NOTICIA_REAL,noticias_reais,PODER360,titulo_resumo,ROTULO_ASSUMIDO,190,2026-05-17,https://www.poder360.com.br/poder-eleicoes/flavio-bolsonaro-diz-que-nao-ha-nada-errado-com-filme-sobre-jair/
RSS_00105,"Prêmio Amrigs abre inscrições para trabalhos sobre IA na medicina — Estão abertas as inscrições para o Prêmio Amrigs de Jornalismo 2026. A iniciativa reconhece trabalhos jornalísticos produzidos no Brasil sobre medicina . As reportagens devem tratar dos impactos da inteligência artificial na saúde , como prática médica, diagnóstico, relação com pacientes e organização dos serviços. Leia mais (05/15/2026 - 10h00)",1,NOTICIA_REAL,noticias_reais,FOLHA_PODER,titulo_resumo,ROTULO_ASSUMIDO,415,2026-05-15,https://redir.folha.com.br/redir/online/poder/rss091/*https://www1.folha.uol.com.br/blogs/novo-em-folha/2026/05/premio-amrigs-abre-inscricoes-para-trabalhos-sobre-ia-na-medicina.shtml
RSS_00106,"A nova pesquisa de intenção de voto em Minas Gerais, em meio à indefinição de Pacheco — O Real Time Big Data conduzirá 1.600 entrevistas, com margem de erro de dois pontos percentuais",1,NOTICIA_REAL,noticias_reais,CARTACAPITAL,titulo_resumo,ROTULO_ASSUMIDO,183,2026-05-16,https://www.cartacapital.com.br/cartaexpressa/a-nova-pesquisa-de-intencao-de-voto-em-minas-gerais-em-meio-a-indefinicao-de-pacheco/
GFC_NEG_00123,"Uma coisa é certa: se ninguém foi preso pelo roubo do INSS e não deram 24 horas para explicar até agora, é sinal de que não tem ninguém de direita envolvido",0,FALSO,google_factcheck,UOL_NOTÍCIAS,AFIRMACAO_CHECADA,ROTULO_FORTE,156,,https://noticias.uol.com.br/confere/ultimas-noticias/2025/06/27/houve-prisoes-por-fraude-no-inss-ao-contrario-do-que-diz-post.htm
GFC_NEG_00124,Fernando Haddad (PT) vai taxar a OnlyFans e os criadores brasileiros de conteúdo da plataforma,0,FALSO,google_factcheck,BOL_-_UOL,AFIRMACAO_CHECADA,ROTULO_FORTE,94,2023-04-22,https://www.bol.uol.com.br/noticias/2023/04/22/haddad-nao-taxara-only-fans-como-afirma-video-compartilhado-nas-redes.htm
GFC_NEG_00125,"""Varíola? Não. Chama-se Cobreiro/Heroes Zóster, e é uma conhecida 'reação adversa' da vacina de covid... Eles até tentaram usar uma foto de herpes zóster e chamá-la de varíola""",0,FALSO,google_factcheck,OBSERVADOR,AFIRMACAO_CHECADA,ROTULO_FORTE,176,2022-05-30,https://observador.pt/factchecks/fact-check-variola-dos-macacos-e-uma-reacao-adversa-as-vacinas-contra-a-covid-19/
RSS_00107,DC prepara retirada de Aldo Rebelo e quer lançar Joaquim Barbosa à Presidência — A avaliação da legenda é que Aldo não conseguiu se viabilizar eleitoralmente,1,NOTICIA_REAL,noticias_reais,CARTACAPITAL,titulo_resumo,ROTULO_ASSUMIDO,157,2026-05-16,https://www.cartacapital.com.br/cartaexpressa/dc-prepara-retirada-de-aldo-rebelo-e-quer-lancar-joaquim-barbosa-a-presidencia/
GFC_NEG_00126,Alexandre de Moraes visitou Marcola em presídio em Brasília em 2023,0,FALSO,google_factcheck,AOS_FATOS,AFIRMACAO_CHECADA,ROTULO_FORTE,67,2025-10-16,https://www.aosfatos.org/noticias/e-falso-que-moraes-visitou-marcola-em-presidio-em-2023/
RSS_00108,"Destino do dinheiro, orçamento do filme e histórico de Flávio e Vorcaro: 3 perguntas sem resposta — Mensagens reveladas nesta quarta-feira (13) expuseram cobranças de dinheiro feitas pelo senador Flávio Bolsonaro ( PL -RJ) ao ex-banqueiro Daniel Vorcaro e abalaram a pré-campanha do senador à Presidência. Leia mais (05/14/2026 - 12h50)",1,NOTICIA_REAL,noticias_reais,FOLHA_PODER,titulo_resumo,ROTULO_ASSUMIDO,336,2026-05-14,https://redir.folha.com.br/redir/online/poder/rss091/*https://www1.folha.uol.com.br/poder/2026/05/destino-do-dinheiro-orcamento-do-filme-e-historico-de-flavio-e-vorcaro-3-perguntas-sem-resposta.shtml
RSS_00109,"Alcolumbre e Múcio se encontram um dia após constrangimento em posse do TSE — Um dia após o clima de constrangimento instalado no TSE (Tribunal Superior Eleitoral) entre o presidente Lula ( PT ) e o presidente do Senado , Davi Alcolumbre (União-AP), o ministro da defesa, José Múcio, se reuniu por horas com o senador na Residência Oficial do Senado. Leia mais (05/14/2026 - 06h00)",1,NOTICIA_REAL,noticias_reais,FOLHA_PODER,titulo_resumo,ROTULO_ASSUMIDO,381,2026-05-14,https://redir.folha.com.br/redir/online/poder/rss091/*https://www1.folha.uol.com.br/colunas/painel/2026/05/alcolumbre-e-mucio-se-encontram-um-dia-apos-constrangimento-em-posse-do-tse.shtml
RSS_00110,Moraes vota para tornar policiais réus por obstruir caso Marielle — Ex-chefe da Polícia Civil do RJ e outros dois agentes são julgados no STF por desviar investigações e proteger milicianos,1,NOTICIA_REAL,noticias_reais,CORREIO_BRAZILIENSE,titulo_resumo,ROTULO_ASSUMIDO,189,2026-05-15,https://www.correiobraziliense.com.br/politica/2026/05/7420555-moraes-vota-para-tornar-policiais-reus-por-obstruir-caso-marielle.html
GFC_NEG_00127,Inquérito militar aponta que Lula foi responsável por destruir relógio de dom João 6º em 8/1,0,FALSO,google_factcheck,AOS_FATOS,AFIRMACAO_CHECADA,ROTULO_FORTE,92,2023-08-02,https://www.aosfatos.org/noticias/texto-satirico-lula-relogio-8-de-janeiro/
GFC_NEG_00128,Galeria mostra petistas infiltrados presos por participação no 8 de Janeiro,0,FALSO,google_factcheck,AOS_FATOS,AFIRMACAO_CHECADA,ROTULO_FORTE,75,2024-02-15,https://www.aosfatos.org/noticias/presos-el-salvador-infiltrados-8-de-janeiro/
GFC_NEG_00129,Só poderão utilizar o Pix aqueles que estiverem com impostos em dia,0,ENGANOSO,google_factcheck,ESTADÃO,AFIRMACAO_CHECADA,ROTULO_FORTE,67,,https://www.estadao.com.br/estadao-verifica/cancelamento-pix-pagamento-impostos-enganoso/
RSS_00111,"Fundo dos EUA, emendas e Banco Master; quem é quem no caso das conversas de Flávio e Vorcaro — A divulgação das conversas em que o senador Flávio Bolsonaro ( PL -RJ) pede dinheiro ao ex-banqueiro Daniel Vorcaro para financiar um filme sobre a vida do seu pai , o ex-presidente Jair Bolsonaro (PL), coloca sob suspeita a origem dos recursos para financiamento do projeto. Leia mais (05/15/2026 - 23h00)",1,NOTICIA_REAL,noticias_reais,FOLHA_PODER,titulo_resumo,ROTULO_ASSUMIDO,401,2026-05-15,https://redir.folha.com.br/redir/online/poder/rss091/*https://www1.folha.uol.com.br/poder/2026/05/fundo-dos-eua-emendas-e-banco-master-quem-e-quem-no-caso-das-conversas-de-flavio-e-vorcaro.shtml
GFC_NEG_00130,"Ministros do STF, parlamentares e desembargadores não precisam se vacinar contra a covid-19",0,ENGANOSO,google_factcheck,AFP_CHECAMOS,AFIRMACAO_CHECADA,ROTULO_FORTE,91,2022-01-27,https://checamos.afp.com/doc.afp.com.9XB48Y
RSS_00112,O próximo Datafolha para medir o impacto da negociação Flávio Bolsonaro-Daniel Vorcaro — A pesquisa divulgada neste sábado foi majoritariamente realizada antes da revelação do episódio,1,NOTICIA_REAL,noticias_reais,CARTACAPITAL,titulo_resumo,ROTULO_ASSUMIDO,184,2026-05-16,https://www.cartacapital.com.br/politica/o-proximo-datafolha-para-medir-o-impacto-da-negociacao-flavio-bolsonaro-daniel-vorcaro/
GFC_NEG_00131,Lula destinou 15 milhões de reais a empresas do Oriente Médio afetadas pela guerra e esse dinheiro sai do bolso do povo brasileiro,0,FALSO,google_factcheck,BOL_-_UOL,AFIRMACAO_CHECADA,ROTULO_FORTE,130,2026-04-10,https://www.bol.uol.com.br/noticias/2026/04/10/checagem-governo-lula-15-bilhoes-empresas-oriente-medio.amp.htm
RSS_00113,"Aliados de Flávio Bolsonaro criticam reação da pré-campanha à crise sobre pagamento de Vorcaro — Interlocutores do senador Flávio Bolsonaro ( PL -RJ) criticaram de forma reservada a resposta da pré-campanha à crise deflagrada pela reportagem do site Intercept Brasil que expôs o contato entre o presidenciável e o dono do Banco Master , Daniel Vorcaro , na negociação de R$ 134 milhões para bancar a produção do filme ""Dark Horse"", a respeito de Jair Bolsonaro (PL). Leia mais (05/14/2026 - 17h00)",1,NOTICIA_REAL,noticias_reais,FOLHA_PODER,titulo_resumo,ROTULO_ASSUMIDO,497,2026-05-14,https://redir.folha.com.br/redir/online/poder/rss091/*https://www1.folha.uol.com.br/poder/2026/05/aliados-de-flavio-bolsonaro-criticam-reacao-da-pre-campanha-a-crise-sobre-pagamento-de-vorcaro.shtml
GFC_NEG_00132,Jair Bolsonaro admitiu que Flávio Bolsonaro participou de esquema de “rachadinha” e desvio de R$ 54 milhões,0,FALSO,google_factcheck,AOS_FATOS,AFIRMACAO_CHECADA,ROTULO_FORTE,107,2024-07-19,https://www.aosfatos.org/noticias/bolsonaro-nao-admitiu-participacao-flavio-rachadinha/
GFC_NEG_00133,Fernando Haddad diz que estudou dois meses de economia,0,FALSO,google_factcheck,UOL_NOTÍCIAS,AFIRMACAO_CHECADA,ROTULO_FORTE,54,2022-12-12,https://noticias.uol.com.br/confere/ultimas-noticias/2022/12/12/haddad-economia-dois-meses-distorcido.htm
GFC_NEG_00134,Mil pessoas do MST invadiram uma fazenda do apresentador Ratinho.,0,FALSO,google_factcheck,ESTADÃO,AFIRMACAO_CHECADA,ROTULO_FORTE,65,,https://www.estadao.com.br/estadao-verifica/falso-mil-integrantes-mst-invadido-fazenda-ratinho/
RSS_00114,"Helio Lopes quer zerar imposto na importação de armas para militares — Texto beneficia militares da ativa e da reserva, além de policiais e guardas municipais na compra de armas importadas.",1,NOTICIA_REAL,noticias_reais,CONGRESSO_EM_FOCO,titulo_resumo,ROTULO_ASSUMIDO,189,2026-05-11,https://www.congressoemfoco.com.br/noticia/118755/helio-lopes-quer-zerar-imposto-na-importacao-de-armas-para-militares
GFC_NEG_00135,"Daniela Lima afirmou que no governo Lula pobre andaria de avião, mas agora Latam, Gol e Azul anunciaram aumento das passagens por causa do aumento do IOF.",0,ENGANOSO,google_factcheck,ESTADÃO,AFIRMACAO_CHECADA,ROTULO_FORTE,154,,https://www.estadao.com.br/estadao-verifica/daniela-lima-promessa-lula-aeroportos-pobre-aviao-enganoso/
GFC_VER_00010,PT publica foto com duplicações em ato em Salvador,1,GFC_VERDADEIRO,google_factcheck,UOL_NOTÍCIAS,AFIRMACAO_CHECADA,ROTULO_FORTE,50,2022-07-11,https://noticias.uol.com.br/confere/ultimas-noticias/2022/07/11/pt-admite-duplicacao-em-foto-de-ato-no-dois-de-julho-por-erro-tecnico.htm
GFC_NEG_00136,PF descobriu que Alexandre de Moraes recebeu dinheiro para condenar Jair Bolsonaro,0,FALSO,google_factcheck,ESTADÃO,AFIRMACAO_CHECADA,ROTULO_FORTE,82,,https://www.estadao.com.br/estadao-verifica/e-falso-que-pf-tenha-afirmado-que-moraes-prendeu-bolsonaro-por-dinheiro/
RSS_00115,Planalto diz que novo Desenrola e fim da 'taxa das blusinhas' ainda não foram mensurados em pesquisas — A avaliação do Palácio do Planalto é que a nova pesquisa Datafolha ainda não mensurou os reais impactos de anúncios feitos recentemente pelo governo Lula . Leia mais (05/16/2026 - 13h00),1,NOTICIA_REAL,noticias_reais,FOLHA_PODER,titulo_resumo,ROTULO_ASSUMIDO,290,2026-05-16,https://redir.folha.com.br/redir/online/poder/rss091/*https://www1.folha.uol.com.br/colunas/painel/2026/05/planalto-diz-que-novo-desenrola-e-fim-da-taxa-das-blusinhas-ainda-nao-foram-mensurados-em-pesquisas.shtml
GFC_NEG_00137,Beneficiários do Bolsa Família não podiam ter emprego,0,FALSO,google_factcheck,AOS_FATOS,AFIRMACAO_CHECADA,ROTULO_FORTE,53,2022-09-09,https://www.aosfatos.org/noticias/na-tv-presidenciaveis-desinformam-sobre-gas-de-cozinha-bolsa-familia-refinarias/
RSS_00116,"Ciro Gomes oficializa pré-candidatura ao governo do Ceará pelo PSDB — Ex-ministro focou discurso na segurança pública e combate às facções e recebeu apoio de aliados do PSDB, União Brasil e PL no Ceará.",1,NOTICIA_REAL,noticias_reais,CONGRESSO_EM_FOCO,titulo_resumo,ROTULO_ASSUMIDO,202,2026-05-16,https://www.congressoemfoco.com.br/noticia/118928/ciro-gomes-oficializa-pre-candidatura-ao-governo-do-ceara-pelo-psdb
RSS_00117,"José Dirceu mantém pré-candidatura a deputado após diagnóstico de linfoma — A 'principal batalha', afirmou o ex-ministro da Casa Civil, é reeleger o presidente Lula",1,NOTICIA_REAL,noticias_reais,CARTACAPITAL,titulo_resumo,ROTULO_ASSUMIDO,164,2026-05-16,https://www.cartacapital.com.br/cartaexpressa/jose-dirceu-mantem-pre-candidatura-a-deputado-apos-diagnostico-de-linfoma/
GFC_NEG_00138,Vocês acreditam que o marketing do PT clonou um evento em taperoá -PB dizendo que era um evento deles?,0,FALSO,google_factcheck,BOATOS.ORG,AFIRMACAO_CHECADA,ROTULO_FORTE,102,2022-08-31,https://www.boatos.org/politica/lula-usou-foto-missa-taperoa-pb-para-ilustrar-suposto-comicio.html
RSS_00118,"Reuters e Universidade de Durham abrem inscrições para bolsa em jornalismo investigativo — Estão abertas as inscrições para a Sir Harry Evans Global Fellowship , programa internacional de jornalismo investigativo promovido pela Universidade de Durham em parceria com a Reuters . A iniciativa oferece a jornalistas uma experiência de nove meses em uma Redação da agência, com mentoria de editores e acesso a recursos da universidade. Leia mais (05/14/2026 - 15h11)",1,NOTICIA_REAL,noticias_reais,FOLHA_PODER,titulo_resumo,ROTULO_ASSUMIDO,463,2026-05-14,https://redir.folha.com.br/redir/online/poder/rss091/*https://www1.folha.uol.com.br/blogs/novo-em-folha/2026/05/reuters-e-universidade-de-durham-abrem-inscricoes-para-bolsa-em-jornalismo-investigativo.shtml
GFC_NEG_00139,governo criou im posto pra quem movimenta R$ 5 mil por mês,0,FALSO,google_factcheck,DESCONHECIDA,AFIRMACAO_CHECADA,ROTULO_FORTE,58,,https://www.estadao.com.br/estadao-verifica/falso-movimentacao-acima-5-mil-pix-imposto-flavio-bolsonaro/
GFC_NEG_00140,STM decretou que eleições foram fraudadas; Bolsonaro segue presidente e Congresso e STF foram destituídos,0,FALSO,google_factcheck,AOS_FATOS,AFIRMACAO_CHECADA,ROTULO_FORTE,105,2022-12-05,https://www.aosfatos.org/noticias/falso-stm-decretou-bolsonaro-fique-na-presidencia/
GFC_NEG_00141,"José Dirceu cita ""manifestação do TSE"" que levaria a uma derrota eleitoral de Bolsonaro",0,FORA_DE_CONTEXTO,google_factcheck,UOL_NOTÍCIAS,AFIRMACAO_CHECADA,ROTULO_FORTE,87,2022-05-26,https://noticias.uol.com.br/confere/ultimas-noticias/2022/05/26/post-usa-fala-de-dirceu-sem-contexto-para-alegar-suposta-fraude-eleitoral.htm
RSS_00119,Cuba divulga manual de sobrevivência a ataques militares — Cartilha orienta cubanos a montar kits para emergências,1,NOTICIA_REAL,noticias_reais,PODER360,titulo_resumo,ROTULO_ASSUMIDO,114,2026-05-16,https://www.poder360.com.br/poder-internacional/cuba-divulga-manual-de-sobrevivencia-a-ataques-militares/
GFC_NEG_00142,Lula diz que não é fácil aturar o líder do PCC Marcola,0,FALSO,google_factcheck,AFP_CHECAMOS,AFIRMACAO_CHECADA,ROTULO_FORTE,54,2024-03-13,https://checamos.afp.com/doc.afp.com.34LH4EV
RSS_00120,"Lula ironiza Flávio Bolsonaro e diz que 'aqui não tem dinheiro do Vorcaro' — O presidente Lula (PT) ironizou nesta sexta-feira (14) o senador Flávio Bolsonaro (PL-RJ), pré-candidato à Presidência da República, ao participar de evento no interior de São Paulo , e voltou a defender a proibição do uso de inteligência artificial nas eleições deste ano. Leia mais (05/15/2026 - 13h33)",1,NOTICIA_REAL,noticias_reais,FOLHA_PODER,titulo_resumo,ROTULO_ASSUMIDO,381,2026-05-15,https://redir.folha.com.br/redir/online/poder/rss091/*https://www1.folha.uol.com.br/poder/2026/05/lula-ironiza-flavio-bolsonaro-e-diz-que-aqui-nao-tem-dinheiro-do-vorcaro.shtml
GFC_NEG_00143,Lula colocou sigilo eterno no cartão corportativo,0,FALSO,google_factcheck,ESTADÃO,AFIRMACAO_CHECADA,ROTULO_FORTE,49,,https://www.estadao.com.br/estadao-verifica/lula-cartao-corporativo-sigilo-eterno-pix-5-mil/
GFC_NEG_00144,Globo mostrou em 2019 que urnas eletrônicas podem ser hackeadas,0,ENGANOSO,google_factcheck,PROJETO_COMPROVA,AFIRMACAO_CHECADA,ROTULO_FORTE,63,2024-04-25,https://projetocomprova.com.br/publica%C3%A7%C3%B5es/influenciador-portugues-engana-ao-afirmar-que-globo-noticiou-sobre-urnas-eletronicas-brasileiras-hackeadas-nos-eua/
GFC_NEG_00145,Desceu a inflação. O pior é que o azeite e os tomates sobem.,0,ENGANOSO,google_factcheck,OBSERVADOR,AFIRMACAO_CHECADA,ROTULO_FORTE,60,2023-12-28,https://observador.pt/factchecks/fact-check-produtos-mais-caros-contrariam-a-ideia-de-que-inflacao-esta-a-baixar/
GFC_NEG_00146,O Tribunal Superior Eleitoral (TSE) publicou um vídeo em 2017 defendendo o voto impresso,0,FORA_DE_CONTEXTO,google_factcheck,AFP_CHECAMOS,AFIRMACAO_CHECADA,ROTULO_FORTE,88,2021-07-08,https://checamos.afp.com/doc.afp.com.9EE7U2
RSS_00121,"Prêmio ICL de Jornalismo abre inscrições com R$ 70 mil em premiação — Estão abertas, até 30 de outubro de 2026, as inscrições para o Prêmio ICL de Jornalismo , do ICL (Instituto Combustível Legal) . A iniciativa reconhece reportagens investigativas sobre os impactos do mercado irregular de combustíveis na vida da população, na arrecadação pública e nas empresas do setor. Leia mais (05/14/2026 - 19h00)",1,NOTICIA_REAL,noticias_reais,FOLHA_PODER,titulo_resumo,ROTULO_ASSUMIDO,404,2026-05-14,https://redir.folha.com.br/redir/online/poder/rss091/*https://www1.folha.uol.com.br/blogs/novo-em-folha/2026/05/premio-icl-de-jornalismo-abre-inscricoes-com-r-70-mil-em-premiacao.shtml
RSS_00122,"Após diagnóstico de linfoma, José Dirceu mantém pré-candidatura — Ex-ministro da Casa Civil iniciou quimioterapia em São Paulo e afirmou que seguirá na disputa por vaga na Câmara.",1,NOTICIA_REAL,noticias_reais,CONGRESSO_EM_FOCO,titulo_resumo,ROTULO_ASSUMIDO,179,2026-05-16,https://www.congressoemfoco.com.br/noticia/118929/apos-diagnostico-de-linfoma-jose-dirceu-mantem-pre-candidatura
RSS_00123,"Fundo nos EUA do caso 'Dark Horse' é controlado por aliados de Eduardo Bolsonaro — O fundo Havengate Development Fund, usado no financiamento do filme "" Dark Horse "" (""azarão"", em inglês) e que teria recebido parte dos R$ 61 milhões pagos pelo Banco Master , é administrado por Paulo Calixto, advogado ligado ao ex-deputado Eduardo Bolsonaro . Leia mais (05/15/2026 - 23h00)",1,NOTICIA_REAL,noticias_reais,FOLHA_PODER,titulo_resumo,ROTULO_ASSUMIDO,374,2026-05-15,https://redir.folha.com.br/redir/online/poder/rss091/*https://www1.folha.uol.com.br/poder/2026/05/fundo-nos-eua-do-caso-dark-horse-e-controlado-por-aliados-de-eduardo-bolsonaro.shtml
RSS_00124,Projeto amplia afastamento por luto e acompanhamento médico de filhos — Medida apresentada na Câmara amplia reconhecimento de relações familiares na legislação trabalhista.,1,NOTICIA_REAL,noticias_reais,CONGRESSO_EM_FOCO,titulo_resumo,ROTULO_ASSUMIDO,172,2026-05-15,https://www.congressoemfoco.com.br/noticia/118918/projeto-amplia-afastamento-por-luto-e-acompanhamento-medico-de-filhos
RSS_00125,"Eduardo Bolsonaro nega que tenha usado dinheiro do Master para se bancar nos EUA — O ex-deputado federal Eduardo Bolsonaro ( PL ) negou que tenha recebido dinheiro do empresário Daniel Vorcaro para se manter nos Estados Unidos. O ex-parlamentar reagiu em resposta à reportagem da Folha , que mostrou que a Polícia Federal suspeita que recursos de Vorcaro tenham custeado sua permanência fora do Brasil. Leia mais (05/14/2026 - 23h03)",1,NOTICIA_REAL,noticias_reais,FOLHA_PODER,titulo_resumo,ROTULO_ASSUMIDO,433,2026-05-14,https://redir.folha.com.br/redir/online/poder/rss091/*https://www1.folha.uol.com.br/poder/2026/05/eduardo-bolsonaro-nega-que-tenha-usado-dinheiro-do-master-para-se-bancar-nos-eua.shtml
RSS_00126,"Fachin vota com Mendonça e empata julgamento sobre monitoramento de jornalistas e parlamentares — Ainda faltam votar os ministros Luiz Fux, Nunes Marques e Gilmar Mendes. O julgamento ocorre no plenário virtual e deve terminar nesta sexta-feira",1,NOTICIA_REAL,noticias_reais,CARTACAPITAL,titulo_resumo,ROTULO_ASSUMIDO,244,2026-05-15,https://www.cartacapital.com.br/justica/fachin-vota-com-mendonca-e-empata-julgamento-sobre-monitoramento-de-jornalistas-e-parlamentares/
GFC_NEG_00147,Conta de Alexandre de Moraes foi suspensa no X após briga com Musk,0,FALSO,google_factcheck,UOL_NOTÍCIAS,AFIRMACAO_CHECADA,ROTULO_FORTE,66,,https://noticias.uol.com.br/confere/ultimas-noticias/2024/04/10/conta-de-moraes-nao-foi-suspensa-no-x-perfil-segue-no-ar.htm
RSS_00127,"Sanção absurda de Trump não vai ver ""os fogos de réveillon"" de 2026 — Economista fala sobre a fama viral ""Trump sempre amarela"" e aposta que sanção não dura",1,NOTICIA_REAL,noticias_reais,METROPOLES,titulo_resumo,ROTULO_ASSUMIDO,156,2025-07-11,https://www.metropoles.com/blog-do-noblat/sancao-absurda-de-trump-nao-vai-ver-os-fogos-de-reveillon-de-2026
GFC_NEG_00148,Gilmar Mendes diz que o sistema eletrônico de votação tem falhas e que mesários podem votar pelos eleitores,0,ENGANOSO,google_factcheck,AOS_FATOS,AFIRMACAO_CHECADA,ROTULO_FORTE,107,2023-07-14,https://www.aosfatos.org/noticias/video-gilmar-mendes-mesario-pianista/
RSS_00128,"Nova regra de Fachin sobre distribuição de processos no STF acirra atrito interno na corte — As novas regras do STF (Supremo Tribunal Federal) para distribuição de processos judiciais determinadas nesta semana pelo presidente da corte, ministro Edson Fachin , acirraram o atrito entre magistrados e são o capítulo mais recente da divisão interna do tribunal. Leia mais (05/14/2026 - 19h35)",1,NOTICIA_REAL,noticias_reais,FOLHA_PODER,titulo_resumo,ROTULO_ASSUMIDO,389,2026-05-14,https://redir.folha.com.br/redir/online/poder/rss091/*https://www1.folha.uol.com.br/poder/2026/05/nova-regra-de-fachin-sobre-distribuicao-de-processos-no-stf-acirra-atrito-interno-na-corte.shtml
GFC_NEG_00149,Manifestação em Salvador em 14 de dezembro de 2025,0,ENGANOSO,google_factcheck,AFP_CHECAMOS,AFIRMACAO_CHECADA,ROTULO_FORTE,50,2025-12-16,https://checamos.afp.com/doc.afp.com.88CW763
GFC_NEG_00150,Vendas da Ypê dispararam depois de foto de Flávio Bolsonaro com detergentes da marca,0,FALSO,google_factcheck,ESTADÃO,AFIRMACAO_CHECADA,ROTULO_FORTE,84,,https://www.estadao.com.br/estadao-verifica/foto-de-flavio-bolsonaro-com-detergentes-ype-foi-gerada-artificialmente/
RSS_00129,"Vereadora pede à Justiça Eleitoral inelegibilidade de mulher de Nunes — A vereadora Amanda Paschoal (PSOL) pediu nesta sexta-feira (15), em representação apresentada à Procuradoria Regional Eleitoral de São Paulo, que a primeira-dama da capital, Regina Nunes (MDB) , pré-candidata a deputada estadual, tenha seu eventual registro de candidatura cassado e fique inelegível por oito anos. Leia mais (05/15/2026 - 16h34)",1,NOTICIA_REAL,noticias_reais,FOLHA_PODER,titulo_resumo,ROTULO_ASSUMIDO,417,2026-05-15,https://redir.folha.com.br/redir/online/poder/rss091/*https://www1.folha.uol.com.br/colunas/painel/2026/05/vereadora-pede-a-justica-eleitoral-inelegibilidade-de-mulher-de-nunes.shtml
RSS_00130,"Prerrogativas fala em possível financiamento político clandestino e aciona PGR e PF — O grupo Prerrogativas, alinhado ao presidente Lula (PT), acionou a PGR (Procuradoria Geral da República) e a PF ( Polícia Federal ) pedindo abertura de investigação para rastrear o dinheiro arrecadado para financiar o filme que conta a história de Jair Bolsonaro . Leia mais (05/15/2026 - 14h00)",1,NOTICIA_REAL,noticias_reais,FOLHA_PODER,titulo_resumo,ROTULO_ASSUMIDO,381,2026-05-15,https://redir.folha.com.br/redir/online/poder/rss091/*https://www1.folha.uol.com.br/colunas/painel/2026/05/prerrogativas-fala-em-possivel-financiamento-politico-clandestino-e-aciona-pgr-e-pf.shtml
RSS_00131,"Desembargador do RJ foi 'cooptado' por esquema de fraudes da Refit, diz PF — A origem do suposto engajamento do magistrado com o caso Refit, segundo a PF, foi a publicação da Lei Complementar 225/2025",1,NOTICIA_REAL,noticias_reais,CORREIO_BRAZILIENSE,titulo_resumo,ROTULO_ASSUMIDO,200,2026-05-16,https://www.correiobraziliense.com.br/politica/2026/05/7421034-desembargador-ajudou-a-desinterditar-complexo.html
RSS_00132,"PGR denuncia Zema sob acusação de calúnia contra Gilmar Mendes — A PGR (Procuradoria-Geral da República) denunciou o ex-governador de Minas Gerais Romeu Zema (Novo), pré-candidato à Presidência da República, sob a acusação de calúnia no caso da série de vídeos contra o ministro do STF (Supremo Tribunal Federal) Gilmar Mendes . Leia mais (05/15/2026 - 19h37)",1,NOTICIA_REAL,noticias_reais,FOLHA_PODER,titulo_resumo,ROTULO_ASSUMIDO,359,2026-05-15,https://redir.folha.com.br/redir/online/poder/rss091/*https://www1.folha.uol.com.br/poder/2026/05/pgr-denuncia-zema-sob-acusacao-de-calunia-contra-gilmar-mendes.shtml
RSS_00133,Aliados de Flávio temem contágio e defendem Cláudio Castro fora da disputa ao Senado pelo Rio,1,NOTICIA_REAL,noticias_reais,FOLHA_PODER,titulo,ROTULO_ASSUMIDO,93,2026-05-15,https://redir.folha.com.br/redir/online/poder/rss091/*https://www1.folha.uol.com.br/poder/2026/05/aliados-de-flavio-temem-contagio-e-defendem-claudio-castro-fora-da-disputa-ao-senado-pelo-rio.shtml
RSS_00134,Protestos na Bolívia cercam La Paz e pedem saída de presidente — Manifestações começaram contra lei de terras e se ampliaram pelo país; Argentina enviou avião com 12 toneladas de alimentos,1,NOTICIA_REAL,noticias_reais,PODER360,titulo_resumo,ROTULO_ASSUMIDO,188,2026-05-16,https://www.poder360.com.br/poder-internacional/bloqueios-bolivia-pedem-renuncia-rodrigo-paz/
RSS_00135,"Datafolha: Lula vai melhor no 2º turno entre os católicos; Flávio, entre os evangélicos — No geral, há empate. A maioria das entrevistas, porém, ocorreu antes da revelação de conversas entre Flávio e o banqueiro Daniel Vorcaro",1,NOTICIA_REAL,noticias_reais,CARTACAPITAL,titulo_resumo,ROTULO_ASSUMIDO,226,2026-05-16,https://www.cartacapital.com.br/cartaexpressa/datafolha-lula-vai-melhor-no-2o-turno-entre-os-catolicos-flavio-entre-os-evangelicos/
RSS_00136,"Negacionismo fez brasileiros ‘perderem’ 3,4 anos de vida na pandemia — O dado faz parte do Estudo Carga Global de Doenças, publicado neste mês",1,NOTICIA_REAL,noticias_reais,CARTACAPITAL,titulo_resumo,ROTULO_ASSUMIDO,142,2026-05-16,https://www.cartacapital.com.br/saude/negacionismo-fez-brasileiros-perderem-34-anos-de-vida-na-pandemia/
RSS_00137,"Rede expulsa dirigente da ala de Marina Silva, que fala em perseguição política — A cúpula da Rede Sustentabilidade expulsou uma das copresidentes do partido, Iaraci Dias, que é do grupo político de Marina Silva (Rede-SP). A legenda é comandada pela ala da deputada federal Heloísa Helena (RJ), que vive um embate com a ex-ministra do Meio Ambiente. Leia mais (05/15/2026 - 20h06)",1,NOTICIA_REAL,noticias_reais,FOLHA_PODER,titulo_resumo,ROTULO_ASSUMIDO,380,2026-05-15,https://redir.folha.com.br/redir/online/poder/rss091/*https://www1.folha.uol.com.br/colunas/painel/2026/05/rede-expulsa-dirigente-da-ala-de-marina-silva-que-fala-em-perseguicao-politica.shtml
RSS_00138,"PF troca chefia de caso que envolve INSS e Lulinha; Mendonça e oposição cobram explicações — A Polícia Federal trocou a coordenação dos inquéritos da Operação Sem Desconto , que apura um esquema de fraudes envolvendo o INSS e motivou a quebra de sigilo de Fábio Luís Lula da Silva, o Lulinha , filho do presidente Lula (PT). Leia mais (05/15/2026 - 15h29)",1,NOTICIA_REAL,noticias_reais,FOLHA_PODER,titulo_resumo,ROTULO_ASSUMIDO,355,2026-05-15,https://redir.folha.com.br/redir/online/poder/rss091/*https://www1.folha.uol.com.br/poder/2026/05/pf-troca-chefia-de-caso-que-envolve-inss-e-lulinha-mendonca-e-oposicao-cobram-explicacoes.shtml
GFC_NEG_00151,"""Primeiro-ministro holandês confirma que houve fraude eleitoral no Brasil""",0,FALSO,google_factcheck,OBSERVADOR,AFIRMACAO_CHECADA,ROTULO_FORTE,74,2022-12-15,https://observador.pt/factchecks/fact-check-primeiro-ministro-holandes-reconheceu-que-houve-fraude-eleitoral-nas-presidenciais-do-brasil/
GFC_NEG_00152,Ausência confirmada! Lula não irá à posse de Donald Trump porque não foi convidado,0,ENGANOSO,google_factcheck,ESTADÃO,AFIRMACAO_CHECADA,ROTULO_FORTE,82,,https://www.estadao.com.br/estadao-verifica/lula-trump-posse-presidencial-eua-enganoso/
RSS_00139,Entenda como funcionaria Maria da Penha Digital proposta por Sâmia — Texto estabelece um marco jurídico para combater violência de gênero praticada em ambientes digitais.,1,NOTICIA_REAL,noticias_reais,CONGRESSO_EM_FOCO,titulo_resumo,ROTULO_ASSUMIDO,170,2026-05-11,https://www.congressoemfoco.com.br/noticia/118756/entenda-como-funcionaria-maria-da-penha-digital-proposta-por-samia
RSS_00140,"Em sinalização ao multilateralismo, ministro da Fazenda é convidado e fará discurso em reunião do G7 — O ministro da Fazenda Dario Durigan foi convidado pela França para fazer o principal discurso de uma das sessões da reunião de ministros de Finanças do G7 , o grupo dos países mais industrializados do mundo. Leia mais (05/16/2026 - 23h00)",1,NOTICIA_REAL,noticias_reais,FOLHA_PODER,titulo_resumo,ROTULO_ASSUMIDO,341,2026-05-16,https://redir.folha.com.br/redir/online/poder/rss091/*https://www1.folha.uol.com.br/colunas/painel/2026/05/em-sinalizacao-ao-multilateralismo-ministro-da-fazenda-e-convidado-e-fara-discurso-em-reuniao-do-g7.shtml
RSS_00141,"Lula critica uso de IA nas eleições; entenda o que o TSE já decidiu — Resoluções sobre o tema foram publicadas neste ano pelo Tribunal Superior Eleitoral. O presidente Lula conversou sobre IA nas eleições com novo presidente do TSE, Kassio Nunes Marques",1,NOTICIA_REAL,noticias_reais,CORREIO_BRAZILIENSE,titulo_resumo,ROTULO_ASSUMIDO,253,2026-05-15,https://www.correiobraziliense.com.br/politica/2026/05/7420874-lula-critica-uso-de-ia-nas-eleicoes-entenda-o-que-o-tse-ja-decidiu.html
RSS_00142,"‘Não tem que justificar nada’, diz Flávio sobre pedido de dinheiro a Vorcaro — Senador e pré-candidato à Presidência foi vaiado durante agenda na sede da Polícia Militar do Rio de Janeiro",1,NOTICIA_REAL,noticias_reais,VEJA_POLITICA,titulo_resumo,ROTULO_ASSUMIDO,187,2026-05-15,https://veja.abril.com.br/politica/nao-tem-que-justificar-nada-diz-flavio-sobre-pedido-de-dinheiro-a-vorcaro/
RSS_00143,"DC oficializa nome de Joaquim Barbosa como presidenciável e consolida racha no partido — Mesmo em meio à insatisfação de parte da legenda, o Democracia Cristã (DC) oficializou o nome do ex-ministro do STF (Supremo Tribunal Federal), Joaquim Barbosa, como pré-candidato à Presidência da República. Com isso, consolidou o racha no partido. Leia mais (05/16/2026 - 21h10)",1,NOTICIA_REAL,noticias_reais,FOLHA_PODER,titulo_resumo,ROTULO_ASSUMIDO,368,2026-05-16,https://redir.folha.com.br/redir/online/poder/rss091/*https://www1.folha.uol.com.br/colunas/painel/2026/05/dc-oficializa-nome-de-joaquim-barbosa-como-presidenciavel-e-consolida-racha-no-partido.shtml
GFC_NEG_00153,Homem que morreu no voo com ministros de Lula tinha 96 cápsulas de cocaína no estômago,0,FORA_DE_CONTEXTO,google_factcheck,ESTADÃO,AFIRMACAO_CHECADA,ROTULO_FORTE,86,,https://www.estadao.com.br/estadao-verifica/homem-morreu-aviao-ministros-lula-96-capsulas-cocaina-estomago/
RSS_00144,"Flávio Bolsonaro diz que tentaram enterrá-lo vivo e associa Lula ao diabo — O senador Flávio Bolsonaro ( PL ) afirmou neste sábado (12) que os adversários o subestimam, reafirmou sua pré-candidatura à Presidência da República e falou que a a eleição de outubro será uma disputa de Deus contra o diabo. Leia mais (05/16/2026 - 12h52)",1,NOTICIA_REAL,noticias_reais,FOLHA_PODER,titulo_resumo,ROTULO_ASSUMIDO,332,2026-05-16,https://redir.folha.com.br/redir/online/poder/rss091/*https://www1.folha.uol.com.br/poder/2026/05/flavio-bolsonaro-diz-que-tentaram-enterra-lo-vivo-e-compara-lula-ao-diabo.shtml
GFC_NEG_00154,Receita Federal do Brasil Comunicado importante! Identificamos divergências no seu IRPF (Imposto de Renda Pessoa Física).,0,FALSO,google_factcheck,BOATOS.ORG,AFIRMACAO_CHECADA,ROTULO_FORTE,121,2023-05-25,https://www.boatos.org/tecnologia/receita-federal-envia-e-mail-sobre-divergencias-no-imposto-de-renda.html
GFC_NEG_00155,"""CEO da Moderna admitiu que farmacêutica produziu 100 mil doses da vacinaa contra a Covid-19 um ano antes de ser decretada a pandemia.""",0,FALSO,google_factcheck,OBSERVADOR,AFIRMACAO_CHECADA,ROTULO_FORTE,135,2023-03-21,https://observador.pt/factchecks/fact-check-ceo-da-moderna-disse-que-antes-da-pandemia-ja-estava-a-produzir-100-mil-doses-contra-a-covid/
GFC_NEG_00156,Estudo mostra que aedes aegypti modificado geneticamente pode ter piorado epidemia de dengue,0,ENGANOSO,google_factcheck,ESTADÃO,AFIRMACAO_CHECADA,ROTULO_FORTE,92,,https://www.estadao.com.br/estadao-verifica/entenda-mosquito-dengue-geneticamente-modificado/
GFC_VER_00011,Nikolas associa pretos e pardos a bandidos,1,GFC_VERDADEIRO,google_factcheck,UOL_NOTÍCIAS,AFIRMACAO_CHECADA,ROTULO_FORTE,42,,https://noticias.uol.com.br/confere/ultimas-noticias/2026/04/04/nikolas-sobre-associacao-entre-negros-e-criminosos-estereotipos-existem.ghtm
GFC_NEG_00157,"Lula disse que pobres e negros não têm que aprender, têm que trabalhar",0,FORA_DE_CONTEXTO,google_factcheck,ESTADÃO,AFIRMACAO_CHECADA,ROTULO_FORTE,70,,https://www.estadao.com.br/estadao-verifica/lula-negros-pobres-nao-devem-estudar/
GFC_NEG_00158,"Homem ao lado de Lula no Complexo do Alemão, RJ, foi preso em SP após ataque a Tarcísio de Freitas",0,FALSO,google_factcheck,AFP_CHECAMOS,AFIRMACAO_CHECADA,ROTULO_FORTE,98,2022-10-21,https://checamos.afp.com/doc.afp.com.32LV49E
GFC_NEG_00159,Foto mostra Jorge Messias chorando após indicação rejeitada ao STF,0,FALSO,google_factcheck,DESCONHECIDA,AFIRMACAO_CHECADA,ROTULO_FORTE,66,2026-04-30,https://checamos.afp.com/doc.afp.com.A9HW6G3
RSS_00145,"'Não tenho que justificar nada para ninguém', diz Flávio Bolsonaro sobre conversas com Vorcaro — O senador Flávio Bolsonaro ( PL -RJ) afirmou que não tinha obrigação de avisar antecipadamente seus aliados sobre sua relação com o banqueiro Daniel Vorcaro e a cobrança por valores destinados, segundo ele, ao filme sobre o ex-presidente Jair Bolsonaro (PL) . Leia mais (05/15/2026 - 12h07)",1,NOTICIA_REAL,noticias_reais,FOLHA_PODER,titulo_resumo,ROTULO_ASSUMIDO,387,2026-05-15,https://redir.folha.com.br/redir/online/poder/rss091/*https://www1.folha.uol.com.br/poder/2026/05/nao-tenho-que-justificar-nada-para-ninguem-diz-flavio-bolsonaro-sobre-conversas-com-vorcaro.shtml
GFC_NEG_00160,BOLSA FAMÍLIA. FAMÍLIAS PASSAM DIFICULDADES APÓS PERDER BENEFÍCIO. 06/SETEMBRO,0,ENGANOSO,google_factcheck,UOL_NOTÍCIAS,AFIRMACAO_CHECADA,ROTULO_FORTE,78,,https://noticias.uol.com.br/confere/ultimas-noticias/2023/09/18/posts-distorcem-video-de-2021-para-relaciona-lo-com-cortes-no-bolsa-familia.htm
RSS_00146,"Elo de Flávio com Vorcaro gera apreensão de bolsonaristas, e aliados de Lula apostam na PF — A revelação de que o senador Flávio Bolsonaro ( PL -RJ), pré-candidato à Presidência, pediu dinheiro para o ex-banqueiro Daniel Vorcaro , então dono do Banco Master , para fazer um filme sobre seu pai, o ex-presidente Jair Bolsonaro (PL), pegou bolsonaristas de surpresa e causou apreensão sobre as consequências políticas do caso. Leia mais (05/13/2026 - 20h37)",1,NOTICIA_REAL,noticias_reais,FOLHA_PODER,titulo_resumo,ROTULO_ASSUMIDO,455,2026-05-13,https://redir.folha.com.br/redir/online/poder/rss091/*https://www1.folha.uol.com.br/poder/2026/05/elo-de-flavio-com-vorcaro-gera-apreensao-de-bolsonaristas-e-aliados-de-lula-apostam-na-pf.shtml
RSS_00147,"PGR denuncia Romeu Zema ao STJ por calúnia contra Gilmar Mendes — Segundo a PGR, vídeos publicados por Zema atribuíram falsamente crime de corrupção passiva ao ministro do STF",1,NOTICIA_REAL,noticias_reais,CORREIO_BRAZILIENSE,titulo_resumo,ROTULO_ASSUMIDO,175,2026-05-15,https://www.correiobraziliense.com.br/politica/2026/05/7420983-pgr-denuncia-romeu-zema-ao-stj-por-calunia-contra-gilmar-mendes.html
GFC_NEG_00161,"O Fed, o Federal Reserve, o banco central americano está começando nessa semana de 3 de abril uma mudança histórica na condução da economia dos Estados Unidos. A partir de agora e progressivamente, as cédulas de papel que todos nós conhecemos não serão mais aceitas em transações de cash, ou seja, pagamento à vista ou para qualquer outro tipo de transação. Elas deverão sair de circulação para dar lugar às transações digitais. Não vai haver mais dinheiro de papel circulando em território americano e isso já está causando muita polêmica e medo, já que a sociedade está acostumada com o uso das notas. Nem mesmo nos bancos, nas contas individuais, vai haver mais dinheiro de papel""",0,FALSO,google_factcheck,UOL_NOTÍCIAS,AFIRMACAO_CHECADA,ROTULO_FORTE,683,2023-04-13,https://noticias.uol.com.br/confere/ultimas-noticias/2023/04/13/estados-unidos-nao-vao-acabar-com-cedulas-de-dolar.htm
RSS_00148,"O impasse sobre a extradição de chileno condenado por estelionato, após aval do STF — Relator do caso, Alexandre de Moraes negou afrouxar a prisão enquanto ocorrem os trâmites diplomáticos",1,NOTICIA_REAL,noticias_reais,CARTACAPITAL,titulo_resumo,ROTULO_ASSUMIDO,188,2026-05-16,https://www.cartacapital.com.br/justica/o-impasse-sobre-a-extradicao-de-chileno-condenado-por-estelionato-apos-aval-do-stf/
RSS_00149,"Entidades da sociedade civil discutem código de conduta dos tribunais com Fachin — Nove entidades da sociedade civil se reúnem na próxima quarta-feira (20) com o presidente do STF (Supremo Tribunal Federal), ministro Edson Fachin , para tratar do código de conduta para ministros de tribunais superiores. Leia mais (05/14/2026 - 17h30)",1,NOTICIA_REAL,noticias_reais,FOLHA_PODER,titulo_resumo,ROTULO_ASSUMIDO,335,2026-05-14,https://redir.folha.com.br/redir/online/poder/rss091/*https://www1.folha.uol.com.br/colunas/painel/2026/05/entidades-da-sociedade-civil-discutem-codigo-de-conduta-dos-tribunais-com-fachin.shtml
GFC_NEG_00162,Alexandre de Moraes e Viviane Barci de Moraes comemoram compra de imóvel e contrato com Banco Master brindando com champanhe,0,FALSO,google_factcheck,AOS_FATOS,AFIRMACAO_CHECADA,ROTULO_FORTE,124,2025-12-17,https://www.aosfatos.org/noticias/foi-gerado-por-ia-video-moraes-esposa-comemoram-contrato-banco-master-compra-de-imovel/
RSS_00150,"Indique um juiz antiativista, Lula — Toffoli, Zanin, Dino. A fila de indicações baseadas na expectativa de lealdade pessoal parou em Messias. Depois da derrota merecida, Lula examina duas opções equivocadas. Há, porém, uma terceira, que serviria ao STF e ao Brasil. Leia mais (05/15/2026 - 13h30)",1,NOTICIA_REAL,noticias_reais,FOLHA_PODER,titulo_resumo,ROTULO_ASSUMIDO,296,2026-05-15,https://redir.folha.com.br/redir/online/poder/rss091/*https://www1.folha.uol.com.br/colunas/demetriomagnoli/2026/05/indique-um-juiz-antiativista-lula.shtml
RSS_00151,"Cotada para vice, Simone Marquetto (PP-SP) se encontra com Flávio Bolsonaro — Ligada ao Frei Gilson e a outras lideranças religiosas, a deputada se consolidou como uma das principais representantes da Igreja Católica no Congresso",1,NOTICIA_REAL,noticias_reais,CORREIO_BRAZILIENSE,titulo_resumo,ROTULO_ASSUMIDO,229,2026-05-16,https://www.correiobraziliense.com.br/politica/2026/05/7421375-cotada-para-vice-simone-marquetto-pp-sp-se-encontra-com-flavio-bolsonaro.html
GFC_NEG_00163,Gleisi Hoffmann previu derrota do PT em áudio gravado após primeiro debate de 2022,0,FALSO,google_factcheck,AFP_CHECAMOS,AFIRMACAO_CHECADA,ROTULO_FORTE,82,2022-09-10,https://checamos.afp.com/doc.afp.com.32J34VY
RSS_00152,"Eduardo assinou contrato com diretor de filme sobre Bolsonaro, mas diz que planos mudaram — O ex-deputado Eduardo Bolsonaro ( PL -SP) atuou como produtor-executivo do filme sobre a vida do ex-presidente Jair Bolsonaro (PL) e assinou um contrato com poderes sobre a gestão financeira do projeto, de acordo com o site The Intercept Brasil . Leia mais (05/15/2026 - 16h43)",1,NOTICIA_REAL,noticias_reais,FOLHA_PODER,titulo_resumo,ROTULO_ASSUMIDO,369,2026-05-15,https://redir.folha.com.br/redir/online/poder/rss091/*https://www1.folha.uol.com.br/poder/2026/05/eduardo-assinou-contrato-como-produtor-executivo-de-filme-sobre-bolsonaro-diz-site.shtml
GFC_NEG_00164,"Vaza áudio de Flávio Dino afirmando que os objetivos do governo são arruinar a economia, aumentar o desemprego etc",0,FALSO,google_factcheck,AFP_CHECAMOS,AFIRMACAO_CHECADA,ROTULO_FORTE,114,2023-12-14,https://checamos.afp.com/doc.afp.com.347U68F
RSS_00153,"Confira a íntegra da decisão de Moraes sobre prisão de Jair Bolsonaro — Decisão do ministro do STF foi motivada por participação de Bolsonaro, por videochamada, em ato no Rio de Janeiro, nesse domingo (3/8)",1,NOTICIA_REAL,noticias_reais,METROPOLES,titulo_resumo,ROTULO_ASSUMIDO,206,2025-08-04,https://www.metropoles.com/brasil/confira-a-integra-da-decisao-de-moraes-sobre-prisao-de-jair-bolsonaro
GFC_NEG_00165,Vídeo mostra manifestação contra anistia em 21 de setembro de 2025,0,FALSO,google_factcheck,DESCONHECIDA,AFIRMACAO_CHECADA,ROTULO_FORTE,66,2025-09-22,https://www.aosfatos.org/noticias/posts-compartilham-video-de-ia-como-se-fosse-registro-real-de-ato-na-paulista/
RSS_00154,"As intenções de voto de Lula e Flávio Bolsonaro no 2º turno, em novo Datafolha — A maioria das entrevistas ocorreu antes da revelação das conversas entre Flávio Bolsonaro e o banqueiro Daniel Vorcaro",1,NOTICIA_REAL,noticias_reais,CARTACAPITAL,titulo_resumo,ROTULO_ASSUMIDO,199,2026-05-16,https://www.cartacapital.com.br/politica/as-intencoes-de-voto-de-lula-e-flavio-bolsonaro-no-2o-turno-em-novo-datafolha-2/
GFC_NEG_00166,Votos de eleitores mortos de Camaçari foram computador para Lula no 2º turno das eleições de 2022,0,FALSO,google_factcheck,ESTADÃO,AFIRMACAO_CHECADA,ROTULO_FORTE,97,,https://www.estadao.com.br/estadao-verifica/e-falso-que-eleitores-mortos-votaram-em-lula-nas-eleicoes-de-2022/
GFC_NEG_00167,Quatro presos políticos já foram a óbito,0,FORA_DE_CONTEXTO,google_factcheck,ESTADÃO,AFIRMACAO_CHECADA,ROTULO_FORTE,40,,https://www.estadao.com.br/estadao-verifica/presos-no-8-de-janeiro-citados-em-postagem-morreram-enquanto-estavam-em-liberdade-condicional/
GFC_NEG_00168,Governo federal ficará com o valor de 40% do FGTS da multa rescisória do trabalhador em caso de demissão sem justa causa,0,ENGANOSO,google_factcheck,ESTADÃO,AFIRMACAO_CHECADA,ROTULO_FORTE,120,,https://www.estadao.com.br/estadao-verifica/confisco-multa-fgts-seguro-desemprego-enganoso/
RSS_00155,"Áudio de Flávio com Vorcaro irrita pastores, e ala defende migrar apoio para Caiado — A revelação de que o senador Flávio Bolsonaro (PL-RJ) pediu uma quantia milionária a Daniel Vorcaro para financiar um filme sobre o pai caiu como um balde de água fria entre lideranças evangélicas que, nos bastidores, já vinham demonstrando entusiasmo limitado com sua pré-candidatura à Presidência. Leia mais (05/14/2026 - 12h52)",1,NOTICIA_REAL,noticias_reais,FOLHA_PODER,titulo_resumo,ROTULO_ASSUMIDO,416,2026-05-14,https://redir.folha.com.br/redir/online/poder/rss091/*https://www1.folha.uol.com.br/poder/2026/05/audio-de-flavio-com-vorcaro-irrita-pastores-e-ala-defende-migrar-apoio-para-caiado.shtml
GFC_NEG_00169,Lula anunciou redução no salário mínimo em 2025,0,FALSO,google_factcheck,ESTADÃO,AFIRMACAO_CHECADA,ROTULO_FORTE,47,,https://www.estadao.com.br/estadao-verifica/reducao-salario-minimo-2025-falso/
GFC_NEG_00170,Randolfe mentiu sobre vacinação contra covid,0,FALSO,google_factcheck,BOL_-_UOL,AFIRMACAO_CHECADA,ROTULO_FORTE,44,2023-06-07,https://www.bol.uol.com.br/noticias/2023/06/07/fotos-de-randolfe-apos-aplicacao-de-vacinas-nao-provam-farsa-da-vacinacao.htm
GFC_NEG_00171,Cenas mostram protestos contra a prisão de Jair Bolsonaro (PL) no dia 22 de novembro de 2025,0,FALSO,google_factcheck,AOS_FATOS,AFIRMACAO_CHECADA,ROTULO_FORTE,92,2025-11-24,https://www.aosfatos.org/noticias/e-falso-que-videos-mostram-protestos-recentes-contra-prisao-de-bolsonaro/
GFC_NEG_00172,"Bolsonaro na Expointer 2024. RBS informou? Não. Bolsonaro na Expointer 2024 que terminou ontem, 01/09.",0,FALSO,google_factcheck,BOATOS.ORG,AFIRMACAO_CHECADA,ROTULO_FORTE,102,2024-09-04,https://www.boatos.org/politica/bolsonaro-ovacionado-expointer-2024-rio-grande-do-sul.html
GFC_NEG_00173,Descarte de 195 mil urnas eletrônicas é queima de arquivo,0,ENGANOSO,google_factcheck,UOL_NOTÍCIAS,AFIRMACAO_CHECADA,ROTULO_FORTE,57,,https://noticias.uol.com.br/confere/ultimas-noticias/2025/02/28/posts-distorcem-sobre-descarte-de-195-mil-urnas-pelo-tse.htm
GFC_NEG_00174,Papa Leão 14 mandou recado para Bolsonaro,0,FALSO,google_factcheck,AOS_FATOS,AFIRMACAO_CHECADA,ROTULO_FORTE,41,2026-01-07,https://www.aosfatos.org/noticias/papa-leao-14-nao-citou-bolsonaro-discurso-recente/
RSS_00156,"Pai de Vorcaro doou R$ 1 milhão para partido de Zema em MG nas eleições de 2022 — Preso nesta quinta-feira (14) , o pai de Daniel Vorcaro , Henrique Moura Vorcaro, doou R$ 1 milhão para o diretório estadual do Novo em Minas Gerais nas eleições de 2022, mostram dados da prestação de conta do partido apresentados ao TSE (Tribunal Superior Eleitoral). Leia mais (05/14/2026 - 12h22)",1,NOTICIA_REAL,noticias_reais,FOLHA_PODER,titulo_resumo,ROTULO_ASSUMIDO,381,2026-05-14,https://redir.folha.com.br/redir/online/poder/rss091/*https://www1.folha.uol.com.br/poder/2026/05/pai-de-daniel-vorcaro-doou-r-1-milhao-a-diretorio-do-partido-novo-em-mg-quando-zema-era-candidato.shtml
RSS_00157,"PF empareda Castro por suposta conexão com esquema da Refit — Segundo a investigação, ex-governador do Estado do Rio de Janeiro teria conexão com esquema da Refit, acusada de sonegar bilhões em impostos",1,NOTICIA_REAL,noticias_reais,CORREIO_BRAZILIENSE,titulo_resumo,ROTULO_ASSUMIDO,202,2026-05-16,https://www.correiobraziliense.com.br/politica/2026/05/7420945-pf-empareda-claudio-castro.html
GFC_NEG_00175,Bolsonaro assume que recebeu dinheiro do inss através do careca sim,0,ENGANOSO,google_factcheck,UOL_NOTÍCIAS,AFIRMACAO_CHECADA,ROTULO_FORTE,67,,https://noticias.uol.com.br/confere/ultimas-noticias/2025/05/28/careca-inss-doacao-bolsonaro-fraude-distorcido.htm
GFC_NEG_00176,Ministro Fernando Haddad mandando ao vivo no G1 o som A Novinha Senta Apampa,0,FALSO,google_factcheck,UOL_NOTÍCIAS,AFIRMACAO_CHECADA,ROTULO_FORTE,76,,https://noticias.uol.com.br/confere/ultimas-noticias/2023/07/28/haddad-vai-novinha-ah-ah-ah-funk-violao-g1.htm
GFC_NEG_00177,Mulher diz que está comprando mais produtos com o Bolsa-Família do que comprava com o Auxílio-Brasil,0,FALSO,google_factcheck,AOS_FATOS,AFIRMACAO_CHECADA,ROTULO_FORTE,100,2024-01-30,https://www.aosfatos.org/noticias/video-bolsonaro-supermercado-auxilio-brasil-bolsa-familia/
GFC_NEG_00178,Fernando Haddad fez apenas 2 meses de formação em Economia,0,FORA_DE_CONTEXTO,google_factcheck,AFP_CHECAMOS,AFIRMACAO_CHECADA,ROTULO_FORTE,58,2022-12-15,https://checamos.afp.com/doc.afp.com.333Z23T
RSS_00158,"Ciro Gomes confirma candidatura ao Governo do Ceará, chama rivais de frouxos e elogia bolsonaristas — O ex-ministro Ciro Gomes ( PSDB ) lançou sua pré-candidatura ao governo do Ceará neste sábado (16), chamando seus adversários de frouxos e endurecendo o discurso sobre segurança pública, com promessas de combater facções criminosas no estado. Leia mais (05/16/2026 - 15h50)",1,NOTICIA_REAL,noticias_reais,FOLHA_PODER,titulo_resumo,ROTULO_ASSUMIDO,375,2026-05-16,https://redir.folha.com.br/redir/online/poder/rss091/*https://www1.folha.uol.com.br/poder/2026/05/ciro-gomes-confirma-candidatura-ao-governo-do-ceara-chama-rivais-de-frouxos-e-elogia-bolsonaristas.shtml
RSS_00159,"Datafolha: Governo Lula tem 39% de avaliação negativa e 30% de positiva — Com três anos e quatro meses de governo, 39% dos entrevistados pelo Datafolha avaliam que o presidente Lula ( PT ) está fazendo um trabalho ruim ou péssimo, enquanto 30% consideram a gestão boa ou ótima, e 29% a classificam como regular. Leia mais (05/16/2026 - 18h30)",1,NOTICIA_REAL,noticias_reais,FOLHA_PODER,titulo_resumo,ROTULO_ASSUMIDO,342,2026-05-16,https://redir.folha.com.br/redir/online/poder/rss091/*https://www1.folha.uol.com.br/poder/2026/05/datafolha-governo-lula-tem-39-de-avaliacao-negativa-e-30-de-positiva.shtml
GFC_NEG_00179,"Tuíte reproduz participação do comentarista Matthew Tyrmand no programa Tucker Carlson Tonight, da emissora Fox News, dos Estados Unidos. No vídeo, Tyrmand comenta os atos ao redor do Brasil que contestam, sem evidências, o resultado das eleições presidenciais, dizendo se tratar do “maior protesto democrático e possivelmente até da humanidade”.",0,ENGANOSO,google_factcheck,FOLHA_-_UOL,AFIRMACAO_CHECADA,ROTULO_FORTE,346,2022-12-07,https://www1.folha.uol.com.br/poder/2022/12/nao-e-possivel-afirmar-que-atos-antidemocraticos-contra-resultado-das-eleicoes-sao-o-maior-protesto-da-historia.shtml
GFC_NEG_00180,Vídeo mostra Bolsonaro recebendo alta no dia 11/12 após ser hospitalizado,0,FALSO,google_factcheck,AOS_FATOS,AFIRMACAO_CHECADA,ROTULO_FORTE,73,2025-12-12,https://www.aosfatos.org/noticias/bolsonaro-nao-foi-para-hospital-nem-recebeu-alta-no-dia-11-de-dezembro/
RSS_00160,"Frente ambientalista critica Câmara por dar voz a cético do clima em eventos na Casa — A Frente Parlamentar Ambientalista veio a público para repudiar o espaço que a Câmara dos Deputados tem dado ao dinamarquês Bjorn Lomborg, nesta semana. O cientista político gerou polêmica ao dizer que as preocupações ambientais atuais são exageradas. Leia mais (05/14/2026 - 11h03)",1,NOTICIA_REAL,noticias_reais,FOLHA_PODER,titulo_resumo,ROTULO_ASSUMIDO,369,2026-05-14,https://redir.folha.com.br/redir/online/poder/rss091/*https://www1.folha.uol.com.br/colunas/painel/2026/05/frente-ambientalista-critica-camara-por-dar-voz-a-cetico-do-clima-em-eventos-na-casa.shtml
RSS_00161,"Joaquim Barbosa se filia ao partido DC, que pretende lançá-lo à Presidência — O ex-ministro do STF Joaquim Barbosa filiou-se no início de abril ao partido DC (Democracia Cristã). A legenda pretende lançá-lo candidato a presidente da República. Leia mais (05/15/2026 - 19h51)",1,NOTICIA_REAL,noticias_reais,FOLHA_PODER,titulo_resumo,ROTULO_ASSUMIDO,274,2026-05-15,https://redir.folha.com.br/redir/online/poder/rss091/*https://www1.folha.uol.com.br/colunas/painel/2026/05/joaquim-barbosa-se-filia-ao-partido-dc-que-pretende-lanca-lo-a-presidencia.shtml
GFC_NEG_00181,A urna brasileira não é auditável,0,ENGANOSO,google_factcheck,AFP_CHECAMOS,AFIRMACAO_CHECADA,ROTULO_FORTE,33,2022-07-06,https://checamos.afp.com/doc.afp.com.32DX2JM
RSS_00162,"Em ação com a Interpol, PF prende em Dubai hacker do Caso Master — Victor Lima Sedlmaier era considerado foragido da Justiça",1,NOTICIA_REAL,noticias_reais,CARTACAPITAL,titulo_resumo,ROTULO_ASSUMIDO,124,2026-05-16,https://www.cartacapital.com.br/justica/em-acao-com-a-interpol-pf-prende-em-dubai-hacker-do-caso-master/
GFC_VER_00012,A [Simone] Tebet falou de voto impresso no passado,1,GFC_VERDADEIRO,google_factcheck,AOS_FATOS,AFIRMACAO_CHECADA,ROTULO_FORTE,50,2022-08-08,https://www.aosfatos.org/noticias/bolsonaro-no-flow/
RSS_00163,"Donald Trump contra os Estados Unidos — Em pouco mais de um ano, Donald Trump abalroou o conjunto de instituições que deram feição própria à ordem internacional liberal, criada no segundo pós-Guerra e da qual os EUA foram avalista e principal beneficiário. Leia mais (05/13/2026 - 17h25)",1,NOTICIA_REAL,noticias_reais,FOLHA_PODER,titulo_resumo,ROTULO_ASSUMIDO,287,2026-05-13,https://redir.folha.com.br/redir/online/poder/rss091/*https://www1.folha.uol.com.br/colunas/maria-herminia-tavares/2026/05/donald-trump-contra-os-estados-unidos.shtml
GFC_NEG_00182,Bancos vão limitar saque em espécie a partir do segundo semestre de 2025,0,FALSO,google_factcheck,ESTADÃO,AFIRMACAO_CHECADA,ROTULO_FORTE,72,,https://www.estadao.com.br/estadao-verifica/limite-bancos-saque-2-mil-5-mil-segundo-semestre-2025-falso/
GFC_VER_00013,Ministro Flávio Dino criticou sistema eleitoral do país no passado. Só vale contra Bolsonaro?,1,GFC_VERDADEIRO,google_factcheck,PROJETO_COMPROVA,AFIRMACAO_CHECADA,ROTULO_FORTE,93,2023-07-13,https://projetocomprova.com.br/publica%C3%A7%C3%B5es/tuites-antigos-de-flavio-dino-com-criticas-ao-sistema-eleitoral-sao-verdadeiros-entenda-o-contexto/
RSS_00164,"Funai: 297 terras ficarão desprotegidas com derrubada de vetos de Lula — Congresso derrotou Lula e derrubou 88,8% dos vetos do presidente no projeto conhecido como “PL da Devastação”",1,NOTICIA_REAL,noticias_reais,METROPOLES,titulo_resumo,ROTULO_ASSUMIDO,182,2025-11-27,https://www.metropoles.com/brasil/politica-brasil/funai-297-terras-ficarao-desprotegidas-com-derrubada-de-vetos-de-lula
GFC_NEG_00183,"Vídeo de três minutos no qual um homem alega que Gleisi Hoffmann, presidente nacional do Partido dos Trabalhadores, teria feito uma série de afirmações sobre a aposentadoria de integrantes das Forças Armadas e policiais militares. Segundo o autor, a parlamentar teria dito que a previdência desse grupo será incorporada ao Instituto Nacional do Seguro Social (INSS), que haverá revisão da idade mínima para aposentadoria e a revogação da pensão por morte do cônjuge, e que militares e forças auxiliares não devem ter benefícios maiores do que o restante da sociedade.",0,FALSO,google_factcheck,FOLHA_-_UOL,AFIRMACAO_CHECADA,ROTULO_FORTE,567,2022-11-17,https://www1.folha.uol.com.br/poder/2022/11/video-inventa-declaracoes-de-gleisi-hoffmann-sobre-reducao-de-beneficios-para-militares-no-governo-lula.shtml
GFC_NEG_00184,Funcionária do TSE relata a vulnerabilidade do sistema eleitoral brasileiro,0,ENGANOSO,google_factcheck,AFP_CHECAMOS,AFIRMACAO_CHECADA,ROTULO_FORTE,75,2022-08-18,https://checamos.afp.com/doc.afp.com.32GR23X
RSS_00165,"Turbinada sob Castro, cidade de pré-candidato bolsonarista no RJ espera verba acertada com Paes",1,NOTICIA_REAL,noticias_reais,FOLHA_PODER,titulo,ROTULO_ASSUMIDO,95,2026-05-16,https://redir.folha.com.br/redir/online/poder/rss091/*https://www1.folha.uol.com.br/poder/2026/05/turbinada-sob-castro-cidade-de-pre-candidato-bolsonarista-no-rj-espera-verba-acertada-com-paes.shtml
GFC_NEG_00185,Equipamento de votação troca voto de Trump para Kamala em Kentucky,0,ENGANOSO,google_factcheck,ESTADÃO,AFIRMACAO_CHECADA,ROTULO_FORTE,66,,https://www.estadao.com.br/estadao-verifica/urna-eletronica-kentucky-troca-voto-kamala-trump-enganoso/
RSS_00166,"Prerrogativas estuda ofensiva jurídica para descobrir destino de dinheiro que financiaria filme de Bolsonaro — O Grupo Prerrogativas está analisando quais medidas jurídicas deve adotar nos próximos dias, em uma ofensiva contra o filme que conta a história do ex-presidente Jair Bolsonaro. Leia mais (05/14/2026 - 19h00)",1,NOTICIA_REAL,noticias_reais,FOLHA_PODER,titulo_resumo,ROTULO_ASSUMIDO,319,2026-05-14,https://redir.folha.com.br/redir/online/poder/rss091/*https://www1.folha.uol.com.br/colunas/painel/2026/05/prerrogativas-estuda-ofensiva-juridica-para-descobrir-destino-de-dinheiro-que-financiaria-filme-de-bolsonaro.shtml
GFC_NEG_00186,Decreto assinado por Lula determina que todos os beneficiários do Bolsa Família deverão passar por visita de assistente social,0,ENGANOSO,google_factcheck,AOS_FATOS,AFIRMACAO_CHECADA,ROTULO_FORTE,126,2026-02-03,https://www.aosfatos.org/noticias/regra-condiciona-bolsa-familia-visita-domiciliar-vale-so-familias-compostas-uma-pessoa/
GFC_NEG_00187,Criança de 7 anos vacinada contra covid desenvolve doença,0,FALSO,google_factcheck,PROJETO_COMPROVA,AFIRMACAO_CHECADA,ROTULO_FORTE,57,2025-04-11,https://projetocomprova.com.br/publica%C3%A7%C3%B5es/video-usa-imagens-de-crianca-com-doenca-rara-para-desinformar-sobre-vacina-contra-a-covid-19/
RSS_00167,"Fux defende decisão de Toffoli e mantém a extinção de processos contra Beto Richa — O ministro afirmou se tratar de uma ação 'manifestamente incabível', devido à jurisprudência do STF",1,NOTICIA_REAL,noticias_reais,CARTACAPITAL,titulo_resumo,ROTULO_ASSUMIDO,183,2026-05-15,https://www.cartacapital.com.br/politica/fux-defende-decisao-de-toffoli-e-mantem-a-extincao-de-processos-contra-beto-richa/
GFC_NEG_00188,"o programa Farmácia Popular, sob o comando da esposa de Fernando Haddad, Ana Estela Haddad, está envolvido em tráfico internacional de drogas. Não à toa, Lula se reuniu semana passada em Santiago/Chile com diversos presidentes sul-americanos envolvidos com o narcotráfico. Todos, sem exceção, são pró-liberação das drogas e especificamente o da Colômbia, Gustavo Petro, é um conhecido usuário de cocaína.",0,ENGANOSO,google_factcheck,ESTADÃO,AFIRMACAO_CHECADA,ROTULO_FORTE,404,,https://www.estadao.com.br/estadao-verifica/ana-estela-haddad-farmacia-popular-fraude-enganoso/
GFC_NEG_00189,Este relatório mostra centenas de efeitos adversos da vacina da Pfizer contra a covid-19,0,FALSO,google_factcheck,AFP_CHECAMOS,AFIRMACAO_CHECADA,ROTULO_FORTE,88,2022-03-13,https://checamos.afp.com/doc.afp.com.32639XT
GFC_NEG_00190,Vídeo mostra membros do MST incinerando porcos em fazenda no Mato Grosso,0,FALSO,google_factcheck,AOS_FATOS,AFIRMACAO_CHECADA,ROTULO_FORTE,72,2024-03-12,https://www.aosfatos.org/noticias/video-porcos-incinerados-china-nao-mst-mato-grosso/
GFC_NEG_00191,"O Lula sobe 1% a cada 0,5% que Jair Bolsonaro cai",0,FALSO,google_factcheck,UOL_NOTÍCIAS,AFIRMACAO_CHECADA,ROTULO_FORTE,49,2022-10-05,https://noticias.uol.com.br/confere/ultimas-noticias/2022/10/05/e-falso-que-virada-de-lula-foi-ditada-por-algoritmo-como-diz-post.htm
GFC_VER_00014,"""Fui ao Plenário das Nações Unidas receber o prêmio mundial de combate a mortalidade infantil""",1,GFC_VERDADEIRO,google_factcheck,UOL_NOTÍCIAS,AFIRMACAO_CHECADA,ROTULO_FORTE,94,2022-09-25,https://noticias.uol.com.br/confere/ultimas-noticias/2022/09/24/no-sbt-ciro-cita-premio-que-recebeu-por-politica-criada-por-tasso.htm
RSS_00168,"Fundo de advogado de Eduardo Bolsonaro comprou casa em estado onde vive o deputado — Imóvel custou R$ 3,6 milhões de reais e foi comprado por fundo de advogado vinculado aos R$ 61 milhões pagos por Daniel Vorcaro para bancar filme sobre Jair Bolsonaro",1,NOTICIA_REAL,noticias_reais,CORREIO_BRAZILIENSE,titulo_resumo,ROTULO_ASSUMIDO,251,2026-05-16,https://www.correiobraziliense.com.br/politica/2026/05/7421127-fundo-de-advogado-de-eduardo-bolsonaro-comprou-casa-em-estado-onde-vive-o-deputado.html
GFC_NEG_00192,O governo Lula reconheceu que Jair Bolsonaro não é genocida,0,ENGANOSO,google_factcheck,UOL_NOTÍCIAS,AFIRMACAO_CHECADA,ROTULO_FORTE,59,,https://noticias.uol.com.br/confere/ultimas-noticias/2023/10/05/pandemia-stf-arquivou-acao-contra-bolsonaro-por-medidas-de-novo-governo.htm
RSS_00169,"Tarcísio nunca disse nada contra as tentativas de golpe e volta a apoiar Bolsonaro com post de Trump — Tarcísio endossa post de Trump em apoio a Bolsonaro. Aproveitou polêmica para agradar o ex-presidente e deixa claro, de novo, sua afinidade",1,NOTICIA_REAL,noticias_reais,METROPOLES,titulo_resumo,ROTULO_ASSUMIDO,242,2025-07-08,https://www.metropoles.com/blog-do-noblat/tarcisio-nunca-disse-nada-contra-as-tentativas-de-golpe-e-volta-a-apoiar-bolsonaro-com-post-de-trump
GFC_NEG_00193,Remédio israelense é 100% eficaz contra covid-19,0,FALSO,google_factcheck,UOL_NOTÍCIAS,AFIRMACAO_CHECADA,ROTULO_FORTE,48,2021-06-02,https://noticias.uol.com.br/confere/ultimas-noticias/2021/06/02/remedio-israelense-ainda-nao-pode-ser-considerado-eficaz-contra-covid-19.htm
RSS_00170,"As mudanças nas versões de Flávio Bolsonaro sobre sua ligação com Daniel Vorcaro — Após o vazamento de mensagens e áudios pelo portal The Intercept Brasil, o senador Flávio Bolsonaro ( PL -RJ) admitiu ter negociado com o banqueiro Daniel Vorcaro , do Banco Master , pagamentos para financiar um filme sobre seu pai, o ex-presidente Jair Bolsonaro (PL). Leia mais (05/14/2026 - 11h46)",1,NOTICIA_REAL,noticias_reais,FOLHA_PODER,titulo_resumo,ROTULO_ASSUMIDO,383,2026-05-14,https://redir.folha.com.br/redir/online/poder/rss091/*https://www1.folha.uol.com.br/poder/2026/05/as-mudancas-nas-versoes-de-flavio-bolsonaro-sobre-sua-ligacao-com-daniel-vorcaro.shtml
GFC_NEG_00194,Geraldo Alckmin e Alexandre de Moraes são quase linchados em restaurante em Brasília em 2023,0,FORA_DE_CONTEXTO,google_factcheck,AFP_CHECAMOS,AFIRMACAO_CHECADA,ROTULO_FORTE,92,2023-11-29,https://checamos.afp.com/doc.afp.com.346B8DT
GFC_VER_00015,"""Na época do PT, lá eram 150 mil crianças querendo uma vaga de creche e não tinha aqui na cidade mais rica.""",1,GFC_VERDADEIRO,google_factcheck,AOS_FATOS,AFIRMACAO_CHECADA,ROTULO_FORTE,108,2024-09-21,https://www.aosfatos.org/noticias/checamos-ricardo-nunes-inteligencia-ltda/
RSS_00171,"Tarcísio diz que áudio de Flávio Bolsonaro preocupa, mas defende o aliado — O governador Tarcísio de Freitas (Republicanos) disse que a divulgação do áudio do senador Flávio Bolsonaro ( PL -RJ) pedindo dinheiro para Daniel Vorcaro preocupa, mas defendeu a postura do aliado até o momento e afirmou que o episódio não deve comprometer candidaturas. Leia mais (05/14/2026 - 13h53)",1,NOTICIA_REAL,noticias_reais,FOLHA_PODER,titulo_resumo,ROTULO_ASSUMIDO,378,2026-05-14,https://redir.folha.com.br/redir/online/poder/rss091/*https://www1.folha.uol.com.br/poder/2026/05/tarcisio-diz-que-audio-de-flavio-bolsonaro-preocupa-mas-defende-o-aliado.shtml
RSS_00172,"Eduardo se junta a Flávio na lista de contradições do clã Bolsonaro sobre o dinheiro de Vorcaro — O papel do ex-deputado federal na empreitada entrou em cena nesta sexta-feira, enquanto o senador busca conter danos à sua pré-candidatura à Presidência",1,NOTICIA_REAL,noticias_reais,CARTACAPITAL,titulo_resumo,ROTULO_ASSUMIDO,250,2026-05-15,https://www.cartacapital.com.br/politica/eduardo-se-junta-a-flavio-na-lista-de-contradicoes-do-cla-bolsonaro-sobre-o-dinheiro-de-vorcaro/
GFC_NEG_00195,https://www.instagram.com/reel/DR23RUzDhQb/,0,FALSO,google_factcheck,ESTADÃO,AFIRMACAO_CHECADA,ROTULO_FORTE,43,,https://www.estadao.com.br/estadao-verifica/audio-moraes-linguajar-evangelico-ia/
RSS_00173,"Produtores cogitam antecipar para julho filme sobre Bolsonaro — Os produtores do filme ""Dark Horse"" avaliam antecipar a estreia do filme que conta a história do ex-presidente Jair Bolsonaro para julho. A previsão inicial era lançar apenas em setembro , véspera das eleições. Leia mais (05/15/2026 - 14h42)",1,NOTICIA_REAL,noticias_reais,FOLHA_PODER,titulo_resumo,ROTULO_ASSUMIDO,305,2026-05-15,https://redir.folha.com.br/redir/online/poder/rss091/*https://www1.folha.uol.com.br/colunas/painel/2026/05/produtores-cogitam-antecipar-para-julho-filme-sobre-bolsonaro.shtml
GFC_NEG_00196,"""Gilmar Mendes concede habeas corpus a influenciador Hytalo Santos após sua prisão. Foi preso hoje e hoje mesmo foi solto""",0,FALSO,google_factcheck,OBSERVADOR,AFIRMACAO_CHECADA,ROTULO_FORTE,122,2025-09-03,https://observador.pt/factchecks/fact-check-juiz-concede-habeas-corpus-ao-influencer-brasileiro-detido-por-suspeitas-de-exploracao-sexual-de-criancas/
GFC_NEG_00197,"""Dr. Pedro Chavez: 'ALERTE TODO MUNDO'. Todos os LABORATÓRIOS INDEPENDENTES confirmam O MESMO. ÓXIDO DE GRAFENO e MICROTECNOLOGIA em 'vacinas'. Os 'vacinados' TÊM sido MARCADOS COMO GADOS.""",0,FALSO,google_factcheck,OBSERVADOR,AFIRMACAO_CHECADA,ROTULO_FORTE,189,2023-05-29,https://observador.pt/factchecks/fact-check-vacinas-contra-a-covid-19-contem-oxido-de-grafeno-substancia-que-e-detetada-por-telemoveis/
GFC_NEG_00198,Bolsonaro apoia o ditador Maduro porque ele falou mal do TSE! Parece piada mas não é!,0,FALSO,google_factcheck,BOATOS.ORG,AFIRMACAO_CHECADA,ROTULO_FORTE,85,2024-08-01,https://www.boatos.org/politica/bolsonaro-apoia-maduro-apos-ele-criticar-eleicoes-no-brasil.html
GFC_NEG_00199,Denuncia gravíssima. Alexandre de Moraes faz ritual de magia negra com crianças. Assistam,0,FALSO,google_factcheck,BOATOS.ORG,AFIRMACAO_CHECADA,ROTULO_FORTE,89,2022-12-21,https://www.boatos.org/politica/alexandre-de-moraes-participa-de-rituais-de-magia-negra-com-criancas.html
RSS_00174,Fui assaltada. Fique sem celular e sem história,1,NOTICIA_REAL,noticias_reais,UOL_NOTICIAS,titulo,ROTULO_ASSUMIDO,47,,https://www1.folha.uol.com.br/colunas/becky-korich/2026/05/fui-assaltada-fique-sem-celular-e-sem-historia.shtml
GFC_NEG_00200,"Trump proibiu todas as vacinas de mRNA, e emitiu ordens para prender seus fabricantes",0,FALSO,google_factcheck,AFP_CHECAMOS,AFIRMACAO_CHECADA,ROTULO_FORTE,85,2025-03-14,https://checamos.afp.com/doc.afp.com.372F789
RSS_00175,"José Dirceu é internado após diagnóstico de linfoma — Ex-ministro da Casa Civil está no Hospital Sírio-Libanês, em São Paulo, onde iniciou tratamento contra câncer no sistema linfático",1,NOTICIA_REAL,noticias_reais,CORREIO_BRAZILIENSE,titulo_resumo,ROTULO_ASSUMIDO,184,2026-05-15,https://www.correiobraziliense.com.br/politica/2026/05/7420835-jose-dirceu-e-internado-apos-diagnostico-de-linfoma.html
RSS_00176,O alerta de Felca chegou ao Congresso — De Felca ao Congresso: a luta contra a “adultização” infantil. Entenda a nova lei de proteção às crianças na internet.,1,NOTICIA_REAL,noticias_reais,METROPOLES,titulo_resumo,ROTULO_ASSUMIDO,158,2025-08-23,https://www.metropoles.com/blog-do-noblat/o-alerta-de-felca-chegou-ao-congresso
GFC_NEG_00201,Intercept admite não ter provas do pagamento do valor para o filme de Bolsonaro,0,FALSO,google_factcheck,BOL_-_UOL,AFIRMACAO_CHECADA,ROTULO_FORTE,79,2026-05-15,https://www.bol.uol.com.br/noticias/2026/05/15/falso-intercept-admitiu-nao-provas-flavio-bolsonaro-vorcaro.amp.htm
RSS_00177,O programa dos R$ 11 bilhões contra o crime organizado — O governo lançou em 12 de maio um pacote de R$ 11 bilhões para combater o crime organizado. Os dados oficiais do Tesouro Nacional mostram que Rio de Janeiro e Minas Gerais — os dois Estados com nota D na avaliação fiscal do Tesouro — estão impedidos de acessar a linha de crédito com garantia federal,1,NOTICIA_REAL,noticias_reais,CONGRESSO_EM_FOCO,titulo_resumo,ROTULO_ASSUMIDO,357,2026-05-15,https://www.congressoemfoco.com.br/artigo/118919/o-programa-dos-r-11-bilhoes-contra-o-crime-organizado
GFC_NEG_00202,Trump concedeu passaporte diplomático para Bolsonaro,0,FALSO,google_factcheck,ESTADÃO,AFIRMACAO_CHECADA,ROTULO_FORTE,52,,https://www.estadao.com.br/estadao-verifica/trump-passaporte-diplomatico-bolsonaro-falso/
GFC_NEG_00203,"Tuíte alegando que o aplicativo de disque-denúncia do TSE, o Pardal, não aceita queixas contra o PT. A postagem inclui um vídeo de uma tentativa fracassada de denunciar a sigla.",0,FALSO,google_factcheck,FOLHA_-_UOL,AFIRMACAO_CHECADA,ROTULO_FORTE,177,2022-10-28,https://www1.folha.uol.com.br/poder/2022/10/e-falso-que-aplicativo-do-tse-nao-permita-denuncias-contra-o-pt.shtml
GFC_NEG_00204,Etchegoyen disse que o resultado das eleições de 2022 foi manipulado,0,FALSO,google_factcheck,AOS_FATOS,AFIRMACAO_CHECADA,ROTULO_FORTE,68,2023-07-05,https://www.aosfatos.org/noticias/falso-etchegoyen-resultado-manipulado-eleicoes-2022/
RSS_00178,"Datafolha: 9 de 10 eleitores dizem não se arrepender de voto em Lula ou Bolsonaro em 2022 — Passados quase três anos e meio do segundo turno da eleição presidencial de 2022, a maioria absoluta dos eleitores afirma não se arrepender do voto dado naquele pleito. É o que mostra nova rodada de pesquisa Datafolha . Leia mais (05/16/2026 - 15h00)",1,NOTICIA_REAL,noticias_reais,FOLHA_PODER,titulo_resumo,ROTULO_ASSUMIDO,342,2026-05-16,https://redir.folha.com.br/redir/online/poder/rss091/*https://www1.folha.uol.com.br/poder/2026/05/datafolha-9-de-10-eleitores-dizem-nao-se-arrepender-de-voto-em-lula-ou-bolsonaro-em-2022.shtml
RSS_00179,"Eduardo Bolsonaro mostra que não liga pro Brasil, o medo é ser preso — Filho do presidente, Eduardo Bolsonaro mostra que só se preocupa mesmo é com si mesmo. Critíca Tarcísio e desafia Moraes. Brasil por último.",1,NOTICIA_REAL,noticias_reais,METROPOLES,titulo_resumo,ROTULO_ASSUMIDO,211,2025-07-15,https://www.metropoles.com/blog-do-noblat/eduardo-bolsonaro-mostra-que-nao-liga-pro-brasil-o-medo-e-ser-preso
RSS_00180,"Flávio diz que omitiu contato com Vorcaro por cláusula de confidencialidade em patrocínio de filme — O senador Flávio Bolsonaro ( PL -RJ) afirmou nesta quinta-feira (14) que omitiu seu contato com o ex-banqueiro Daniel Vorcaro , dono do Master, por causa de uma cláusula de confidencialidade no contrato a respeito do financiamento do filme ""Dark Horse"" (""azarão"" em inglês). Leia mais (05/14/2026 - 19h37)",1,NOTICIA_REAL,noticias_reais,FOLHA_PODER,titulo_resumo,ROTULO_ASSUMIDO,406,2026-05-14,https://redir.folha.com.br/redir/online/poder/rss091/*https://www1.folha.uol.com.br/poder/2026/05/flavio-diz-que-omitiu-contato-com-vorcaro-por-clausula-de-confidencialidade-em-patrocinio-de-filme.shtml
GFC_NEG_00205,"Lula diz: ""Eu só ganhei as eleições porque o povo nordestino é analfabeto""",0,ENGANOSO,google_factcheck,UOL_NOTÍCIAS,AFIRMACAO_CHECADA,ROTULO_FORTE,74,,https://noticias.uol.com.br/confere/ultimas-noticias/2026/04/29/lula-nao-disse-que-so-ganhou-eleicao-porque-nordestino-e-analfabeto.ghtm
RSS_00181,A popularidade de Lula no Datafolha a menos de 5 meses da eleição — O instituto entrevistou 2.004 eleitores entre a terça-feira 12 e a quarta 13,1,NOTICIA_REAL,noticias_reais,CARTACAPITAL,titulo_resumo,ROTULO_ASSUMIDO,144,2026-05-16,https://www.cartacapital.com.br/cartaexpressa/a-popularidade-de-lula-no-datafolha-a-menos-de-5-meses-da-eleicao/
RSS_00182,"Governistas comemoram áudio de Flávio Bolsonaro a Vorcaro, mas têm dúvida sobre efeito em eleitor — Aliados do presidente Lula ( PT ) comemoraram a divulgação de áudio em que o senador Flávio Bolsonaro ( PL -RJ) cobra o antigo dono do Banco Master , Daniel Vorcaro . Reservadamente, porém, expressam dúvidas sobre a capacidade do caso de influenciar o eleitorado bolsonarista. Leia mais (05/14/2026 - 04h02)",1,NOTICIA_REAL,noticias_reais,FOLHA_PODER,titulo_resumo,ROTULO_ASSUMIDO,407,2026-05-14,https://redir.folha.com.br/redir/online/poder/rss091/*https://www1.folha.uol.com.br/poder/2026/05/governistas-comemoram-audio-de-flavio-bolsonaro-a-vorcaro-mas-tem-duvida-sobre-efeito-em-eleitor.shtml
RSS_00183,"Documentário sobre Bolsonaro estreia com salas vazias e também tem elo com verba de deputados — O documentário ""A Colisão dos Destinos"", dirigido por Doriel Francisco, que conta a história da vida do ex-presidente Jair Bolsonaro , chega ao seu primeiro fim de semana em cartaz nos cinemas com distribuição falha e salas vazias. Apesar de ser exibido em 17 estados, a obra está fora do circuito Rio-São Paulo. Leia mais (05/15/2026 - 23h00)",1,NOTICIA_REAL,noticias_reais,FOLHA_PODER,titulo_resumo,ROTULO_ASSUMIDO,439,2026-05-15,https://redir.folha.com.br/redir/online/poder/rss091/*https://www1.folha.uol.com.br/poder/2026/05/documentario-sobre-bolsonaro-estreia-com-salas-vazias-e-tambem-tem-elo-com-verba-de-deputados.shtml
RSS_00184,"MP aciona TCU para investigar uso de incentivos fiscais em filme de Bolsonaro — Após vazamento das conversas entre senador Flávio Bolsonaro e ex-banqueiro do Master negociando patrocínio para o filme sobre Jair Bolsonaro, subprocurador-geral Lucas Furtado protocola representação pedindo que TCU investigue uso de incentivos fiscais e de recursos públicos, direta ou indiretamente, na produção do audiovisual",1,NOTICIA_REAL,noticias_reais,CORREIO_BRAZILIENSE,titulo_resumo,ROTULO_ASSUMIDO,408,2026-05-15,https://www.correiobraziliense.com.br/politica/2026/05/7420791-mp-aciona-tcu-para-investigar-subsidios-em-filme-de-bolsonaro.html
GFC_NEG_00206,"Em vídeo, Gilmar Mendes diz que sistema eleitoral é falho",0,FORA_DE_CONTEXTO,google_factcheck,AFP_CHECAMOS,AFIRMACAO_CHECADA,ROTULO_FORTE,57,2023-07-18,https://checamos.afp.com/doc.afp.com.33P83BG
GFC_NEG_00207,"Dino ""arregou"" de decisão sobre Magnitsky",0,ENGANOSO,google_factcheck,ESTADÃO,AFIRMACAO_CHECADA,ROTULO_FORTE,41,,https://www.estadao.com.br/estadao-verifica/dino-arregou-decisao-magnitsky-enganoso/
GFC_NEG_00208,Prazos diferentes dados por Alexandre de Moraes mostram favoritismo de Lula em relação a Bolsonaro,0,ENGANOSO,google_factcheck,ESTADÃO,AFIRMACAO_CHECADA,ROTULO_FORTE,98,,https://www.estadao.com.br/estadao-verifica/moraes-da-mais-tempo-a-lula-que-bolsonaro/
RSS_00185,"A disputa pela Presidência no 1º turno, segundo novo Datafolha — O instituto entrevistou 2.004 eleitores entre a terça-feira 12 e a quarta 13",1,NOTICIA_REAL,noticias_reais,CARTACAPITAL,titulo_resumo,ROTULO_ASSUMIDO,141,2026-05-16,https://www.cartacapital.com.br/politica/a-disputa-pela-presidencia-no-1o-turno-segundo-novo-datafolha-2/
RSS_00186,Pesquisa dá folego para Lula e confirma que ação de Trump foi positiva — Pesquisa Quaest mostrou que o sentimento da população sobre tarifaço de Trump estava certo,1,NOTICIA_REAL,noticias_reais,METROPOLES,titulo_resumo,ROTULO_ASSUMIDO,163,2025-07-17,https://www.metropoles.com/blog-do-noblat/pesquisa-da-folego-para-lula-e-confirma-que-acao-de-trump-foi-positiva
GFC_NEG_00209,Flavio Dino defende autonomia do médico ao prescrever cloroquina contra covid,0,FORA_DE_CONTEXTO,google_factcheck,ESTADÃO,AFIRMACAO_CHECADA,ROTULO_FORTE,77,,https://www.estadao.com.br/estadao-verifica/flavio-dino-cloroquina/
RSS_00187,"Ala do PL do Rio vê Castro mais frágil, mas descarta abandono imediato — Ex-governador do Rio foi alvo de ação da PF que investiga possíveis fraudes fiscais pela Refit, a antiga Refinaria de Manguinhos",1,NOTICIA_REAL,noticias_reais,VEJA_POLITICA,titulo_resumo,ROTULO_ASSUMIDO,201,2026-05-15,https://veja.abril.com.br/politica/ala-do-pl-do-rio-ve-castro-mais-fragil-mas-descarta-abandono-imediato/
RSS_00188,"Congresso: a ""baleia branca"" de Lula 3? — Impasse do IOF expõe calcanhar de Aquiles do Congresso",1,NOTICIA_REAL,noticias_reais,METROPOLES,titulo_resumo,ROTULO_ASSUMIDO,96,2025-07-05,https://www.metropoles.com/blog-do-noblat/congresso-a-baleia-branca-de-lula-3
RSS_00189,"Brasil 2070: que legado queremos deixar? — Entre crises, estagnação e baixa capacidade de investimento, o país perdeu espaço econômico enquanto emergentes aceleraram seu desenvolvimento.",1,NOTICIA_REAL,noticias_reais,CONGRESSO_EM_FOCO,titulo_resumo,ROTULO_ASSUMIDO,186,2026-05-15,https://www.congressoemfoco.com.br/coluna/118913/brasil-2070-que-legado-queremos-deixar
RSS_00190,"Governo Lula avalia ampliar decreto sobre big techs com agência fiscalizando deveres previstos pelo STF — O governo Lula (PT) avalia avançar na regulação de big techs e atualizar o decreto que baliza o Marco Civil da Internet , que é de 2016, considerando as novas determinações relacionadas a responsabilidade das redes sociais estabelecidas pelo STF (Supremo Tribunal Federal) em julgamento finalizado no ano passado. Leia mais (05/14/2026 - 23h00)",1,NOTICIA_REAL,noticias_reais,FOLHA_PODER,titulo_resumo,ROTULO_ASSUMIDO,450,2026-05-14,https://redir.folha.com.br/redir/online/poder/rss091/*https://www1.folha.uol.com.br/poder/2026/05/governo-lula-avalia-ampliar-decreto-sobre-big-techs-com-agencia-fiscalizando-deveres-previstos-pelo-stf.shtml
GFC_VER_00016,Não houve aumento do salário mínimo [no governo Bolsonaro]. Houve apenas uma reposição inflacionária,1,GFC_VERDADEIRO,google_factcheck,AOS_FATOS,AFIRMACAO_CHECADA,ROTULO_FORTE,100,2022-10-30,https://www.aosfatos.org/noticias/fome-absolvicoes-legado-principais-checagens-lula-campanha/
GFC_NEG_00210,Novo benefício do INSS garante salário mínimo para pessoas que tiveram a capacidade de trabalho afetada pelo alcoolismo,0,ENGANOSO,google_factcheck,AFP_CHECAMOS,AFIRMACAO_CHECADA,ROTULO_FORTE,119,2025-09-17,https://checamos.afp.com/doc.afp.com.74UB9CQ
GFC_NEG_00211,Matéria publicada nos EUA mostra que houve fraude nas eleições do Brasil e que Bolsonaro é o verdadeiro eleito,0,FALSO,google_factcheck,ESTADÃO,AFIRMACAO_CHECADA,ROTULO_FORTE,110,,https://www.estadao.com.br/estadao-verifica/analise-estados-unidos-fraude-eleicoes-brasileiras/
GFC_NEG_00212,"Governo Lula publica aumento ao Auxílio Reclusão e passará a ser R$1.754,18, maior que o salário mínimo que não teve aumento",0,FALSO,google_factcheck,UOL_NOTÍCIAS,AFIRMACAO_CHECADA,ROTULO_FORTE,124,2023-01-17,https://noticias.uol.com.br/confere/ultimas-noticias/2023/01/17/e-falso-que-auxilio-reclusao-e-maior-que-o-salario-minimo.htm
GFC_NEG_00213,"MST, uma instituição do PT, planta maconha",0,ENGANOSO,google_factcheck,PROJETO_COMPROVA,AFIRMACAO_CHECADA,ROTULO_FORTE,42,2023-07-20,https://projetocomprova.com.br/publica%C3%A7%C3%B5es/post-engana-ao-associar-plantacao-de-maconha-ao-mst-na-bahia/
RSS_00191,"Três Poderes: Nunes Marques é o vencedor da semana; Flávio, o perdedor — Vencedor da semana: o ministro Nunes Marques, que tomou posse na presidência do Tribunal Superior Eleitoral ( TSE ) com um elogiado discurso sobre defesa das urnas eletrônicas e da moderação no Judiciário. Leia mais (05/16/2026 - 12h00)",1,NOTICIA_REAL,noticias_reais,FOLHA_PODER,titulo_resumo,ROTULO_ASSUMIDO,309,2026-05-16,https://redir.folha.com.br/redir/online/poder/rss091/*https://www1.folha.uol.com.br/colunas/painel/2026/05/tres-poderes-nunes-marques-e-o-vencedor-da-semana-flavio-o-perdedor.shtml
GFC_NEG_00214,Imagem do evento do PT no dia do trabalhador esvaziado em 2025,0,ENGANOSO,google_factcheck,AFP_CHECAMOS,AFIRMACAO_CHECADA,ROTULO_FORTE,62,2025-05-05,https://checamos.afp.com/doc.afp.com.44KH7T2
RSS_00192,"REDATA: uma decisão estratégica para o futuro digital do Brasil — Infraestrutura digital deixou de ser apenas tecnologia. Hoje, é questão de soberania, competitividade e desenvolvimento econômico.",1,NOTICIA_REAL,noticias_reais,CONGRESSO_EM_FOCO,titulo_resumo,ROTULO_ASSUMIDO,196,2026-05-15,https://www.congressoemfoco.com.br/artigo/118922/redata-uma-decisao-estrategica-para-o-futuro-digital-do-brasil
GFC_VER_00017,"O que o arcabouço prevê, que é uma novidade na legislação, é que você vai ter um aumento real de despesa mínima de 0,6% e máxima de 2,5%, para justamente funcionar como mecanismos anticíclicos. Se tiver uma recessão, você garante a despesa do governo. Se tiver um crescimento exorbitante, você economiza justamente para equilibrar no tempo as contas públicas.",1,GFC_VERDADEIRO,google_factcheck,AOS_FATOS,AFIRMACAO_CHECADA,ROTULO_FORTE,359,2024-01-25,https://www.aosfatos.org/noticias/checamos-haddad-roda-viva/
GFC_NEG_00215,Plano de fuga da cúpula do PT já está sendo tratada pelo José Dirceu. O mesmo foi visto no Chile”,0,FALSO,google_factcheck,BOATOS.ORG,AFIRMACAO_CHECADA,ROTULO_FORTE,97,2022-10-22,https://www.boatos.org/politica/jose-dirceu-foi-para-chile-preparar-plano-fuga-da-cupula-do-pt.html
GFC_NEG_00216,Vídeo mostra Luciano Hang comemorando indicação de Flávio Bolsonaro para disputar eleição presidencial de 2026,0,FALSO,google_factcheck,AOS_FATOS,AFIRMACAO_CHECADA,ROTULO_FORTE,110,2025-12-09,https://www.aosfatos.org/noticias/video-celebracao-luciano-hang-2018-nao-apos-bolsonaro-indicar-flavio-presidencia/
RSS_00193,"Fim da 6x1 pode encarecer moradias do Minha Casa, Minha Vida, diz Câmara da Construção — Um estudo da CBIC (Câmara Brasileira da Indústria da Construção) aponta que o fim da escala 6x1 pode encarecer as obras populares no país e, com isso, reduzir o número de entregas no âmbito do Minha Casa, Minha Vida. Leia mais (05/15/2026 - 06h00)",1,NOTICIA_REAL,noticias_reais,FOLHA_PODER,titulo_resumo,ROTULO_ASSUMIDO,336,2026-05-15,https://redir.folha.com.br/redir/online/poder/rss091/*https://www1.folha.uol.com.br/colunas/painel/2026/05/fim-da-6x1-pode-encarecer-moradias-do-minha-casa-minha-vida-diz-camara-da-construcao.shtml
GFC_NEG_00217,Geraldo Alckmin anuncia o fim do Bolsa Família,0,FALSO,google_factcheck,AFP_CHECAMOS,AFIRMACAO_CHECADA,ROTULO_FORTE,46,2022-11-29,https://checamos.afp.com/doc.afp.com.32W76MX
RSS_00194,"Não creio que morte da juíza tenha inspirado charge — No último sábado (9), duas juízas ligadas a movimentos feministas sugeriram que eu fizesse um contraponto às manifestações de repúdio a uma charge de Marilia Marz publicada na Folha . Leia mais (05/15/2026 - 04h03)",1,NOTICIA_REAL,noticias_reais,FOLHA_PODER,titulo_resumo,ROTULO_ASSUMIDO,268,2026-05-15,https://redir.folha.com.br/redir/online/poder/rss091/*https://www1.folha.uol.com.br/blogs/frederico-vasconcelos/2026/05/nao-creio-que-morte-da-juiza-tenha-inspirado-charge.shtml
RSS_00195,"Fora do STF, Barroso participa de fórum em Oxford e diz o que ainda precisa mudar no Brasil — Patrono do Brasil-UK Fórum, ex-presidente do STF participa do evento neste fim de semana na Inglaterra",1,NOTICIA_REAL,noticias_reais,VEJA_POLITICA,titulo_resumo,ROTULO_ASSUMIDO,196,2026-05-15,https://veja.abril.com.br/politica/fora-do-stf-barroso-diz-o-que-precisa-mudar-no-brasil-em-abertura-de-forum-em-oxford/
GFC_NEG_00218,Eleições com urna eletrônica não são limpas,0,FALSO,google_factcheck,UOL_NOTÍCIAS,AFIRMACAO_CHECADA,ROTULO_FORTE,43,2021-07-08,https://noticias.uol.com.br/confere/ultimas-noticias/2021/07/08/eleicoes-brasil-fraude.htm
RSS_00196,Câmara aprova projeto que permite recontratação de cientistas aposentados em empresas públicas,1,NOTICIA_REAL,noticias_reais,FOLHA_PODER,titulo,ROTULO_ASSUMIDO,94,2026-05-14,https://redir.folha.com.br/redir/online/poder/rss091/*https://www1.folha.uol.com.br/blogs/brasilia-hoje/2026/05/camara-aprova-projeto-que-permite-recontratacao-de-cientistas-aposentados-em-empresas-publicas.shtml
GFC_NEG_00219,Donald Trump disse que Lula é um 'desastre total' no poder,0,FALSO,google_factcheck,ESTADÃO,AFIRMACAO_CHECADA,ROTULO_FORTE,58,,https://www.estadao.com.br/estadao-verifica/donald-trump-lula-desastre-total-falso/
GFC_NEG_00220,"Vazou uma foto do presidente do Banco Central, Roberto Campos Neto, em um churrasco com aliados de Jair Bolsonaro",0,ENGANOSO,google_factcheck,AFP_CHECAMOS,AFIRMACAO_CHECADA,ROTULO_FORTE,113,2024-07-02,https://checamos.afp.com/doc.afp.com.362H6Q8
GFC_NEG_00221,Em 2019 a Globo noticiou que hackers numa convenção em Las Vegas hackearam urnas do modelo brasileiro em poucos minutos,0,FALSO,google_factcheck,AOS_FATOS,AFIRMACAO_CHECADA,ROTULO_FORTE,119,2024-04-25,https://www.aosfatos.org/noticias/influenciador-portugues-mentira-fraude-eleitoral-brasil-senado/
RSS_00197,"Aliados de Flávio Bolsonaro veem abalo de confiança por elo com Vorcaro e temem mais acusações — A revelação de conversas e uma relação de intimidade entre o senador Flávio Bolsonaro ( PL -RJ) e o ex-banqueiro Daniel Vorcaro , após o pré-candidato dizer publicamente e reservadamente para líderes de direita que não tinha contatos com o dono do Banco Master , causou uma sensação de quebra de confiança entre seus apoiadores. Leia mais (05/14/2026 - 04h06)",1,NOTICIA_REAL,noticias_reais,FOLHA_PODER,titulo_resumo,ROTULO_ASSUMIDO,456,2026-05-14,https://redir.folha.com.br/redir/online/poder/rss091/*https://www1.folha.uol.com.br/poder/2026/05/aliados-de-flavio-bolsonaro-veem-abalo-de-confianca-por-elo-com-vorcaro-e-temem-mais-acusacoes.shtml
GFC_VER_00018,A inflação dos alimentos tá em 15%,1,GFC_VERDADEIRO,google_factcheck,AOS_FATOS,AFIRMACAO_CHECADA,ROTULO_FORTE,34,2022-08-15,https://www.aosfatos.org/noticias/checamos-ciro-gomes-roda-viva/
RSS_00198,"Oposição diz que pesquisa reflete 'máquina pública a favor' de Lula, mas vê limite em melhora — Lideranças bolsonaristas interpretam que a recuperação do presidente Luiz Inácio Lula da Silva (PT) na pesquisa Quaest divulgada nesta quarta-feira (13), ainda que tímida, é o primeiro sinal do poder da máquina pública a favor do petista. Leia mais (05/13/2026 - 18h10)",1,NOTICIA_REAL,noticias_reais,FOLHA_PODER,titulo_resumo,ROTULO_ASSUMIDO,365,2026-05-13,https://redir.folha.com.br/redir/online/poder/rss091/*https://www1.folha.uol.com.br/blogs/brasilia-hoje/2026/05/oposicao-diz-que-pesquisa-reflete-maquina-publica-a-favor-de-lula-mas-ve-limite-em-melhora.shtml
RSS_00199,"Bannon diz que filme com Bolsonaro será sequência de 'A Paixão de Cristo' e prevê sucesso estrondoso — O estrategista conservador norte-americano Steve Bannon tem dito a pessoas próximas que o filme ""Dark Horse"" (azarão) , sobre a vida de Jair Bolsonaro , será uma espécie de sequência de ""A Paixão de Cristo"". Leia mais (05/14/2026 - 12h44)",1,NOTICIA_REAL,noticias_reais,FOLHA_PODER,titulo_resumo,ROTULO_ASSUMIDO,341,2026-05-14,https://redir.folha.com.br/redir/online/poder/rss091/*https://www1.folha.uol.com.br/colunas/painel/2026/05/bannon-diz-que-filme-com-bolsonaro-sera-sequencia-de-a-paixao-de-cristo.shtml
GFC_NEG_00222,Mike Benz afirmou em entrevista que funcionários do governo americano trabalharam no TSE em 2022,0,FALSO,google_factcheck,AOS_FATOS,AFIRMACAO_CHECADA,ROTULO_FORTE,96,2025-02-20,https://www.aosfatos.org/noticias/nao-ha-provas-funcionarios-governo-americano-trabalharam-tse-2022/
RSS_00200,"Ex-presidente do BRB deve entregar delação até o fim deste mês — Na próxima semana, Paulo Henrique Costa assina termo de confidencialidade com a Polícia Federal. Em seguida, apresenta formalmente o pedido de homologação do contrato de colaboração com as autoridades",1,NOTICIA_REAL,noticias_reais,CORREIO_BRAZILIENSE,titulo_resumo,ROTULO_ASSUMIDO,265,2026-05-15,https://www.correiobraziliense.com.br/politica/2026/05/7420957-ex-presidente-do-brb-deve-entregar-delacao-ate-o-fim-deste-mes.html
RSS_00201,"Cacique Raoni, de 94 anos, é internado em UTI com pneumonia — Líder indígena está no Hospital Dois Pinheiros, em Sinop (MT); medida preventiva visa a monitorar quadro respiratório",1,NOTICIA_REAL,noticias_reais,PODER360,titulo_resumo,ROTULO_ASSUMIDO,179,2026-05-17,https://www.poder360.com.br/poder-brasil/cacique-raoni-de-94-anos-e-internado-em-uti-com-pneumonia/
GFC_NEG_00223,Gleisi Hoffman é hostilizada no Carnaval de Salvador em 2025,0,FALSO,google_factcheck,ESTADÃO,AFIRMACAO_CHECADA,ROTULO_FORTE,60,,https://www.estadao.com.br/estadao-verifica/gleisi-hoffmann-recebida-em-salvador-com-honras/
RSS_00202,"Comida estragada, agressão e atraso de cachês marcam gravações de Dark Horse — Denúncias feitas ao Sated/SP revelam os bastidores do filme em São Paulo; Ancine não sabia da gravação do longa",1,NOTICIA_REAL,noticias_reais,CORREIO_BRAZILIENSE,titulo_resumo,ROTULO_ASSUMIDO,190,2026-05-16,https://www.correiobraziliense.com.br/politica/2026/05/7421242-comida-estragada-agressao-e-atraso-de-caches-marcam-gravacoes-de-dark-horse.html
GFC_VER_00019,"Ou porque a inadimplência atingiu 66,6 milhões de brasileiros.",1,GFC_VERDADEIRO,google_factcheck,AOS_FATOS,AFIRMACAO_CHECADA,ROTULO_FORTE,62,2022-08-15,https://www.aosfatos.org/noticias/checamos-ciro-gomes-roda-viva/
GFC_NEG_00224,Notícia de 19/02/2023: governador da Bahia declara lockdown,0,FORA_DE_CONTEXTO,google_factcheck,ESTADÃO,AFIRMACAO_CHECADA,ROTULO_FORTE,59,,https://www.estadao.com.br/estadao-verifica/lockdown-bahia-reportagem-2021/
GFC_NEG_00225,Tecnólogo desafia o sistema e revela com detalhes como as urnas foram fraudadas. Ele expõe com detalhes o caminho dos votos roubados de Bolsonaro,0,FALSO,google_factcheck,ESTADÃO,AFIRMACAO_CHECADA,ROTULO_FORTE,145,,https://www.estadao.com.br/estadao-verifica/nulos-brancos-transferidos-lula-2022-falso/
RSS_00203,Deputado propõe tornar obrigatório atendimento humano em bancos — Projeto prevê opção presencial em agências e cria regras para suporte humano em plataformas digitais.,1,NOTICIA_REAL,noticias_reais,CONGRESSO_EM_FOCO,titulo_resumo,ROTULO_ASSUMIDO,167,2026-05-15,https://www.congressoemfoco.com.br/noticia/118923/deputado-propoe-tornar-obrigatorio-atendimento-humano-em-bancos
GFC_NEG_00226,Pessoa com tatuagem do Lula e tornozeleira eletrônica na mesma perna,0,FALSO,google_factcheck,AOS_FATOS,AFIRMACAO_CHECADA,ROTULO_FORTE,68,2024-04-25,https://www.aosfatos.org/noticias/falso-foto-tatuagem-lula-tornozeleira-eletronica/
RSS_00204,"Bolsonaristas veem Tarcísio distante e querem apoio maior a Flávio — O primeiro posicionamento do governador Tarcísio de Freitas (Republicanos) diante da crise gerada pelas relações entre Flávio Bolsonaro ( PL -RJ) e Daniel Vorcaro , do Banco Master , desagradou bolsonaristas em São Paulo . Leia mais (05/15/2026 - 15h15)",1,NOTICIA_REAL,noticias_reais,FOLHA_PODER,titulo_resumo,ROTULO_ASSUMIDO,322,2026-05-15,https://redir.folha.com.br/redir/online/poder/rss091/*https://www1.folha.uol.com.br/poder/2026/05/bolsonaristas-veem-tarcisio-distante-e-querem-apoio-maior-a-flavio.shtml
GFC_VER_00020,"R$160milhões do mensalão, R$2,3bilhão em um esquema do Petrolão, e R$44bilhões no orçamento secreto",1,GFC_VERDADEIRO,google_factcheck,AOS_FATOS,AFIRMACAO_CHECADA,ROTULO_FORTE,99,2022-08-09,https://www.aosfatos.org/noticias/roda-viva-simone-tebet/
GFC_NEG_00227,Ivermectina serve para combater a dengue,0,ENGANOSO,google_factcheck,PROJETO_COMPROVA,AFIRMACAO_CHECADA,ROTULO_FORTE,40,2024-02-19,https://projetocomprova.com.br/publica%C3%A7%C3%B5es/videos-enganam-ao-indicar-ivermectina-para-o-tratamento-da-dengue/
RSS_00205,"Zema recua de críticas a Flávio por relação com Vorcaro: ""Página virada"" — Esse recuo ocorreu em meio à repercussão na direita de sua fala que classificou as conversas entre o filho do ex-presidente Jair Bolsonaro e o banqueiro como ""imperdoável""",1,NOTICIA_REAL,noticias_reais,CORREIO_BRAZILIENSE,titulo_resumo,ROTULO_ASSUMIDO,246,2026-05-16,https://www.correiobraziliense.com.br/politica/2026/05/7421447-zema-recua-de-criticas-a-flavio-por-relacao-com-vorcaro-pagina-virada.html
RSS_00206,Nunes Marques acumula desafios no TSE em cenário eleitoral que promete turbulências — Ministro cita a inteligência artificial e o ataque às urnas como ameaças à democracia,1,NOTICIA_REAL,noticias_reais,VEJA_POLITICA,titulo_resumo,ROTULO_ASSUMIDO,171,2026-05-16,https://veja.abril.com.br/politica/nunes-marques-acumula-desafios-no-tse-em-cenario-eleitoral-que-promete-turbulencias/
GFC_NEG_00228,"Vídeo divulgado nas redes sociais indica o uso de vinagre de álcool como repelente contra o mosquito da dengue. Nas imagens, um homem que diz ser presidente do Comitê da Dengue de São Miguel do Iguaçu (PR) afirma que colocar o produto em recipientes no chão dos cômodos da casa funciona para afastar o Aedes aegypti.",0,FALSO,google_factcheck,FOLHA_-_UOL,AFIRMACAO_CHECADA,ROTULO_FORTE,316,2024-02-16,https://www1.folha.uol.com.br/equilibrioesaude/2024/02/vinagre-de-alcool-nao-e-recomendado-como-medida-para-combater-mosquito-da-dengue.shtml
RSS_00207,Projeto enquadra maus-tratos a animais em violência doméstica vicária — Texto permite aplicação de Lei Maria da Penha em casos em que maus-tratos seja praticado para intimidar vítima.,1,NOTICIA_REAL,noticias_reais,CONGRESSO_EM_FOCO,titulo_resumo,ROTULO_ASSUMIDO,183,2026-05-15,https://www.congressoemfoco.com.br/noticia/118924/projeto-enquadra-maus-tratos-a-animais-em-violencia-domestica-vicaria
RSS_00208,Michelle Bolsonaro pretende alavancar candidaturas femininas no DF — Mulheres que representam os envolvidos no 8 de Janeiro contam com apoio da ex-primeira-dama na disputa por uma vaga no Congresso,1,NOTICIA_REAL,noticias_reais,VEJA_POLITICA,titulo_resumo,ROTULO_ASSUMIDO,197,2026-05-16,https://veja.abril.com.br/politica/michelle-bolsonaro-pretende-alavancar-candidaturas-femininas-no-df/
RSS_00209,"Internautas resgatam cena de filme de Bolsonaro: ""R$ 134 milhões para isso?"" — Produção estrelada por Jim Caviezel virou alvo de piadas nas redes após repercussão sobre financiamento milionário de Vorcaro",1,NOTICIA_REAL,noticias_reais,CORREIO_BRAZILIENSE,titulo_resumo,ROTULO_ASSUMIDO,204,2026-05-15,https://www.correiobraziliense.com.br/politica/2026/05/7420623-internautas-resgatam-cena-de-filme-de-bolsonaro-rs-134-milhoes-para-isso.html
GFC_NEG_00229,TSE não cumpre lei para impressão de voto sancionada por Lula,0,FORA_DE_CONTEXTO,google_factcheck,AFP_CHECAMOS,AFIRMACAO_CHECADA,ROTULO_FORTE,61,2022-07-13,https://checamos.afp.com/doc.afp.com.32EC8WZ
GFC_NEG_00230,EUA vazou imagens do 8/1 que mostram armação de Lula,0,FALSO,google_factcheck,AOS_FATOS,AFIRMACAO_CHECADA,ROTULO_FORTE,52,2025-03-18,https://www.aosfatos.org/noticias/e-falso-eua-vazou-imagens-8-de-janeiro-armacao-lula/
RSS_00210,"Produtora de filme sobre Bolsonaro nega ter recebido aporte de Vorcaro, apesar de Flávio confirmar pedido — A Go Up Entertainment, produtora do filme ""Dark Horse"" (que significa ""azarão""), sobre a história de Jair Bolsonaro ( PL ), negou à Folha o recebimento de repasses de verba do ex-banqueiro Daniel Vorcaro para o projeto. Leia mais (05/13/2026 - 20h11)",1,NOTICIA_REAL,noticias_reais,FOLHA_PODER,titulo_resumo,ROTULO_ASSUMIDO,358,2026-05-13,https://redir.folha.com.br/redir/online/poder/rss091/*https://www1.folha.uol.com.br/poder/2026/05/produtora-de-filme-sobre-bolsonaro-nega-ter-recebido-aporte-de-vorcaro-apesar-de-flavio-confirmar-pedido.shtml
GFC_NEG_00231,Parece que o Brasil DESPIOROU com o Presidente @jairmessiasbolsonaro! Com o PT a estrada era desasfaltada e com Bolsonaro ela foi desemlameada!,0,FALSO,google_factcheck,UOL_NOTÍCIAS,AFIRMACAO_CHECADA,ROTULO_FORTE,143,2021-07-21,https://noticias.uol.com.br/confere/ultimas-noticias/2021/07/21/flavio-bolsonaro-republica-video-falso-checado-ha-mais-de-um-ano.htm
RSS_00211,"Flávio ironiza ataque de Zema: ‘Mineiro tem mais calma na hora de falar’ — Pré-candidato do PL participou de agenda com aliados na PM do Rio; ex-governador de Minas disse que conversa com Vorcaro é ""tapa na cara dos brasileiros""",1,NOTICIA_REAL,noticias_reais,VEJA_POLITICA,titulo_resumo,ROTULO_ASSUMIDO,228,2026-05-15,https://veja.abril.com.br/politica/flavio-ironiza-ataque-de-zema-mineiro-tem-mais-calma-na-hora-de-falar/
GFC_NEG_00232,Reportagem mostra que a pobreza e fome aumentaram na Bahia em 2024,0,ENGANOSO,google_factcheck,AOS_FATOS,AFIRMACAO_CHECADA,ROTULO_FORTE,66,2024-03-20,https://www.aosfatos.org/noticias/reportagem-fome-pobreza-bahia-2021-nao-atual/
RSS_00212,"Lula sugere veto a IA na eleição e, sem citar Flávio Bolsonaro, diz que 'verdade não falha' — O presidente Lula (PT) sugeriu nesta quinta-feira (14) a senadores aliados da Bahia que propusessem uma medida legislativa para vetar o uso de inteligência artificial nas eleições . Leia mais (05/14/2026 - 14h28)",1,NOTICIA_REAL,noticias_reais,FOLHA_PODER,titulo_resumo,ROTULO_ASSUMIDO,306,2026-05-14,https://redir.folha.com.br/redir/online/poder/rss091/*https://www1.folha.uol.com.br/poder/2026/05/lula-sugere-veto-a-ia-na-eleicao-e-sem-citar-flavio-bolsonaro-diz-que-verdade-nao-falha.shtml
GFC_NEG_00233,"Quatro vídeos que circulam nas redes sociais mostram eleitores tentando acessar os dados da votação de suas respectivas seções eleitorais no site do TSE. No entanto, o número de nenhuma das seções aparece na plataforma. Os casos são de dois eleitores que votaram no exterior (em Toronto, no Canadá, e em Miami, nos Estados Unidos) e dois que votaram no Brasil (em Colíder, em Mato Grosso, e Passos, em Minas Gerais). Nos vídeos, os cidadãos alegam que os votos não foram computados e que, portanto, teria havido fraude no pleito.",0,ENGANOSO,google_factcheck,FOLHA_-_UOL,AFIRMACAO_CHECADA,ROTULO_FORTE,529,2022-11-16,https://www1.folha.uol.com.br/poder/2022/11/secoes-eleitorais-que-nao-aparecem-em-site-do-tse-foram-agregadas-a-outras.shtml
RSS_00213,"Flávio Bolsonaro, o irmão Vorcaro e a máxima de que não há almoço de graça — Agentes privados gastam dinheiro grosso para comprar simpatia, favores e, às vezes, vantagens indevidas",1,NOTICIA_REAL,noticias_reais,VEJA_POLITICA,titulo_resumo,ROTULO_ASSUMIDO,180,2026-05-16,https://veja.abril.com.br/politica/flavio-bolsonaro-o-irmao-vorcaro-e-a-maxima-de-que-nao-ha-almoco-de-graca/
RSS_00214,"No Ceará, Michelle Bolsonaro chegará de jatinho a Brasilia esta tarde — Ex-primeira-dama estava no estado nordestino cumprindo agenda do PL Mulher quando seu marido, o ex-presidente Jair Bolsonaro foi preso",1,NOTICIA_REAL,noticias_reais,METROPOLES,titulo_resumo,ROTULO_ASSUMIDO,206,2025-11-22,https://www.metropoles.com/brasil/politica-brasil/no-ceara-michelle-bolsonaro-chegara-de-jatinho-a-brasilia-esta-tarde
GFC_NEG_00234,Justiça informa novos direitos dos idosos: isenção de IPTU e descontos em contas de energia e saneamento básico,0,ENGANOSO,google_factcheck,PROJETO_COMPROVA,AFIRMACAO_CHECADA,ROTULO_FORTE,111,2024-02-26,https://projetocomprova.com.br/publica%C3%A7%C3%B5es/video-engana-ao-dizer-que-todos-com-mais-de-60-anos-tem-isencao-de-imposto-de-renda-iptu-e-desconto-em-contas/
GFC_NEG_00235,Lula está preparando o fim do Bolsa Família,0,ENGANOSO,google_factcheck,ESTADÃO,AFIRMACAO_CHECADA,ROTULO_FORTE,43,,https://www.estadao.com.br/estadao-verifica/postagem-distorce-declaracao-de-lula-sobre-pais-nao-viver-eternamente-do-bolsa-familia/
GFC_NEG_00236,Vídeo mostra ato a favor de Bolsonaro que a imprensa não vai mostrar,0,FALSO,google_factcheck,ESTADÃO,AFIRMACAO_CHECADA,ROTULO_FORTE,68,,https://www.estadao.com.br/estadao-verifica/manifestacao-pro-bolsonaro-7-de-setembro-ia-falso/
GFC_NEG_00237,"Se explorar esse petróleo tiver problemas para a Amazônia, certamente não será explorado. Mas eu acho difícil, porque é a 530 km de distância da Amazônia",0,FALSO,google_factcheck,AOS_FATOS,AFIRMACAO_CHECADA,ROTULO_FORTE,153,2023-05-24,https://www.aosfatos.org/noticias/checamos-lula-exterior-petrobras-amazonia/
RSS_00215,"Joaquim Barbosa se filia ao DC para concorrer à presidência: ""Obama brasileiro"" — O presidente do partido, ex-deputado João Caldas, afirma que Barbosa é o nome da unificação nacional",1,NOTICIA_REAL,noticias_reais,CORREIO_BRAZILIENSE,titulo_resumo,ROTULO_ASSUMIDO,182,2026-05-16,https://www.correiobraziliense.com.br/politica/2026/05/7421290-joaquim-barbosa-se-filia-ao-dc-para-concorrer-a-presidencia-obama-brasileiro.html
GFC_NEG_00238,Descobriu-se agora que o presidente Lula tem fortuna milionária e teve R$ 18 milhões em impostos da Receita Federal suspensos pelo Supremo Tribunal Federal,0,FORA_DE_CONTEXTO,google_factcheck,ESTADÃO,AFIRMACAO_CHECADA,ROTULO_FORTE,155,,https://www.estadao.com.br/estadao-verifica/lula-18-milhoes-impostos-fora-de-contexto/
GFC_NEG_00239,"Ministro André Mendonça não quer a quebra do sigilo do Banco Master, enquanto Moraes defende a abertura",0,FORA_DE_CONTEXTO,google_factcheck,ESTADÃO,AFIRMACAO_CHECADA,ROTULO_FORTE,103,,https://www.estadao.com.br/estadao-verifica/video-fora-de-contexto-alega-falsamente-que-andre-mendonca-nao-quer-quebrar-sigilo-do-banco-master/
GFC_NEG_00240,"Eu não aumento, a Petrobras é obrigada a aumentar o preço [dos combustíveis], porque ela tem que seguir a legislação.",0,FALSO,google_factcheck,UOL_NOTÍCIAS,AFIRMACAO_CHECADA,ROTULO_FORTE,117,2021-10-28,https://noticias.uol.com.br/confere/ultimas-noticias/2021/10/28/live-bolsonaro-checagem-preco-gasolina-empregos.htm
RSS_00216,Deputado propõe endurecer pena para reincidentes em crimes sexuais — Proposta impede redução penal e condiciona saídas a exame criminológico que indique ausência de risco de reincidência.,1,NOTICIA_REAL,noticias_reais,CONGRESSO_EM_FOCO,titulo_resumo,ROTULO_ASSUMIDO,187,2026-05-13,https://www.congressoemfoco.com.br/noticia/118838/deputado-propoe-endurecer-pena-para-reincidentes-em-crimes-sexuais
RSS_00217,"INSS. Ex-ministro de Bolsonaro justifica fraude: ""Falta de estrutura"" — Ex-ministro de Bolsonaro, José Carlos Oliveira, agora Ahmed Mohamad, depõe me CPMI do INSS nesta quinta (11)",1,NOTICIA_REAL,noticias_reais,METROPOLES,titulo_resumo,ROTULO_ASSUMIDO,180,2025-09-11,https://www.metropoles.com/brasil/inss-ex-ministro-de-bolsonaro-justifica-fraude-falta-de-estrutura
GFC_NEG_00241,A retirada das redes desse pessoal já está sendo acertada com o Supremo e o TSE,0,FALSO,google_factcheck,UOL_NOTÍCIAS,AFIRMACAO_CHECADA,ROTULO_FORTE,79,2022-11-14,https://noticias.uol.com.br/confere/ultimas-noticias/2022/11/14/e-falso-que-randolfe-assumiu-atuar-contra-politicos-de-direita-no-whatsapp.htm
GFC_VER_00021,"Nós queremos uma cidade onde não se aceite como natural que 500 mil pessoas passem fome na própria cidade do Rio de Janeiro enquanto o prefeito gasta mais dinheiro em publicidade do que no enfrentamento à fome, como foi em 2023.",1,GFC_VERDADEIRO,google_factcheck,AOS_FATOS,AFIRMACAO_CHECADA,ROTULO_FORTE,228,2024-10-04,https://www.aosfatos.org/noticias/checamos-debate-globo-prefeitura-rio-de-janeiro/
RSS_00218,"Vaquinha a pré-candidatos soma mais de R$ 400 mil um dia após lançamento — A arrecadação por vaquinha para pré-candidatos às eleições deste ano começou nesta sexta-feira (15) e, após um dia de lançamento, já contabilizou mais de R$ 400 mil doados aos políticos. Leia mais (05/16/2026 - 06h00)",1,NOTICIA_REAL,noticias_reais,FOLHA_PODER,titulo_resumo,ROTULO_ASSUMIDO,292,2026-05-16,https://redir.folha.com.br/redir/online/poder/rss091/*https://www1.folha.uol.com.br/colunas/painel/2026/05/em-menos-de-24h-no-ar-vaquinha-a-pre-candidatos-soma-mais-de-r-200-mil.shtml
GFC_NEG_00242,"Lockdown climático já começou. Olha a palhaçada, lockdown de novo. Tudo provocado pela extrema esquerda",0,ENGANOSO,google_factcheck,ESTADÃO,AFIRMACAO_CHECADA,ROTULO_FORTE,103,,https://www.estadao.com.br/estadao-verifica/decreto-para-emergencia-climatica-lockdown/
RSS_00219,"Integrantes do PL dizem ter ficado surpresos com relação entre Flávio e Vorcaro — Integrantes do PL dizem ter ficado surpresos com a divulgação do áudio entre Flávio Bolsonaro (PL-RJ) e Daniel Vorcaro . Internamente, dizem que realmente acreditavam que os dois nunca tinham se falado. Leia mais (05/14/2026 - 17h00)",1,NOTICIA_REAL,noticias_reais,FOLHA_PODER,titulo_resumo,ROTULO_ASSUMIDO,315,2026-05-14,https://redir.folha.com.br/redir/online/poder/rss091/*https://www1.folha.uol.com.br/colunas/painel/2026/05/integrantes-do-pl-dizem-ter-ficado-surpresos-com-relacao-entre-flavio-e-vorcaro.shtml
RSS_00220,"Ciro confunde gesto de apoiador com apologia ao CV em evento: ‘Prende ele’ — Alertado, o pré-candidato ao governo do Ceará pediu desculpas: 'É que sou vigilante'",1,NOTICIA_REAL,noticias_reais,CARTACAPITAL,titulo_resumo,ROTULO_ASSUMIDO,161,2026-05-16,https://www.cartacapital.com.br/cartaexpressa/ciro-confunde-gesto-de-apoiador-com-apologia-ao-cv-em-evento-prende-ele/
RSS_00221,"Empresa que repassou dinheiro a filme de Bolsonaro é dona de fundos da rede do Master — A Entre Investimentos, empresa que teria sido utilizada por Daniel Vorcaro para financiar um filme sobre o ex-presidente Jair Bolsonaro ( PL ), é cotista de sete fundos na rede do Banco Master (em quatro deles, única cotista). Ao todo, esses fundos têm R$ 2,9 bilhões em ativos. Leia mais (05/15/2026 - 04h04)",1,NOTICIA_REAL,noticias_reais,FOLHA_PODER,titulo_resumo,ROTULO_ASSUMIDO,397,2026-05-15,https://redir.folha.com.br/redir/online/poder/rss091/*https://www1.folha.uol.com.br/poder/2026/05/empresa-que-repassou-dinheiro-a-filme-de-bolsonaro-e-dona-de-fundos-da-rede-do-master.shtml
RSS_00222,MPF pede julgamento sobre ataques da Marinha a João Cândido — Órgão pede indenização de R$ 5 milhões por danos à memória do líder da Revolta da Chibata e da população negra,1,NOTICIA_REAL,noticias_reais,CORREIO_BRAZILIENSE,titulo_resumo,ROTULO_ASSUMIDO,172,2026-05-15,https://www.correiobraziliense.com.br/politica/2026/05/7420940-mpf-pede-julgamento-sobre-ataques-da-marinha-a-joao-candido.html
GFC_VER_00022,Triste é que um deputado apresenta um projeto de lei em que o estuprador pode pegar uma pena menor do que a estuprada,1,GFC_VERDADEIRO,google_factcheck,AOS_FATOS,AFIRMACAO_CHECADA,ROTULO_FORTE,117,2024-06-18,https://www.aosfatos.org/noticias/checamos-lula-entrevista-cbn/
RSS_00223,"Lindbergh pede ao STF que determine instalação da CPMI do Master — Em mandado de segurança, deputado do PT acusa Alcolumbre de omissão por não ter lido requerimento na última sessão conjunta.",1,NOTICIA_REAL,noticias_reais,CONGRESSO_EM_FOCO,titulo_resumo,ROTULO_ASSUMIDO,191,2026-05-15,https://www.congressoemfoco.com.br/noticia/118920/lindbergh-pede-ao-stf-que-determine-instalacao-da-cpmi-do-master
GFC_NEG_00243,O vinagre de álcool pode inutilizar o mosquito da dengue,0,FALSO,google_factcheck,AFP_CHECAMOS,AFIRMACAO_CHECADA,ROTULO_FORTE,56,2024-02-19,https://checamos.afp.com/doc.afp.com.34JT3MK
GFC_NEG_00244,Trump manda a secretaria rasgar documento enviado por Lula,0,FALSO,google_factcheck,AFP_CHECAMOS,AFIRMACAO_CHECADA,ROTULO_FORTE,58,2026-04-02,https://checamos.afp.com/doc.afp.com.A6MA6CQ
GFC_NEG_00245,"Em uma nota técnica, o Ministério da Saúde diz que a cloroquina funciona e que as vacinas não. O documento contraria especialistas ouvidos pelo próprio ministério",0,FALSO,google_factcheck,UOL_NOTÍCIAS,AFIRMACAO_CHECADA,ROTULO_FORTE,162,2023-03-10,https://noticias.uol.com.br/confere/ultimas-noticias/2023/03/10/video-antigo-cita-nota-tecnica-de-2022-contra-vacina-como-se-fosse-atual.htm
RSS_00224,"Plano contra crime organizado mira 'andar de cima', diz coordenador de programa de Lula — Coordenador do programa de governo de Lula para a segurança pública na eleição de 2022, o sociólogo Benedito Mariano diz ser consistente o plano contra o crime organizado anunciado na última terça-feira (12). Leia mais (05/16/2026 - 10h52)",1,NOTICIA_REAL,noticias_reais,FOLHA_PODER,titulo_resumo,ROTULO_ASSUMIDO,329,2026-05-16,https://redir.folha.com.br/redir/online/poder/rss091/*https://www1.folha.uol.com.br/colunas/painel/2026/05/plano-contra-crime-organizado-mira-andar-de-cima-diz-coordenador-de-programa-de-lula.shtml
GFC_NEG_00246,"""Óxido de grafeno detetado em análise independente de vacina Covid. Eu sei que custa a entender mas... É o que está a acontecer?!?! E podemos evitar muitas mortes se te juntares a nós!?""",0,FALSO,google_factcheck,OBSERVADOR,AFIRMACAO_CHECADA,ROTULO_FORTE,186,2021-09-14,https://observador.pt/factchecks/fact-check-estudo-da-universidade-de-almeria-confirma-a-presenca-de-grafeno-nas-vacinas/
RSS_00225,"Moraes intima 'Débora do batom' a explicar descumprimento de medidas cautelares — O ministro Alexandre de Moraes , do STF (Supremo Tribunal Federal), intimou a cabeleireira Débora Rodrigues a se explicar sobre períodos em que ela esteve sem sinal de GPS. Conhecida como ""Débora do Batom"", ela está em prisão domiciliar e com tornozeleira eletrônica pela condenação nos atos golpistas de 8 de janeiro de 2023. Leia mais (05/15/2026 - 13h15)",1,NOTICIA_REAL,noticias_reais,FOLHA_PODER,titulo_resumo,ROTULO_ASSUMIDO,439,2026-05-15,https://redir.folha.com.br/redir/online/poder/rss091/*https://www1.folha.uol.com.br/blogs/brasilia-hoje/2026/05/moraes-intima-debora-do-batom-a-explicar-descumprimento-de-medidas-cautelares.shtml
GFC_NEG_00247,PT vai criar Movimento dos Sem Empresas e expropriar empresas,0,FALSO,google_factcheck,PROJETO_COMPROVA,AFIRMACAO_CHECADA,ROTULO_FORTE,61,2022-11-28,https://projetocomprova.com.br/publica%C3%A7%C3%B5es/e-falso-que-pt-tenha-projeto-de-expropriar-empresas-privadas/
RSS_00226,A verdade de Bolsonaro: pedida a condenação por tentativa de golpe — A pena pode superar 40 anos caso Bolsonaro seja condenado por todos os crimes indicados pela PGR,1,NOTICIA_REAL,noticias_reais,METROPOLES,titulo_resumo,ROTULO_ASSUMIDO,165,2025-07-15,https://www.metropoles.com/blog-do-noblat/a-verdade-de-bolsonaro-pedida-a-condenacao-por-tentativa-de-golpe
RSS_00227,"Dino abre processo para apurar uso de emendas em filme sobre Bolsonaro — Ordem do ministro do STF, ainda em caráter preliminar e com sigilo, tem como base pedidos de parlamentares",1,NOTICIA_REAL,noticias_reais,CORREIO_BRAZILIENSE,titulo_resumo,ROTULO_ASSUMIDO,179,2026-05-16,https://www.correiobraziliense.com.br/politica/2026/05/7421043-dino-abre-processo-para-apurar-uso-de-emendas-em-filme-sobre-bolsonaro.html
GFC_NEG_00248,Gleisi Hoffmann será ministra da Defesa,0,ENGANOSO,google_factcheck,ESTADÃO,AFIRMACAO_CHECADA,ROTULO_FORTE,39,,https://www.estadao.com.br/estadao-verifica/gleisi-hoffman-ministra-defesa-enganoso/
RSS_00228,"Iniciada, CPMI do INSS tem desafio de manter relevância no semestre — Julgamento do ex-presidente Jair Bolsonaro (PL), marcado para começar na terça-feira (2/9), pode ofuscar os trabalhos da CPMI",1,NOTICIA_REAL,noticias_reais,METROPOLES,titulo_resumo,ROTULO_ASSUMIDO,195,2025-09-01,https://www.metropoles.com/brasil/iniciada-cpmi-do-inss-tem-desafio-de-manter-relevancia-no-semestre
GFC_NEG_00249,"""Casal encontrou registo de votos na rua que comprova fraude nas eleições do Brasil"".",0,FALSO,google_factcheck,OBSERVADOR,AFIRMACAO_CHECADA,ROTULO_FORTE,85,2022-11-27,https://observador.pt/factchecks/fact-check-registo-de-votos-encontrado-na-rua-prova-fraude-nas-eleicoes-brasileiras/
RSS_00229,O receio do ‘efeito Orloff’ do caso Master no Supremo — Declaração do presidenciável do PL para consolar aliado do Centrão que havia sido alvo da PF passa a valer para ele mesmo após revelação de áudio para Vorcaro,1,NOTICIA_REAL,noticias_reais,VEJA_POLITICA,titulo_resumo,ROTULO_ASSUMIDO,214,2026-05-16,https://veja.abril.com.br/politica/o-receio-do-efeito-orloff-do-caso-master-no-supremo/
GFC_NEG_00250,"Nome dele é Hugo ele é do MST ajudem a divulgar. Infiltrado. Aproveitou o momento para destruir tudo e botar a culpa nos patriotas que são homens de bem, que só querem a liberdade.",0,FALSO,google_factcheck,BOATOS.ORG,AFIRMACAO_CHECADA,ROTULO_FORTE,180,2023-01-09,https://www.boatos.org/politica/hugo-mst-estava-infiltrado-manifestacoes-brasilia-mostra-video.html
GFC_NEG_00251,"Lula disse: 'Não se ganha copa com hospitais, vou construir estádios de futebol'; 'Ainda bem que a ‘natureza’ criou o coronavírus'; 'Um político ladrão é mais digno que um funcionário público'; 'Eu não vou enganar o povo mais uma vez'; e 'Eu não posso ver mais jovem de 14, 15 anos, assaltando e sendo violentado pela polícia só porque roubou um celular'",0,ENGANOSO,google_factcheck,AFP_CHECAMOS,AFIRMACAO_CHECADA,ROTULO_FORTE,354,2025-02-25,https://checamos.afp.com/doc.afp.com.36YN422
GFC_NEG_00252,Estadão publicou imagem de Nikolas Ferreira ao lado de Daniel Vorcaro,0,FALSO,google_factcheck,ESTADÃO,AFIRMACAO_CHECADA,ROTULO_FORTE,69,,https://www.estadao.com.br/estadao-verifica/selfie-nikolas-ferreira-daniel-vorcaro-estadao-falso/
GFC_NEG_00253,Moraes bloqueia conta de Bolsonaro que pedia PIX,0,FALSO,google_factcheck,UOL_NOTÍCIAS,AFIRMACAO_CHECADA,ROTULO_FORTE,48,2023-06-27,https://noticias.uol.com.br/confere/ultimas-noticias/2023/06/27/e-falso-que-ministro-alexandre-de-moraes-bloqueou-pix-de-bolsonaro.htm
GFC_VER_00023,"Nós temos um prazo para fazer isso, que é 2029, que é quando começa a transição da reforma tributária. Porque aí o ISS vai deixar de existir e vai se juntar com o ICMS e construir o IVA dual, que vai ser um imposto novo, que vai juntar os dois.",1,GFC_VERDADEIRO,google_factcheck,AOS_FATOS,AFIRMACAO_CHECADA,ROTULO_FORTE,244,2024-10-24,https://www.aosfatos.org/noticias/checamos-boulos-inteligencia-ltda-segundo-turno/
RSS_00230,Cena de facada em filme sobre Bolsonaro vira alvo de piadas nas redes sociais — Dark Horse é uma cinebiografia inspirada na trajetória do ex-presidente Jair Bolsonaro,1,NOTICIA_REAL,noticias_reais,CORREIO_BRAZILIENSE,titulo_resumo,ROTULO_ASSUMIDO,166,2026-05-16,https://www.correiobraziliense.com.br/politica/2026/05/7421274-cena-de-facada-em-filme-sobre-bolsonaro-vira-alvo-de-piadas-nas-redes-sociais.html
RSS_00231,"Datafolha divulga nova pesquisa sobre eleição presidencial; confira — Uma nova pesquisa Datafolha sobre o cenário da eleição presidencial foi divulgada neste sábado (16). Além das intenções de voto para primeiro e segundo turno, o instituto questionou o eleitor sobre a rejeição aos candidatos, bem como a avaliação do governo Lula (PT). Leia mais (05/16/2026 - 00h22)",1,NOTICIA_REAL,noticias_reais,FOLHA_PODER,titulo_resumo,ROTULO_ASSUMIDO,368,2026-05-16,https://redir.folha.com.br/redir/online/poder/rss091/*https://www1.folha.uol.com.br/poder/2026/05/datafolha-divulga-neste-sabado-nova-pesquisa-sobre-eleicao-presidencial.shtml
GFC_NEG_00254,"Agora, quem não quer mudar o sistema é porque tem certeza que o voto não auditável servirá para eleger quem não tem voto",0,FALSO,google_factcheck,AOS_FATOS,AFIRMACAO_CHECADA,ROTULO_FORTE,120,2021-07-29,https://www.aosfatos.org/noticias/bolsonaro-promete-provas-de-fraude-mas-apresenta-alegacoes-ja-desmentidas-sobre-urnas-eletronicas/
