id_registro,texto_principal,label,label_detalhe,pipeline_origem,portal_origem,origem_texto,origem_qualidade,tamanho_chars,data_publicacao,url_origem
GFC_NEG_00001,"Nome dele é Hugo ele é do MST ajudem a divulgar. Infiltrado. Aproveitou o momento para destruir tudo e botar a culpa nos patriotas que são homens de bem, que só querem a liberdade.",0,FALSO,google_factcheck,BOATOS.ORG,AFIRMACAO_CHECADA,ROTULO_FORTE,180,2023-01-09,https://www.boatos.org/politica/hugo-mst-estava-infiltrado-manifestacoes-brasilia-mostra-video.html
GFC_NEG_00002,"Em 2022, o TSE proibiu diminuir o preço dos combustiveis",0,FALSO,google_factcheck,AFP_CHECAMOS,AFIRMACAO_CHECADA,ROTULO_FORTE,56,2026-03-19,https://checamos.afp.com/doc.afp.com.A3WV3T4
GFC_NEG_00003,"Alexandre de Moraes impõe ordem de prisão contra cidadã americana, o que é crime",0,FALSO,google_factcheck,AOS_FATOS,AFIRMACAO_CHECADA,ROTULO_FORTE,80,2024-04-24,https://www.aosfatos.org/noticias/mandado-prisao-moraes-brasileira-eua/
GFC_NEG_00004,"""BBC News admitiu que as vacinas contra a Covid causaram 'excesso de mortes' em 2022.""",0,FALSO,google_factcheck,OBSERVADOR,AFIRMACAO_CHECADA,ROTULO_FORTE,86,2023-06-05,https://observador.pt/factchecks/fact-check-bbc-news-admitiu-que-vacinas-contra-covid-provocou-excesso-de-mortes/
GFC_NEG_00005,Trump disse que vai prender Alexandre de Moraes na primeira semana como presidente dos EUA,0,FALSO,google_factcheck,ESTADÃO,AFIRMACAO_CHECADA,ROTULO_FORTE,90,,https://www.estadao.com.br/estadao-verifica/trump-disse-prender-alexandre-de-moraes-falso/
GFC_NEG_00006,O MST incendiou estes carros,0,FALSO,google_factcheck,AFP_CHECAMOS,AFIRMACAO_CHECADA,ROTULO_FORTE,28,2023-03-13,https://checamos.afp.com/doc.afp.com.33BA6YC
GFC_NEG_00007,PF descobriu que Alexandre de Moraes recebeu dinheiro para condenar Jair Bolsonaro,0,FALSO,google_factcheck,ESTADÃO,AFIRMACAO_CHECADA,ROTULO_FORTE,82,,https://www.estadao.com.br/estadao-verifica/e-falso-que-pf-tenha-afirmado-que-moraes-prendeu-bolsonaro-por-dinheiro/
GFC_NEG_00008,"""Óxido de grafeno detetado em análise independente de vacina Covid. Eu sei que custa a entender mas... É o que está a acontecer?!?! E podemos evitar muitas mortes se te juntares a nós!?""",0,FALSO,google_factcheck,OBSERVADOR,AFIRMACAO_CHECADA,ROTULO_FORTE,186,2021-09-14,https://observador.pt/factchecks/fact-check-estudo-da-universidade-de-almeria-confirma-a-presenca-de-grafeno-nas-vacinas/
GFC_NEG_00009,Pfizer lançou droga parecida com a ivermectina para prevenir a Covid-19,0,FALSO,google_factcheck,AOS_FATOS,AFIRMACAO_CHECADA,ROTULO_FORTE,71,2021-10-25,https://www.aosfatos.org/noticias/e-falso-que-pfizer-lancou-remedio-contra-covid-19-que-copia-ivermectina/
GFC_NEG_00010,Jair Bolsonaro saiu da prisão para fazer exames de rotina e descobriu que está curado do câncer,0,FALSO,google_factcheck,AFP_CHECAMOS,AFIRMACAO_CHECADA,ROTULO_FORTE,95,2025-12-17,https://checamos.afp.com/doc.afp.com.88FV9G4
GFC_NEG_00011,O vinagre de álcool pode inutilizar o mosquito da dengue,0,FALSO,google_factcheck,AFP_CHECAMOS,AFIRMACAO_CHECADA,ROTULO_FORTE,56,2024-02-19,https://checamos.afp.com/doc.afp.com.34JT3MK
GFC_NEG_00012,Ciro Gomes disse que haverá fraudes nas eleições de 2022,0,FALSO,google_factcheck,AFP_CHECAMOS,AFIRMACAO_CHECADA,ROTULO_FORTE,56,2022-09-28,https://checamos.afp.com/doc.afp.com.32KB9HU
GFC_NEG_00013,Lula já fala em acabar com o Congresso,0,FALSO,google_factcheck,ESTADÃO,AFIRMACAO_CHECADA,ROTULO_FORTE,38,,https://www.estadao.com.br/estadao-verifica/nao-e-verdade-que-lula-tenha-falado-em-acabar-com-o-congresso/
GFC_NEG_00014,URNAS FORAM ENCONTRADAS DESCARTADAS ILEGALMENTE NO DMLU DE PORTO ALEGRE,0,FALSO,google_factcheck,BOATOS.ORG,AFIRMACAO_CHECADA,ROTULO_FORTE,71,2022-11-22,https://www.boatos.org/politica/urnas-eletronicas-descartadas-ilegalmente-porto-alegre-mostra-foto.html
GFC_NEG_00015,Grupo de assessores do PT ganhou R$ 120 milhões na Mega da Virada 2025,0,FALSO,google_factcheck,DESCONHECIDA,AFIRMACAO_CHECADA,ROTULO_FORTE,70,2026-01-02,https://www.aosfatos.org/noticias/grupo-de-assessores-do-pt-nao-ganhou-premio-de-r-120-milhoes-na-ultima-mega-da-virada/
GFC_NEG_00016,Documento prova que Bolsonaro tinha aprovação da Receita Federal para ficar com joias sauditas,0,FALSO,google_factcheck,AOS_FATOS,AFIRMACAO_CHECADA,ROTULO_FORTE,94,2024-07-05,https://www.aosfatos.org/noticias/receita-federal-bolsonaro-joias-sauditas/
GFC_NEG_00017,governo criou im posto pra quem movimenta R$ 5 mil por mês,0,FALSO,google_factcheck,DESCONHECIDA,AFIRMACAO_CHECADA,ROTULO_FORTE,58,,https://www.estadao.com.br/estadao-verifica/falso-movimentacao-acima-5-mil-pix-imposto-flavio-bolsonaro/
GFC_NEG_00018,"""Alemanha admite [que] 'vacina' Covid [é] 40 vezes mais mortal do que se sabia.""",0,FALSO,google_factcheck,OBSERVADOR,AFIRMACAO_CHECADA,ROTULO_FORTE,80,2022-05-30,https://observador.pt/factchecks/fact-check-alemanha-admitiu-que-a-vacina-contra-a-covid-19-e-40-vezes-mais-mortal-que-o-previsto/
GFC_NEG_00019,Vídeo mostra Lula com uma camiseta com a inscrição “Bolsonaro 2026”,0,FALSO,google_factcheck,BOL,AFIRMACAO_CHECADA,ROTULO_FORTE,67,,https://www.bol.uol.com.br/noticias/2025/01/28/video-satirico-de-lula-pedindo-votos-para-bolsonaro-em-2026-e-ia.htm
GFC_NEG_00020,"Vídeo de três minutos no qual um homem alega que Gleisi Hoffmann, presidente nacional do Partido dos Trabalhadores, teria feito uma série de afirmações sobre a aposentadoria de integrantes das Forças Armadas e policiais militares. Segundo o autor, a parlamentar teria dito que a previdência desse grupo será incorporada ao Instituto Nacional do Seguro Social (INSS), que haverá revisão da idade mínima para aposentadoria e a revogação da pensão por morte do cônjuge, e que militares e forças auxiliares não devem ter benefícios maiores do que o restante da sociedade.",0,FALSO,google_factcheck,FOLHA_-_UOL,AFIRMACAO_CHECADA,ROTULO_FORTE,567,2022-11-17,https://www1.folha.uol.com.br/poder/2022/11/video-inventa-declaracoes-de-gleisi-hoffmann-sobre-reducao-de-beneficios-para-militares-no-governo-lula.shtml
GFC_NEG_00021,Conseguiram identificar os nomes e votos de 100% dos eleitores,0,FALSO,google_factcheck,AOS_FATOS,AFIRMACAO_CHECADA,ROTULO_FORTE,62,2022-11-17,https://www.aosfatos.org/noticias/log-urna-nao-identifica-nome-voto/
GFC_NEG_00022,"LULA é comparado a um MACACO FALANTE pelo ""The New York Times""",0,FALSO,google_factcheck,UOL_NOTÍCIAS,AFIRMACAO_CHECADA,ROTULO_FORTE,62,,https://noticias.uol.com.br/confere/ultimas-noticias/2024/02/23/charge-racista-lula-new-york-times-guerra-israel.htm
GFC_NEG_00023,Vídeo mostra Luciano Hang comemorando indicação de Flávio Bolsonaro para disputar eleição presidencial de 2026,0,FALSO,google_factcheck,AOS_FATOS,AFIRMACAO_CHECADA,ROTULO_FORTE,110,2025-12-09,https://www.aosfatos.org/noticias/video-celebracao-luciano-hang-2018-nao-apos-bolsonaro-indicar-flavio-presidencia/
GFC_NEG_00024,Campos Neto vai para os EUA e entrega à CIA dossiê com 3.847 páginas sobre corrupção de Lula e Moares,0,FALSO,google_factcheck,UOL_NOTÍCIAS,AFIRMACAO_CHECADA,ROTULO_FORTE,101,,https://noticias.uol.com.br/confere/ultimas-noticias/2026/02/20/falso-campos-neto-fuga-eua-dossie-lula-moraes-cia.htm
GFC_NEG_00025,Lula ladrão seu lugar é na prisão em plena propaganda eleitoral na Marquês de Sapucaí,0,FALSO,google_factcheck,UOL_NOTÍCIAS,AFIRMACAO_CHECADA,ROTULO_FORTE,85,,https://noticias.uol.com.br/confere/ultimas-noticias/2026/02/19/falso-video-lula-vaiado-sapucai.htm
GFC_NEG_00026,Vídeo mostra Lula recebendo refugiados muçulmanos no Brasil; cada um deles ganhará R$ 7.000 mensais por seis meses,0,FALSO,google_factcheck,AOS_FATOS,AFIRMACAO_CHECADA,ROTULO_FORTE,114,2026-04-01,https://www.aosfatos.org/noticias/falso-governo-lula-pagara-auxilios-7000-refugiados-muculmanos/
GFC_NEG_00027,CNN noticiou que ex-assessor de Moraes entregou ao TSE imagens inéditas do 8 de Janeiro,0,FALSO,google_factcheck,AOS_FATOS,AFIRMACAO_CHECADA,ROTULO_FORTE,87,2025-09-17,https://www.aosfatos.org/noticias/cnn-nao-noticiou-que-imagens-ineditas-do-8-de-janeiro-estao-em-posse-de-tagliaferro/
GFC_NEG_00028,A folha de mamão minimiza os sintomas da dengue,0,FALSO,google_factcheck,AFP_CHECAMOS,AFIRMACAO_CHECADA,ROTULO_FORTE,47,2024-02-29,https://checamos.afp.com/doc.afp.com.34KD7MK
GFC_NEG_00029,Hidroxicloroquina é eficiente no combate à covid-19,0,FALSO,google_factcheck,UOL_NOTÍCIAS,AFIRMACAO_CHECADA,ROTULO_FORTE,51,2021-05-26,https://noticias.uol.com.br/comprova/ultimas-noticias/2021/05/26/medico-engana-ao-afirmar-que-hidroxicloroquina-e-eficaz-contra-covid.htm
GFC_NEG_00030,Vaza áudio de Aldo Rebelo fazendo críticas ao PT e a Temer e defendendo Bolsonaro na questão dos preços dos combustíveis,0,FALSO,google_factcheck,PROJETO_COMPROVA,AFIRMACAO_CHECADA,ROTULO_FORTE,120,2022-06-09,https://projetocomprova.com.br/publica%C3%A7%C3%B5es/nao-e-de-aldo-rebelo-audio-que-culpa-lula-por-alta-de-combustiveis/
GFC_NEG_00031,"Uma coisa é certa: se ninguém foi preso pelo roubo do INSS e não deram 24 horas para explicar até agora, é sinal de que não tem ninguém de direita envolvido",0,FALSO,google_factcheck,UOL_NOTÍCIAS,AFIRMACAO_CHECADA,ROTULO_FORTE,156,,https://noticias.uol.com.br/confere/ultimas-noticias/2025/06/27/houve-prisoes-por-fraude-no-inss-ao-contrario-do-que-diz-post.htm
GFC_NEG_00032,EUA vazou imagens do 8/1 que mostram armação de Lula,0,FALSO,google_factcheck,AOS_FATOS,AFIRMACAO_CHECADA,ROTULO_FORTE,52,2025-03-18,https://www.aosfatos.org/noticias/e-falso-eua-vazou-imagens-8-de-janeiro-armacao-lula/
GFC_NEG_00033,"Em vídeo, homem anuncia greve de fome até que Maduro seja libertado pelos EUA",0,FALSO,google_factcheck,AOS_FATOS,AFIRMACAO_CHECADA,ROTULO_FORTE,77,2026-01-08,https://www.aosfatos.org/noticias/video-homem-anuncia-greve-fome-liberdade-maduro-gerado-ia/
GFC_NEG_00034,Juíza corajosa desafia Moraes e manda libertar Jair Bolsonaro,0,FALSO,google_factcheck,DESCONHECIDA,AFIRMACAO_CHECADA,ROTULO_FORTE,61,,https://noticias.uol.com.br/confere/ultimas-noticias/2026/04/27/falso-juiza-mandou-libertar-jair-bolsonaro.ghtm
GFC_NEG_00035,"João Pedro Stedile, bêbado, se assume como petista corrupto",0,FALSO,google_factcheck,ESTADÃO,AFIRMACAO_CHECADA,ROTULO_FORTE,59,,https://www.estadao.com.br/estadao-verifica/homem-que-se-diz-petista-ladrao-em-video-nao-e-lider-do-mst-mas-sim-ex-candidato-do-prtb/
GFC_NEG_00036,Vídeo mostra Lula fugindo do Palácio após ser vaiado,0,FALSO,google_factcheck,ESTADÃO,AFIRMACAO_CHECADA,ROTULO_FORTE,52,,https://www.estadao.com.br/estadao-verifica/video-mostra-lula-saindo-de-palco-apos-problemas-com-microfone-e-nao-fugindo-de-vaias/
GFC_NEG_00037,"Pilili, mascote da urna eletrônica, faz o L de Lula",0,FALSO,google_factcheck,BOL_-_UOL,AFIRMACAO_CHECADA,ROTULO_FORTE,51,,https://www.bol.uol.com.br/noticias/2026/05/08/falso-mascote-tse-fez-o-l.ghtm
GFC_NEG_00038,O ministro do STF Alexandre de Moraes pediu o cancelamento do documento de uma estudante que criticou o presidente Lula,0,FALSO,google_factcheck,AOS_FATOS,AFIRMACAO_CHECADA,ROTULO_FORTE,119,2024-07-09,https://www.aosfatos.org/noticias/moraes-documento-estudante-unifesp-lula/
GFC_NEG_00039,Bolsa Família priorizaria pessoas acima dos 40 anos para conceder benefício,0,FALSO,google_factcheck,METRÓPOLES,AFIRMACAO_CHECADA,ROTULO_FORTE,75,2024-09-27,https://www.metropoles.com/projeto-comprova/fake-bolsa-familia-vai-priorizar-acima-40-anos
GFC_NEG_00040,Vídeo mostra juíza dos EUA dando recado para Moraes,0,FALSO,google_factcheck,AOS_FATOS,AFIRMACAO_CHECADA,ROTULO_FORTE,51,2025-03-27,https://www.aosfatos.org/noticias/video-em-que-suposta-juiza-dos-eua-critica-moraes-foi-gerado-por-ia/
GFC_NEG_00041,"Desembargador mandou soltar na quarta (11), bolsonaristas presos em Brasília (DF).",0,FALSO,google_factcheck,AOS_FATOS,AFIRMACAO_CHECADA,ROTULO_FORTE,82,2023-01-19,https://www.aosfatos.org/noticias/falso-desembargador-mandou-soltar-presos-8-de-janeiro/
GFC_NEG_00042,"Presidente da Petrobras anuncia a melhor notícia: preço do gás de cozinha caiu R$ 0,13",0,FALSO,google_factcheck,AOS_FATOS,AFIRMACAO_CHECADA,ROTULO_FORTE,86,2023-05-19,https://www.aosfatos.org/noticias/falso-governo-lula-anunciou-queda-13-centavos-botijao-gas/
GFC_NEG_00043,Geraldo Alckmin anuncia o fim do Bolsa Família,0,FALSO,google_factcheck,AFP_CHECAMOS,AFIRMACAO_CHECADA,ROTULO_FORTE,46,2022-11-29,https://checamos.afp.com/doc.afp.com.32W76MX
GFC_NEG_00044,NUNES derruba decisão do STF - casa caiu,0,FALSO,google_factcheck,UOL_NOTÍCIAS,AFIRMACAO_CHECADA,ROTULO_FORTE,40,,https://noticias.uol.com.br/confere/ultimas-noticias/2023/07/17/decisao-de-nunes-marques-sobre-francischini-e-antiga-e-nao-esta-em-vigor.htm
GFC_NEG_00045,Exército colocou soldados e tanques na porta do STF e exige a prisão de Alexandre de Moraes,0,FALSO,google_factcheck,BOATOS.ORG,AFIRMACAO_CHECADA,ROTULO_FORTE,91,2022-11-21,https://www.boatos.org/politica/exercito-colocou-tanques-porta-stf-pede-prisao-alexandre-de-moraes.html
GFC_NEG_00046,Oxford aprova lockdown rodoviário para diminuir as emissões de carbono,0,FALSO,google_factcheck,AFP_CHECAMOS,AFIRMACAO_CHECADA,ROTULO_FORTE,70,2022-12-16,https://checamos.afp.com/doc.afp.com.33424GH
GFC_NEG_00047,Polícia encontra quarto secreto de Lula com dinheiro do INSS,0,FALSO,google_factcheck,UOL_NOTÍCIAS,AFIRMACAO_CHECADA,ROTULO_FORTE,60,,https://noticias.uol.com.br/comprova/ultimas-noticias/2025/05/09/e-falso-que-a-pf-encontrou-dinheiro-do-inss-em-quarto-secreto-de-lula.htm
GFC_NEG_00048,"Paulo Freire NUNCA foi professor, o único diploma que Paulo Freire tinha era de bacharel em direito e sua experiência em alfabetização foi com adultos no acampamento do MST",0,FALSO,google_factcheck,BOATOS.ORG,AFIRMACAO_CHECADA,ROTULO_FORTE,172,2021-09-20,https://www.boatos.org/brasil/paulo-freire-nunca-foi-professor-e-so-alfabetizou-adultos-do-mst-boato.html
GFC_NEG_00049,O CDC alertou que as vacinas COVID-19 causaram um aumento de pelo menos 14.000% nos casos de câncer nos EUA,0,FALSO,google_factcheck,AFP_CHECAMOS,AFIRMACAO_CHECADA,ROTULO_FORTE,107,2024-05-06,https://checamos.afp.com/doc.afp.com.34QU9C2
GFC_NEG_00050,Auxílio emergencial de R$ 600 trouxe endividamento mensal de R$ 50 bilhões,0,FALSO,google_factcheck,AOS_FATOS,AFIRMACAO_CHECADA,ROTULO_FORTE,74,2022-09-13,https://www.aosfatos.org/noticias/bolsonaro-mente-podcasters-evangelicos-sobre-compra-imoveis-dinheiro-vivo/
GFC_NEG_00051,Trump criticou intimação enviada por Moraes a Bolsonaro,0,FALSO,google_factcheck,AOS_FATOS,AFIRMACAO_CHECADA,ROTULO_FORTE,55,2025-04-25,https://www.aosfatos.org/noticias/trump-nao-criticou-moraes-por-intimar-bolsonaro-na-uti/
GFC_NEG_00052,Lula deu entrevista ao Jornal Nacional dizendo que vai roubar o Brasil até não ter mais dinheiro,0,FALSO,google_factcheck,ESTADÃO,AFIRMACAO_CHECADA,ROTULO_FORTE,96,,https://www.estadao.com.br/estadao-verifica/lula-entrevista-ao-jn-vou-roubar-o-brasil-falso/
GFC_NEG_00053,"""Notícia bombástica internacional confirmada agora. O presidente americano Donald Trump incluiu o nome de Luiz Inácio Lula da Silva e Alexandre de Moraes no protocolo do Veredito Final""",0,FALSO,google_factcheck,UOL_NOTÍCIAS,AFIRMACAO_CHECADA,ROTULO_FORTE,185,,https://noticias.uol.com.br/confere/ultimas-noticias/2026/01/19/falso-trump-proibiu-lula-alexandre-moraes-sair-brasil.htm
GFC_NEG_00054,Desemprego aumentou em 12 estados no primeiro trimestre.,0,FALSO,google_factcheck,ESTADÃO,AFIRMACAO_CHECADA,ROTULO_FORTE,56,,https://www.estadao.com.br/estadao-verifica/aumento-desemprego-12-estados-falsa/
GFC_NEG_00055,"""Uma vítima da vacina contra a Covid-19 afetada pela Paralisia de Bell""",0,FALSO,google_factcheck,OBSERVADOR,AFIRMACAO_CHECADA,ROTULO_FORTE,71,2022-02-07,https://observador.pt/factchecks/fact-check-estudos-comprovam-associacao-entre-vacina-contra-a-covid-19-e-a-paralisia-de-bell/
GFC_NEG_00056,Alexandre de Moraes visitou Marcola em presídio em Brasília em 2023,0,FALSO,google_factcheck,AOS_FATOS,AFIRMACAO_CHECADA,ROTULO_FORTE,67,2025-10-16,https://www.aosfatos.org/noticias/e-falso-que-moraes-visitou-marcola-em-presidio-em-2023/
GFC_NEG_00057,O Ministério da Saúde nunca indicou tratamentos para a covid-19,0,FALSO,google_factcheck,AOS_FATOS,AFIRMACAO_CHECADA,ROTULO_FORTE,63,2021-05-25,https://www.aosfatos.org/noticias/mayra-pinheiro-usa-informacoes-falsas-para-defender-cloroquina-na-cpi/
GFC_NEG_00058,Gleisi Hoffman é hostilizada no Carnaval de Salvador em 2025,0,FALSO,google_factcheck,ESTADÃO,AFIRMACAO_CHECADA,ROTULO_FORTE,60,,https://www.estadao.com.br/estadao-verifica/gleisi-hoffmann-recebida-em-salvador-com-honras/
GFC_NEG_00059,Lula rebate Trump e diz que o povo brasileiro está disposto a dar a vida por ele numa eventual guerra,0,FALSO,google_factcheck,BOL_-_UOL,AFIRMACAO_CHECADA,ROTULO_FORTE,101,,https://www.bol.uol.com.br/noticias/2026/04/23/falso-lula-brasileiros-dariam-vida-por-ele-guerra-eua.ghtm?t=%7Bseek_to_second_number%7D
GFC_NEG_00060,Papa Leão 14 mandou recado para Bolsonaro,0,FALSO,google_factcheck,AOS_FATOS,AFIRMACAO_CHECADA,ROTULO_FORTE,41,2026-01-07,https://www.aosfatos.org/noticias/papa-leao-14-nao-citou-bolsonaro-discurso-recente/
GFC_NEG_00061,"Como é que vão condenar uma pessoa [Bolsonaro] sem nenhuma prova? Porque eles têm uma única delação de um colaborador [Mauro Cid] que mudou a versão seis, sete vezes em três dias, sob coação",0,FALSO,google_factcheck,AOS_FATOS,AFIRMACAO_CHECADA,ROTULO_FORTE,190,2025-09-08,https://www.aosfatos.org/noticias/7-de-setembro-liderancas-bolsonaristas-desinformam-processo-stf-anistia-e-adelio/
GFC_NEG_00062,"Através dessa moeda digital, o governo vai saber tudo sobre a nossa vida.",0,FALSO,google_factcheck,AOS_FATOS,AFIRMACAO_CHECADA,ROTULO_FORTE,73,2025-09-16,https://www.aosfatos.org/noticias/drex-nao-foi-criado-por-lula-e-nao-acaba-com-poupanca-ou-dinheiro-fisico/
GFC_NEG_00063,"""Presidente da Croácia interrompeu a campanha de vacinação contra a Covid-19 no país.""",0,FALSO,google_factcheck,OBSERVADOR,AFIRMACAO_CHECADA,ROTULO_FORTE,86,2021-11-21,https://observador.pt/factchecks/fact-check-presidente-croata-interrompeu-a-campanha-de-vacinacao-contra-a-covid-19/
GFC_NEG_00064,Lula recusou compra de vacina contra a dengue em 2023,0,FALSO,google_factcheck,AFP_CHECAMOS,AFIRMACAO_CHECADA,ROTULO_FORTE,53,2023-12-29,https://checamos.afp.com/doc.afp.com.34982E6
GFC_NEG_00065,Nova pesquisa mostra Flávio Bolsonaro à frente de Lula em Pernambuco,0,FALSO,google_factcheck,DESCONHECIDA,AFIRMACAO_CHECADA,ROTULO_FORTE,68,2026-04-13,https://checamos.afp.com/doc.afp.com.A7MM963
GFC_NEG_00066,Trump diz que Lula tem sangue de ‘lampião a álcool’,0,FALSO,google_factcheck,DESCONHECIDA,AFIRMACAO_CHECADA,ROTULO_FORTE,51,2026-04-27,https://www.aosfatos.org/noticias/trump-lula-sangue-lampiao-alcool/
GFC_NEG_00067,Lula diz que não é fácil aturar o líder do PCC Marcola,0,FALSO,google_factcheck,AFP_CHECAMOS,AFIRMACAO_CHECADA,ROTULO_FORTE,54,2024-03-13,https://checamos.afp.com/doc.afp.com.34LH4EV
GFC_NEG_00068,Ministros do TSE levaram apenas um minuto e seis segundos para cassar Deltan Dallagnol,0,FALSO,google_factcheck,AOS_FATOS,AFIRMACAO_CHECADA,ROTULO_FORTE,86,2023-05-22,https://www.aosfatos.org/noticias/falso-julgamento-tse-deltan-dallagnol-dois-minutos/
GFC_NEG_00069,Lula foi fiscalizar a armação pqp. Lula fala que no dia da invasão estava em Araraquara,0,FALSO,google_factcheck,UOL_NOTÍCIAS,AFIRMACAO_CHECADA,ROTULO_FORTE,87,2023-04-25,https://noticias.uol.com.br/confere/ultimas-noticias/2023/04/25/lula-foi-a-araraquara-em-81-e-voltou-a-brasilia-no-mesmo-dia-apos-ataques.htm
GFC_NEG_00070,Receita Federal do Brasil Comunicado importante! Identificamos divergências no seu IRPF (Imposto de Renda Pessoa Física).,0,FALSO,google_factcheck,BOATOS.ORG,AFIRMACAO_CHECADA,ROTULO_FORTE,121,2023-05-25,https://www.boatos.org/tecnologia/receita-federal-envia-e-mail-sobre-divergencias-no-imposto-de-renda.html
GFC_NEG_00071,Vídeo mostra Bolsonaro e Michelle comemorando prisão domiciliar em 2026,0,FALSO,google_factcheck,AFP_CHECAMOS,AFIRMACAO_CHECADA,ROTULO_FORTE,71,2026-04-02,https://checamos.afp.com/doc.afp.com.A6LU69F
GFC_NEG_00072,No jornal italiano saiu que o filho do Alexandre de Moraes agrediu Roberto Mantovani. Eu acredito no jornal italiano e não no ditador Xandão,0,FALSO,google_factcheck,UOL_NOTÍCIAS,AFIRMACAO_CHECADA,ROTULO_FORTE,140,,https://noticias.uol.com.br/confere/ultimas-noticias/2023/07/20/jornal-italiano-nao-publicou-que-filho-de-moraes-agrediu-empresario.htm
GFC_NEG_00073,Suzane Von Richthofen será candidata a vereadora pelo PT,0,FALSO,google_factcheck,AOS_FATOS,AFIRMACAO_CHECADA,ROTULO_FORTE,56,2021-10-15,https://www.aosfatos.org/noticias/e-falso-que-suzane-von-richthofen-sera-candidata-a-vereadora-pelo-pt/
GFC_NEG_00074,Vídeo mostra ato a favor de Bolsonaro que a imprensa não vai mostrar,0,FALSO,google_factcheck,ESTADÃO,AFIRMACAO_CHECADA,ROTULO_FORTE,68,,https://www.estadao.com.br/estadao-verifica/manifestacao-pro-bolsonaro-7-de-setembro-ia-falso/
GFC_NEG_00075,Brasil é o maior produtor de alimentos do mundo,0,FALSO,google_factcheck,AOS_FATOS,AFIRMACAO_CHECADA,ROTULO_FORTE,47,2022-06-20,https://www.aosfatos.org/noticias/ciro-tebet-janones-exageram-numeros-empregos-petrobras/
GFC_NEG_00076,Governo Lula pagará o décimo terceiro do Bolsa Família em 2023,0,FALSO,google_factcheck,AOS_FATOS,AFIRMACAO_CHECADA,ROTULO_FORTE,62,2023-11-28,https://www.aosfatos.org/noticias/falso-decimo-terceiro-bolsa-familia-2023/
GFC_NEG_00077,Randolfe mentiu sobre vacinação contra covid,0,FALSO,google_factcheck,BOL_-_UOL,AFIRMACAO_CHECADA,ROTULO_FORTE,44,2023-06-07,https://www.bol.uol.com.br/noticias/2023/06/07/fotos-de-randolfe-apos-aplicacao-de-vacinas-nao-provam-farsa-da-vacinacao.htm
GFC_NEG_00078,Cenas mostram protestos contra a prisão de Jair Bolsonaro (PL) no dia 22 de novembro de 2025,0,FALSO,google_factcheck,AOS_FATOS,AFIRMACAO_CHECADA,ROTULO_FORTE,92,2025-11-24,https://www.aosfatos.org/noticias/e-falso-que-videos-mostram-protestos-recentes-contra-prisao-de-bolsonaro/
GFC_NEG_00079,Fonte militar de Brasília (do governo) garante que houve fraude e que haverá intervenção após 2º turno das eleições,0,FALSO,google_factcheck,BOATOS.ORG,AFIRMACAO_CHECADA,ROTULO_FORTE,115,2022-10-09,https://www.boatos.org/politica/fonte-militar-brasilia-governo-garante-houve-fraude-e-havera-intervencao-apos-2-turno-eleicoes.html
GFC_NEG_00080,Barroso sempre foi a favor do voto impresso,0,FALSO,google_factcheck,UOL_NOTÍCIAS,AFIRMACAO_CHECADA,ROTULO_FORTE,43,2022-06-28,https://noticias.uol.com.br/confere/ultimas-noticias/2022/06/28/e-falso-que-ministro-barroso-defendeu-voto-impresso-em-2017.htm
GFC_NEG_00081,Deputada Erika Hilton faltou em 33% das sessões na Câmara,0,FALSO,google_factcheck,ESTADÃO,AFIRMACAO_CHECADA,ROTULO_FORTE,57,,https://www.estadao.com.br/estadao-verifica/erika-hilton-faltou-33-das-sessoes-da-camara-falso/
GFC_NEG_00082,Donald Trump afirmou que vai prender Alexandre de Moraes assim que assumir a Presidência dos EUA,0,FALSO,google_factcheck,AOS_FATOS,AFIRMACAO_CHECADA,ROTULO_FORTE,96,2024-11-19,https://www.aosfatos.org/noticias/trump-nao-disse-que-apos-tomar-posse-prendera-alexandre-de-moraes/
GFC_NEG_00083,Moraes disse que minuta golpista nunca existiu,0,FALSO,google_factcheck,AOS_FATOS,AFIRMACAO_CHECADA,ROTULO_FORTE,46,2025-09-12,https://www.aosfatos.org/noticias/moraes-nao-disse-que-minuta-do-golpe-nunca-existiu/
GFC_NEG_00084,Repórter mostrou o vídeo de manifestação de Nikolas para Trump,0,FALSO,google_factcheck,AFP_CHECAMOS,AFIRMACAO_CHECADA,ROTULO_FORTE,62,2026-01-28,https://checamos.afp.com/doc.afp.com.94CN2WE
GFC_NEG_00085,Vídeo mostra Lula embriagado convidando casais para esquentarem Vale do Anhangabaú,0,FALSO,google_factcheck,ESTADÃO,AFIRMACAO_CHECADA,ROTULO_FORTE,82,,https://www.estadao.com.br/estadao-verifica/lula-video-velocidade-reduzida-estado-lastimavel/
GFC_NEG_00086,Infiltrado do MST é gravado quebrando vidraças em Brasília,0,FALSO,google_factcheck,AOS_FATOS,AFIRMACAO_CHECADA,ROTULO_FORTE,58,2023-01-10,https://www.aosfatos.org/noticias/falso-integrante-mst-infiltrado-brasilia/
GFC_NEG_00087,"alho ajuda como repelente para o aedes aegypti, o mosquito da dengue",0,FALSO,google_factcheck,BOATOS.ORG,AFIRMACAO_CHECADA,ROTULO_FORTE,68,2024-03-04,https://www.boatos.org/saude/alho-previne-dengue-serve-repelente-mosquito-aedes-aegypti.html
GFC_NEG_00088,"Com provas de fraude eleitoral em mãos pela auditoria do exército, STM dá ao ministro Alexandre de Moraes 72 horas para explicar manipulações jurídicas do TSE nas eleições de 2022.",0,FALSO,google_factcheck,BOATOS.ORG,AFIRMACAO_CHECADA,ROTULO_FORTE,180,2022-11-03,https://www.boatos.org/politica/stm-da-72-horas-para-alexandre-de-moraes-explicar-manipulacoes-tse-nas-eleicoes-2022.html
GFC_NEG_00089,Érika Hilton é expulsa da comissão e passa vergonha na frente de todos,0,FALSO,google_factcheck,BOL_-_UOL,AFIRMACAO_CHECADA,ROTULO_FORTE,70,,https://www.bol.uol.com.br/noticias/2026/04/06/e-falso-que-erika-hilton-foi-expulsa-da-comissao-da-mulher.htm?t={seek_to_second_number}
GFC_NEG_00090,Lula anunciou redução no salário mínimo em 2025,0,FALSO,google_factcheck,ESTADÃO,AFIRMACAO_CHECADA,ROTULO_FORTE,47,,https://www.estadao.com.br/estadao-verifica/reducao-salario-minimo-2025-falso/
GFC_NEG_00091,Erika Hilton foi convidada a ser ministra do governo Lula,0,FALSO,google_factcheck,AOS_FATOS,AFIRMACAO_CHECADA,ROTULO_FORTE,57,2022-10-07,https://www.aosfatos.org/noticias/e-falso-que-erika-hilton-foi-convidada-para-ministerio-no-governo-lula/
GFC_NEG_00092,Riscos. Precisam investigar! Jovens morrendo de parada cardíaca. Bolsonaro tem razão,0,FALSO,google_factcheck,BOATOS.ORG,AFIRMACAO_CHECADA,ROTULO_FORTE,84,2021-09-30,https://www.boatos.org/saude/jovens-estao-morrendo-parada-cardiaca-por-tomar-vacina-pfizer-contra-covid-19.html
GFC_NEG_00093,"Em áudio, Lula parabeniza Moraes pela prisão de Bolsonaro",0,FALSO,google_factcheck,AOS_FATOS,AFIRMACAO_CHECADA,ROTULO_FORTE,57,2025-12-02,https://www.aosfatos.org/noticias/e-falso-audio-em-que-lula-parabeniza-moraes-pela-prisao-de-bolsonaro/
GFC_NEG_00094,Advogada detalha golpe que o PT vem realizando contra os aposentados do INSS,0,FALSO,google_factcheck,AOS_FATOS,AFIRMACAO_CHECADA,ROTULO_FORTE,76,2024-06-05,https://www.aosfatos.org/noticias/para-culpar-pt-video-desconto-indevido-aposentadoria-inss/
GFC_NEG_00095,"""Mau... O governo austríaco que se decida... VÍDEO | Viena (Áustria), também há vacinação em bordéis, se for inoculado ganha um prémio: 30 minutos de sexo grátis com uma prostituta. Mas ao mesmo tempo fez um confinamento para os não injectados.""",0,FALSO,google_factcheck,OBSERVADOR,AFIRMACAO_CHECADA,ROTULO_FORTE,245,2021-11-30,https://observador.pt/factchecks/fact-check-governo-austriaco-promoveu-vacinacao-em-bordeis-com-direito-a-30-minutos-de-sexo-gratis/
GFC_NEG_00096,Influenciador bolsonarista que curtiu comentário de Elon Musk contra Alexandre de Moraes é multado em R$ 50 mil,0,FALSO,google_factcheck,UOL_NOTÍCIAS,AFIRMACAO_CHECADA,ROTULO_FORTE,111,,https://noticias.uol.com.br/confere/ultimas-noticias/2024/04/12/g1-nao-noticiou-que-influenciador-foi-multado-por-curtir-post-de-musk.htm
GFC_NEG_00097,Lula se irrita e se recusa a falar com morador de favela em SP,0,FALSO,google_factcheck,AOS_FATOS,AFIRMACAO_CHECADA,ROTULO_FORTE,62,2025-07-07,https://www.aosfatos.org/noticias/lula-nao-se-recusou-a-falar-com-morador-de-comunidade-em-sp/
GFC_NEG_00098,"Em 2023, Bolsa Família será de R$150 e não mais de R$600, como prometido em campanha.",0,FALSO,google_factcheck,AOS_FATOS,AFIRMACAO_CHECADA,ROTULO_FORTE,85,2023-01-18,https://www.aosfatos.org/noticias/falso-lula-reduziu-bolsa-familia-para-150/
GFC_NEG_00099,Polícia descobriu galpão com 100 mil celulares em fazenda de engajamento de Nikolas Ferreira e Flávio Bolsonaro,0,FALSO,google_factcheck,AOS_FATOS,AFIRMACAO_CHECADA,ROTULO_FORTE,111,2026-04-22,https://www.aosfatos.org/noticias/fazenda-likes-nikolas-ferreira-flavio-bolsonaro/
GFC_NEG_00100,OMS se desculpou por não recomendar cloroquina e ivermectina contra a covid-19,0,FALSO,google_factcheck,AFP_CHECAMOS,AFIRMACAO_CHECADA,ROTULO_FORTE,78,2022-02-22,https://checamos.afp.com/doc.afp.com.323P4BA
GFC_NEG_00101,"O PT quer estabelecer políticas de 36 anos a partir do PL 1/2023, o que é quase uma nova Constituição",0,FALSO,google_factcheck,AFP_CHECAMOS,AFIRMACAO_CHECADA,ROTULO_FORTE,101,2023-01-11,https://checamos.afp.com/doc.afp.com.336V4D6
GFC_NEG_00102,Alô Alexandre de Moraes - os índios do município de Manicoré querem saber aonde foi parar os votos que eles depositaram nas urnas. Será que alguém poderia garantir esse direito?,0,FALSO,google_factcheck,BOATOS.ORG,AFIRMACAO_CHECADA,ROTULO_FORTE,177,2022-11-06,https://www.boatos.org/politica/manicore-am-zero-votos-para-bolsonaro-urnas-foram-fraudadas-cidade.html
GFC_NEG_00103,Ex-PCC diz que facção ordenou voto em Lula,0,FALSO,google_factcheck,AOS_FATOS,AFIRMACAO_CHECADA,ROTULO_FORTE,42,2024-04-22,https://www.aosfatos.org/noticias/falso-comunicado-pcc-ordenando-voto-lula-2022/
GFC_NEG_00104,"Em uma nota técnica, o Ministério da Saúde diz que a cloroquina funciona e que as vacinas não. O documento contraria especialistas ouvidos pelo próprio ministério",0,FALSO,google_factcheck,UOL_NOTÍCIAS,AFIRMACAO_CHECADA,ROTULO_FORTE,162,2023-03-10,https://noticias.uol.com.br/confere/ultimas-noticias/2023/03/10/video-antigo-cita-nota-tecnica-de-2022-contra-vacina-como-se-fosse-atual.htm
GFC_NEG_00105,Ministro Fernando Haddad mandando ao vivo no G1 o som A Novinha Senta Apampa,0,FALSO,google_factcheck,UOL_NOTÍCIAS,AFIRMACAO_CHECADA,ROTULO_FORTE,76,,https://noticias.uol.com.br/confere/ultimas-noticias/2023/07/28/haddad-vai-novinha-ah-ah-ah-funk-violao-g1.htm
GFC_NEG_00106,Lula pede ao TSE para barrar vídeos na internet durante as eleições,0,FALSO,google_factcheck,BOL_-_UOL,AFIRMACAO_CHECADA,ROTULO_FORTE,67,,https://www.bol.uol.com.br/noticias/2026/04/14/falso-lula-pediu-tse-proibir-videos-na-internet-eleicoes.ghtm
GFC_NEG_00107,A taxa de letalidade do Amapá é baixa devido ao tratamento precoce,0,FALSO,google_factcheck,AOS_FATOS,AFIRMACAO_CHECADA,ROTULO_FORTE,66,2021-06-02,https://www.aosfatos.org/noticias/ao-defender-tratamento-precoce-heinze-falseia-fatos-e-distorce-dados-na-cpi-da-covid-19/
GFC_NEG_00108,"Atenção Notícia urgente, Alexandre de Moraes assume que houve falhas nas eleições, isso mesmo vocês não entenderam errado no próprio site oficial",0,FALSO,google_factcheck,BOATOS.ORG,AFIRMACAO_CHECADA,ROTULO_FORTE,145,2023-04-30,https://www.boatos.org/politica/alexandre-de-moraes-assume-que-houve-falha-nas-eleicoes-boato.html
GFC_NEG_00109,Mil pessoas do MST invadiram uma fazenda do apresentador Ratinho.,0,FALSO,google_factcheck,ESTADÃO,AFIRMACAO_CHECADA,ROTULO_FORTE,65,,https://www.estadao.com.br/estadao-verifica/falso-mil-integrantes-mst-invadido-fazenda-ratinho/
GFC_NEG_00110,"Homem ao lado de Lula no Complexo do Alemão, RJ, foi preso em SP após ataque a Tarcísio de Freitas",0,FALSO,google_factcheck,AFP_CHECAMOS,AFIRMACAO_CHECADA,ROTULO_FORTE,98,2022-10-21,https://checamos.afp.com/doc.afp.com.32LV49E
GFC_NEG_00111,"Inflação é culpa do ""fique em casa"" e Amazônia úmida não pega fogo",0,FALSO,google_factcheck,UOL_NOTÍCIAS,AFIRMACAO_CHECADA,ROTULO_FORTE,66,2021-11-26,https://noticias.uol.com.br/confere/ultimas-noticias/2021/11/26/bolsonaro-mentira-amazonia-nao-pega-fogo-inflacao-redetv.htm
GFC_NEG_00112,STM decretou que eleições foram fraudadas; Bolsonaro segue presidente e Congresso e STF foram destituídos,0,FALSO,google_factcheck,AOS_FATOS,AFIRMACAO_CHECADA,ROTULO_FORTE,105,2022-12-05,https://www.aosfatos.org/noticias/falso-stm-decretou-bolsonaro-fique-na-presidencia/
GFC_NEG_00113,Nikolas Ferreira diz que ministro Luiz Fux precisa concluir pesquisa para libertar Bolsonaro,0,FALSO,google_factcheck,ESTADÃO,AFIRMACAO_CHECADA,ROTULO_FORTE,92,,https://www.estadao.com.br/estadao-verifica/fux-inocenta-bolsonaro-pesquisa-soltar-ex-presidente/
GFC_NEG_00114,Adolescente de 13 anos morreu em Santa Catarina por causa da vacina da Pfizer contra a covid-19,0,FALSO,google_factcheck,UOL_NOTÍCIAS,AFIRMACAO_CHECADA,ROTULO_FORTE,95,2022-01-12,https://noticias.uol.com.br/confere/ultimas-noticias/2022/01/12/vacina-e-morte-de-garota-de-13-anos-em-sc.htm
GFC_NEG_00115,Títulos de eleitor encontrados no lixo reciclável no Ceará provam fraude eleitoral no estado.,0,FALSO,google_factcheck,AOS_FATOS,AFIRMACAO_CHECADA,ROTULO_FORTE,93,2022-11-21,https://www.aosfatos.org/noticias/falso-titulos-eleitor-lixo-provam-fraude/
GFC_NEG_00116,"Enquanto isso, em Roma, no Restaurante Alfredo, um dos mais caros da Itália, Gilmar Mendes e Lullinha fazem a festa !!!",0,FALSO,google_factcheck,BOATOS.ORG,AFIRMACAO_CHECADA,ROTULO_FORTE,119,2022-10-24,https://www.boatos.org/politica/gilmar-mendes-e-flagrado-jantando-com-o-filho-de-lula-lulinha-em-restaurante-na-italia-boato.html
GFC_NEG_00117,Parece que o Brasil DESPIOROU com o Presidente @jairmessiasbolsonaro! Com o PT a estrada era desasfaltada e com Bolsonaro ela foi desemlameada!,0,FALSO,google_factcheck,UOL_NOTÍCIAS,AFIRMACAO_CHECADA,ROTULO_FORTE,143,2021-07-21,https://noticias.uol.com.br/confere/ultimas-noticias/2021/07/21/flavio-bolsonaro-republica-video-falso-checado-ha-mais-de-um-ano.htm
GFC_NEG_00118,Lula foi vaiado em Alagoas e aconselhado pela primeira-dama a deixar evento,0,FALSO,google_factcheck,AGÊNCIA_TATU,AFIRMACAO_CHECADA,ROTULO_FORTE,75,2024-07-08,https://www.agenciatatu.com.br/noticia/e-falso-que-lula-tenha-sido-vaiado-em-alagoas/
GFC_NEG_00119,Eleições com urna eletrônica não são limpas,0,FALSO,google_factcheck,UOL_NOTÍCIAS,AFIRMACAO_CHECADA,ROTULO_FORTE,43,2021-07-08,https://noticias.uol.com.br/confere/ultimas-noticias/2021/07/08/eleicoes-brasil-fraude.htm
GFC_NEG_00120,Vídeo mostra motociata em Brasília no dia do julgamento de Jair Bolsonaro,0,FALSO,google_factcheck,ESTADÃO,AFIRMACAO_CHECADA,ROTULO_FORTE,73,,https://www.estadao.com.br/estadao-verifica/motociata-brasilia-dia-julgamento-jair-bolsonaro-enganoso/
GFC_NEG_00121,"Em vídeo, Musk diz que Moraes não consegue nem bloquear sinal de celular em presídio",0,FALSO,google_factcheck,AFP_CHECAMOS,AFIRMACAO_CHECADA,ROTULO_FORTE,84,2024-04-17,https://checamos.afp.com/doc.afp.com.34PK42N
GFC_NEG_00122,"Lula diz que, se Trump invadir Cuba, Brasil estará pronto para ajudar a proteger a ‘soberania’ do país",0,FALSO,google_factcheck,AOS_FATOS,AFIRMACAO_CHECADA,ROTULO_FORTE,102,2026-04-20,https://www.aosfatos.org/noticias/lula-brasil-cuba-eua/
GFC_NEG_00123,MST destruiu em 2015 o laboratório de pesquisas para vacinas,0,FALSO,google_factcheck,AOS_FATOS,AFIRMACAO_CHECADA,ROTULO_FORTE,60,2021-05-27,https://www.aosfatos.org/noticias/nao-e-verdade-que-mst-destruiu-laboratorio-de-vacinas-em-2015/
GFC_NEG_00124,Lula pede em áudio providências contra Flávio Bolsonaro,0,FALSO,google_factcheck,AOS_FATOS,AFIRMACAO_CHECADA,ROTULO_FORTE,55,2025-12-12,https://www.aosfatos.org/noticias/lula-nao-gravou-audio-pede-medidas-contra-candidatura-flavio-bolsonaro-2026/
GFC_NEG_00125,"Áudio atribuído ao Dr. Nelson Modesto dizendo o que descobriu em sua análise sobre as vacinas covid. O estudo prova que as vacinas com insumo chinês desenvolvem doença autoimune e câncer. Foi detectado citomegalovírus, HIV, HPV e outros vírus nas vacinas, que contêm nagalase, óxido de grafeno e nanopartículas de grafeno. A proteína spike provoca a doença de prion. E os políticos estão tentando calar os médicos.",0,FALSO,google_factcheck,PROJETO_COMPROVA,AFIRMACAO_CHECADA,ROTULO_FORTE,414,2021-11-11,https://projetocomprova.com.br/publica%C3%A7%C3%B5es/vacina-contra-a-covid-19-e-segura-e-nao-gera-hiv-cancer-ou-hpv/
GFC_NEG_00126,"Em vídeo, Alexandre de Moraes faz ameaças a adversários e diz ‘o que é deles está guardado’",0,FALSO,google_factcheck,AOS_FATOS,AFIRMACAO_CHECADA,ROTULO_FORTE,91,2026-03-11,https://www.aosfatos.org/noticias/video-em-que-alexandre-de-moraes-faz-ameacas-e-gerado-por-ia/
GFC_NEG_00127,MPF já entrou com impeachment contra Gilmar Mendes e não conseguiu,0,FALSO,google_factcheck,AOS_FATOS,AFIRMACAO_CHECADA,ROTULO_FORTE,66,2022-03-21,https://www.aosfatos.org/noticias/corrente-gilmar-mendes-STF/
GFC_NEG_00128,Vídeo mostra Bolsonaro chegando a aeroporto na Argentina,0,FALSO,google_factcheck,AOS_FATOS,AFIRMACAO_CHECADA,ROTULO_FORTE,56,2023-11-23,https://www.aosfatos.org/noticias/falso-gravacao-bolsonaro-aeroporto-argentina/
GFC_NEG_00129,Lula confirmou uma lista com nomes de 800 mil pessoas acima dos 60 anos que perderão o salário de R$ 1.412 do Instituto Nacional do Seguro Social (INSS),0,FALSO,google_factcheck,UOL_NOTÍCIAS,AFIRMACAO_CHECADA,ROTULO_FORTE,152,,https://noticias.uol.com.br/comprova/ultimas-noticias/2024/11/21/lula-nao-confirmou-lista-com-800-mil-idosos-que-perderiam-beneficio-do-inss.htm
GFC_NEG_00130,O gás baixou 13 centavos,0,FALSO,google_factcheck,ESTADÃO,AFIRMACAO_CHECADA,ROTULO_FORTE,24,,https://www.estadao.com.br/estadao-verifica/petrobras-reducao-13-centavos-botijao-de-gas/
GFC_NEG_00131,OMS ordenou que países façam lockdown para conter a Mpox,0,FALSO,google_factcheck,AOS_FATOS,AFIRMACAO_CHECADA,ROTULO_FORTE,56,2024-08-16,https://www.aosfatos.org/noticias/oms-nao-ordenou-isolamento-social-mpox/
GFC_NEG_00132,Bolsonaro demitiu 13.710 ‘comunistas do PT’ que comandavam universidades,0,FALSO,google_factcheck,AOS_FATOS,AFIRMACAO_CHECADA,ROTULO_FORTE,72,2021-12-16,https://www.aosfatos.org/noticias/e-falso-que-bolsonaro-demitiu-13710-comunistas-do-pt-que-comandavam-universidades/
GFC_NEG_00133,"""Primeiro-ministro holandês confirma que houve fraude eleitoral no Brasil""",0,FALSO,google_factcheck,OBSERVADOR,AFIRMACAO_CHECADA,ROTULO_FORTE,74,2022-12-15,https://observador.pt/factchecks/fact-check-primeiro-ministro-holandes-reconheceu-que-houve-fraude-eleitoral-nas-presidenciais-do-brasil/
GFC_NEG_00134,"FHC é fundador do PT, para quem não sabe!!! Ou seja... agora temos revelado o que estava oculto por trás de uma ""richa"" político partidária entre os dois ladrões...",0,FALSO,google_factcheck,BOATOS.ORG,AFIRMACAO_CHECADA,ROTULO_FORTE,164,2021-05-24,https://www.boatos.org/politica/fhc-foi-fundador-pt-oposicao-lula-apenas-teatro.html
GFC_NEG_00135,Protesto contra o Moraes na Suíça,0,FALSO,google_factcheck,ESTADÃO,AFIRMACAO_CHECADA,ROTULO_FORTE,33,,https://www.estadao.com.br/estadao-verifica/falso-suica-protesto-contra-alexandre-de-moraes/
GFC_NEG_00136,Lula disse para as pessoas ‘irem a pé’ para contornar aumento do preço da gasolina,0,FALSO,google_factcheck,AOS_FATOS,AFIRMACAO_CHECADA,ROTULO_FORTE,82,2026-03-16,https://www.aosfatos.org/noticias/lula-nao-disse-vai-a-pe-resposta-aumento-preco-gasolina/
GFC_NEG_00137,Solução caseira de vinagre de álcool vai resolver o surto de dengue no Brasil.,0,FALSO,google_factcheck,OBSERVADOR,AFIRMACAO_CHECADA,ROTULO_FORTE,78,2024-02-26,https://observador.pt/factchecks/fact-check-solucao-caseira-de-vinagre-de-alcool-vai-resolver-surto-de-dengue-no-brasil/
GFC_NEG_00138,Vídeo mostra manifestação contra anistia em 21 de setembro de 2025,0,FALSO,google_factcheck,DESCONHECIDA,AFIRMACAO_CHECADA,ROTULO_FORTE,66,2025-09-22,https://www.aosfatos.org/noticias/posts-compartilham-video-de-ia-como-se-fosse-registro-real-de-ato-na-paulista/
GFC_NEG_00139,"*BOMBAAAAAA* TODOS COMPRANDO A *VEJA* NESSA SEGUNDA. *Que notícia boa, Filho de Lulladrão e vários políticos de esquerda acionistas da Petrobrás, por isso, o PT não quis a CPI.",0,FALSO,google_factcheck,BOATOS.ORG,AFIRMACAO_CHECADA,ROTULO_FORTE,176,2022-07-05,https://www.boatos.org/politica/veja-mostra-filho-de-lula-e-politicos-de-esquerda-sao-acionista-da-petrobras.html
GFC_NEG_00140,Site do TSE mostra que Bolsonaro arrecadou R$ 125 milhões com doações via PIX em 2023,0,FALSO,google_factcheck,AFP_CHECAMOS,AFIRMACAO_CHECADA,ROTULO_FORTE,85,2023-06-30,https://checamos.afp.com/doc.afp.com.33LR9BB
GFC_NEG_00141,Etchegoyen disse que o resultado das eleições de 2022 foi manipulado,0,FALSO,google_factcheck,AOS_FATOS,AFIRMACAO_CHECADA,ROTULO_FORTE,68,2023-07-05,https://www.aosfatos.org/noticias/falso-etchegoyen-resultado-manipulado-eleicoes-2022/
GFC_NEG_00142,Denuncia gravíssima. Alexandre de Moraes faz ritual de magia negra com crianças. Assistam,0,FALSO,google_factcheck,BOATOS.ORG,AFIRMACAO_CHECADA,ROTULO_FORTE,89,2022-12-21,https://www.boatos.org/politica/alexandre-de-moraes-participa-de-rituais-de-magia-negra-com-criancas.html
GFC_NEG_00143,Alexandre de Moraes retirou toda a segurança pessoal de Bolsonaro,0,FALSO,google_factcheck,AOS_FATOS,AFIRMACAO_CHECADA,ROTULO_FORTE,65,2025-10-01,https://www.aosfatos.org/noticias/moraes-nao-retirou-seguranca-pessoal-bolsonaro/
GFC_NEG_00144,"""No nosso governo a gente combateu tanto a corrupção que até eu fui preso""",0,FALSO,google_factcheck,OBSERVADOR,AFIRMACAO_CHECADA,ROTULO_FORTE,74,2022-10-30,https://observador.pt/factchecks/fact-check-lula-disse-o-meu-governo-combateu-tanto-a-corrupcao-que-eu-ate-fui-preso/
GFC_NEG_00145,"Público grita ‘Lula ladrão, seu lugar é na prisão’ na Sapucaí",0,FALSO,google_factcheck,AOS_FATOS,AFIRMACAO_CHECADA,ROTULO_FORTE,61,2026-02-19,https://www.aosfatos.org/noticias/video-que-mostra-vaias-a-lula-na-sapucai-usa-audio-manipulado/
GFC_NEG_00146,"""Casal encontrou registo de votos na rua que comprova fraude nas eleições do Brasil"".",0,FALSO,google_factcheck,OBSERVADOR,AFIRMACAO_CHECADA,ROTULO_FORTE,85,2022-11-27,https://observador.pt/factchecks/fact-check-registo-de-votos-encontrado-na-rua-prova-fraude-nas-eleicoes-brasileiras/
GFC_NEG_00147,The New York Times divulgou delação em que Maduro incrimina Lula e Moraes,0,FALSO,google_factcheck,AOS_FATOS,AFIRMACAO_CHECADA,ROTULO_FORTE,73,2026-01-21,https://www.aosfatos.org/noticias/e-falso-new-york-times-divulgou-delacao-em-que-maduro-incrimina-lula-e-moraes/
GFC_NEG_00148,Matéria publicada nos EUA mostra que houve fraude nas eleições do Brasil e que Bolsonaro é o verdadeiro eleito,0,FALSO,google_factcheck,ESTADÃO,AFIRMACAO_CHECADA,ROTULO_FORTE,110,,https://www.estadao.com.br/estadao-verifica/analise-estados-unidos-fraude-eleicoes-brasileiras/
GFC_NEG_00149,"Se explorar esse petróleo tiver problemas para a Amazônia, certamente não será explorado. Mas eu acho difícil, porque é a 530 km de distância da Amazônia",0,FALSO,google_factcheck,AOS_FATOS,AFIRMACAO_CHECADA,ROTULO_FORTE,153,2023-05-24,https://www.aosfatos.org/noticias/checamos-lula-exterior-petrobras-amazonia/
GFC_NEG_00150,"IDOSO É PRESO, APÓS FAZER S*** COM QUATRO GAROTAS DE PROGRAMA EM CABARÉ, E NA HORA DE PAGAR, DISSE QUE QUEM PAGARIA A CONTA, SERIA O CANDIDATO A PRESIDÊNCIA, CIRO GOMES.",0,FALSO,google_factcheck,BOATOS.ORG,AFIRMACAO_CHECADA,ROTULO_FORTE,169,2023-08-13,https://www.boatos.org/politica/idoso-preso-dizer-ciro-gomes-pagaria-garotas-de-programa.html
GFC_NEG_00151,Lula recebeu notificação direta de Donald Trump para libertar Bolsonaro,0,FALSO,google_factcheck,UOL_NOTÍCIAS,AFIRMACAO_CHECADA,ROTULO_FORTE,71,,https://noticias.uol.com.br/confere/ultimas-noticias/2026/01/28/falso-trump-oficio-lula-libertacao-bolsonaro.htm
GFC_NEG_00152,HADDAD FLAGRADO COMEMORANDO O COMUNISMO DO PT NO BRASIL. ESTÃO APAGANDO ESSE VÍDEO DA INTERNET. DIVULGUEM AO MÁXIMO ESSA COMEMORAÇÃO DO COMUNISMO QUE O PT NEGA REPRESENTAR.,0,FALSO,google_factcheck,BOATOS.ORG,AFIRMACAO_CHECADA,ROTULO_FORTE,172,2022-01-27,https://www.boatos.org/politica/haddad-flagrado-comemorando-implantacao-comunismo-pt-no-brasil.html
GFC_NEG_00153,Lula fez pronunciamento afirmando que o preço dos alimentos vai subir,0,FALSO,google_factcheck,AOS_FATOS,AFIRMACAO_CHECADA,ROTULO_FORTE,69,2023-12-14,https://www.aosfatos.org/noticias/video-lula-aumento-precos-alimentos-2020-nao-atual/
GFC_NEG_00154,Novas regras do Pix: Lula vai cobrar tarifa para transferência,0,FALSO,google_factcheck,BOATOS.ORG,AFIRMACAO_CHECADA,ROTULO_FORTE,62,2023-02-03,https://www.boatos.org/politica/novas-regras-pix-lula-vai-cobrar-tarifa-para-transferencia.html
GFC_NEG_00155,"Governo aumenta alíquota do imposto de renda de 27,5% para 35%",0,FALSO,google_factcheck,UOL_NOTÍCIAS,AFIRMACAO_CHECADA,ROTULO_FORTE,62,,https://noticias.uol.com.br/confere/ultimas-noticias/2023/09/05/e-falso-suposto-decreto-do-governo-que-aumenta-aliquota-do-ir-para-35.htm
GFC_NEG_00156,"Bolsonaro: ” Pobre ñ sabe lidar com dinheiro. Patrão ñ devia dar dinheiro pra trabalhador, só casa e comida. Dê dinheiro pra pobre e ele vai gastar tudo em pinga e cigarro”",0,FALSO,google_factcheck,BOATOS.ORG,AFIRMACAO_CHECADA,ROTULO_FORTE,172,2021-12-19,https://www.boatos.org/politica/bolsonaro-diz-que-pobre-nao-sabe-lidar-com-dinheiro-patrao-nao-devia-dar-pagar.html
GFC_NEG_00157,Aprovado o voto impresso no brasil,0,FALSO,google_factcheck,ESTADÃO,AFIRMACAO_CHECADA,ROTULO_FORTE,34,,https://www.estadao.com.br/estadao-verifica/eduardo-girao-comemora-voto-impresso/
GFC_NEG_00158,Bolsonaro apoia o ditador Maduro porque ele falou mal do TSE! Parece piada mas não é!,0,FALSO,google_factcheck,BOATOS.ORG,AFIRMACAO_CHECADA,ROTULO_FORTE,85,2024-08-01,https://www.boatos.org/politica/bolsonaro-apoia-maduro-apos-ele-criticar-eleicoes-no-brasil.html
GFC_NEG_00159,Criança de 7 anos vacinada contra covid desenvolve doença,0,FALSO,google_factcheck,PROJETO_COMPROVA,AFIRMACAO_CHECADA,ROTULO_FORTE,57,2025-04-11,https://projetocomprova.com.br/publica%C3%A7%C3%B5es/video-usa-imagens-de-crianca-com-doenca-rara-para-desinformar-sobre-vacina-contra-a-covid-19/
GFC_NEG_00160,"Volta Bolsonaro, assim pede a torcida do flamengo, simplesmente a maior do Brasil, eu sou uma rubro negra baiana e estou com o Mito.",0,FALSO,google_factcheck,BOATOS.ORG,AFIRMACAO_CHECADA,ROTULO_FORTE,132,2024-02-12,https://www.boatos.org/esporte/torcida-flamengo-gritou-volta-bolsonaro-durante-jogo-2024.html
GFC_NEG_00161,"Drauzio Varella: A vacina da dengue é transgênica, altera o dna e causa câncer Veneno OGM - Organismo Geneticamente Modificado Vacina Qdenga transgênica Perigo",0,FALSO,google_factcheck,BOATOS.ORG,AFIRMACAO_CHECADA,ROTULO_FORTE,159,2024-02-03,https://www.boatos.org/saude/drauzio-varella-disse-vacina-contra-dengue-qdenga-transgenica-altera-dna-causa-cancer.html
GFC_NEG_00162,Vídeo mostra Gleisi Hoffmann caindo no chão ao protestar contra carreata bolsonarista,0,FALSO,google_factcheck,AOS_FATOS,AFIRMACAO_CHECADA,ROTULO_FORTE,85,2021-09-15,https://www.aosfatos.org/noticias/nao-e-gleisi-hoffmann-mulher-que-leva-tombo-em-video-de-carreata-bolsonarista/
GFC_NEG_00163,O Itaú Unibanco processa Tarcísio Gomes de Freitas pelo que disse ao vivo na TV,0,FALSO,google_factcheck,BOATOS.ORG,AFIRMACAO_CHECADA,ROTULO_FORTE,79,2024-07-25,https://www.boatos.org/politica/itau-processa-tarcisio-gomes-de-freitas-por-causa-de-investimento-em-criptomoedas.html
GFC_NEG_00164,Marina Silva usou bolsa de R$ 52 mil da grife Hermès em vista ao RS,0,FALSO,google_factcheck,AOS_FATOS,AFIRMACAO_CHECADA,ROTULO_FORTE,67,2023-09-19,https://www.aosfatos.org/noticias/bolsa-marina-silva-visita-rio-grande-do-sul/
GFC_NEG_00165,VAI COMEÇAR O LOCKDOWN OMS ORDENA QUE GOVERNOS SE PREPAREM PARA “MEGA BLOQUEIOS” DEVIDO À CEPA MORTAL DA “VARÍOLA DOS MACACOS,0,FALSO,google_factcheck,BOATOS.ORG,AFIRMACAO_CHECADA,ROTULO_FORTE,125,2024-08-24,https://www.boatos.org/saude/oms-decretou-lockdown-por-causa-de-mpox-variola-dos-macacos.html
GFC_NEG_00166,Governo Lula anuncia o fim do Bolsa Família,0,FALSO,google_factcheck,AOS_FATOS,AFIRMACAO_CHECADA,ROTULO_FORTE,43,2023-09-25,https://www.aosfatos.org/noticias/falso-video-antigo-lula-fim-do-bolsa-familia/
GFC_NEG_00167,Nova pesquisa mostra Flávio Bolsonaro à frente de Lula em Pernambuco,0,FALSO,google_factcheck,AFP_CHECAMOS,AFIRMACAO_CHECADA,ROTULO_FORTE,68,2026-04-13,https://checamos.afp.com/doc.afp.com.A7MM963
GFC_NEG_00168,"Beatriz Souza em entrevista para o SporTV: “essa medalha eu dedico ao nosso Capitão Jair Bolsonaro, eu desejo muito que em 2028 que ele volte a ser presidente”.",0,FALSO,google_factcheck,BOATOS.ORG,AFIRMACAO_CHECADA,ROTULO_FORTE,160,2024-08-04,https://www.boatos.org/esporte/beatriz-souza-e-bolsonarista-dedicou-medalha-de-ouro-a-bolsonaro-e-apareceu-em-foto-com-ex-presidente.html
GFC_NEG_00169,"Vídeo divulgado nas redes sociais indica o uso de vinagre de álcool como repelente contra o mosquito da dengue. Nas imagens, um homem que diz ser presidente do Comitê da Dengue de São Miguel do Iguaçu (PR) afirma que colocar o produto em recipientes no chão dos cômodos da casa funciona para afastar o Aedes aegypti.",0,FALSO,google_factcheck,FOLHA_-_UOL,AFIRMACAO_CHECADA,ROTULO_FORTE,316,2024-02-16,https://www1.folha.uol.com.br/equilibrioesaude/2024/02/vinagre-de-alcool-nao-e-recomendado-como-medida-para-combater-mosquito-da-dengue.shtml
GFC_NEG_00170,"Joaquim Barbosa, ele diz claramente lá: 'O único deputado de tal partido que não foi buscar dinheiro na Petrobras foi o senhor Jair Bolsonaro'",0,FALSO,google_factcheck,UOL_NOTÍCIAS,AFIRMACAO_CHECADA,ROTULO_FORTE,142,2022-10-24,https://noticias.uol.com.br/confere/ultimas-noticias/2022/10/24/bolsonaro-sabatina-tv-record-23-outubro.htm
GFC_NEG_00171,Mauro Cid não usou o termo ‘golpe’ em delação à PF,0,FALSO,google_factcheck,AOS_FATOS,AFIRMACAO_CHECADA,ROTULO_FORTE,50,2025-03-10,https://www.aosfatos.org/noticias/mauro-cid-termo-golpe-delacao-pf/
GFC_NEG_00172,Ministro do Supremo Tribunal Federal (STF) Gilmar Mendes nunca teve registro na Ordem dos Advogados do Brasil (OAB),0,FALSO,google_factcheck,ESTADÃO,AFIRMACAO_CHECADA,ROTULO_FORTE,115,,https://www.estadao.com.br/estadao-verifica/gilmar-mendes-registro-oab-advogado-falso/
GFC_NEG_00173,Intercept admite não ter provas do pagamento do valor para o filme de Bolsonaro,0,FALSO,google_factcheck,BOL_-_UOL,AFIRMACAO_CHECADA,ROTULO_FORTE,79,2026-05-15,https://www.bol.uol.com.br/noticias/2026/05/15/falso-intercept-admitiu-nao-provas-flavio-bolsonaro-vorcaro.amp.htm
GFC_NEG_00174,Conta de Alexandre de Moraes foi suspensa no X após briga com Musk,0,FALSO,google_factcheck,UOL_NOTÍCIAS,AFIRMACAO_CHECADA,ROTULO_FORTE,66,,https://noticias.uol.com.br/confere/ultimas-noticias/2024/04/10/conta-de-moraes-nao-foi-suspensa-no-x-perfil-segue-no-ar.htm
GFC_NEG_00175,Governo editou decreto que aumenta alíquota do Imposto de Renda,0,FALSO,google_factcheck,ESTADÃO,AFIRMACAO_CHECADA,ROTULO_FORTE,63,,https://www.estadao.com.br/estadao-verifica/aumento-aliquota-imposto-renda-falso/
GFC_NEG_00176,Alexandre de Moraes disse: “vamos corroer a democracia por dentro”,0,FALSO,google_factcheck,AOS_FATOS,AFIRMACAO_CHECADA,ROTULO_FORTE,66,2024-04-18,https://www.aosfatos.org/noticias/falso-alexandre-de-moraes-corroer-a-democracia-por-dentro/
GFC_NEG_00177,Plano de fuga da cúpula do PT já está sendo tratada pelo José Dirceu. O mesmo foi visto no Chile”,0,FALSO,google_factcheck,BOATOS.ORG,AFIRMACAO_CHECADA,ROTULO_FORTE,97,2022-10-22,https://www.boatos.org/politica/jose-dirceu-foi-para-chile-preparar-plano-fuga-da-cupula-do-pt.html
GFC_NEG_00178,PF descobre que Moraes recebeu R$ 30 milhões por mês para prender Bolsonaro,0,FALSO,google_factcheck,AOS_FATOS,AFIRMACAO_CHECADA,ROTULO_FORTE,75,2026-03-10,https://www.aosfatos.org/noticias/nao-e-verdade-que-moraes-recebeu-propina-para-prender-bolsonaro/
GFC_NEG_00179,Elon Musk baniu Alexandre de Moraes do X,0,FALSO,google_factcheck,AOS_FATOS,AFIRMACAO_CHECADA,ROTULO_FORTE,40,2024-04-08,https://www.aosfatos.org/noticias/falso-elon-musk-baniu-alexandre-de-moraes/
GFC_NEG_00180,"SE VC VOTOU NO BOLSONARO… LEIA A MSG ABAIXO. Cotrim Bolsonaro: POR ESSA O GOVERNO, NÃO ESPERAVA! PROJETO DE EMENDA À CONSTITUIÇÃO DE INICIATIVA POPULAR ENTREGUE ONTEM AO CONGRESSO NACIONAL COM O NÚMERO RECORDE DE 2. 500. 000. 000 (DOIS MILHÕES E QUINHENTAS MIL ASSINATURAS!!",0,FALSO,google_factcheck,BOATOS.ORG,AFIRMACAO_CHECADA,ROTULO_FORTE,274,2021-09-17,https://www.boatos.org/politica/cotrim-bolsonaro-entrega-pec-de-reforma-do-congresso-com-25-milhoes-de-assinaturas.html
GFC_NEG_00181,Desemprego dispara com o Lula,0,FALSO,google_factcheck,AOS_FATOS,AFIRMACAO_CHECADA,ROTULO_FORTE,29,2023-07-18,https://www.aosfatos.org/noticias/falso-desemprego-disparou-lula/
GFC_NEG_00182,"Bolsonaro assinou MP decidindo que planos de saúde só precisam cobrir tratamentos que estejam na lista da Conitec. Quem tem câncer, doenças raras, ficará sem tratamento. Conitec é que autorizou cloroquina para covid",0,FALSO,google_factcheck,PROJETO_COMPROVA,AFIRMACAO_CHECADA,ROTULO_FORTE,215,2022-03-09,https://projetocomprova.com.br/publica%C3%A7%C3%B5es/mp-assinada-por-bolsonaro-nao-impede-atendimento-de-pessoas-com-cancer/
GFC_NEG_00183,Pessoa com tatuagem do Lula e tornozeleira eletrônica na mesma perna,0,FALSO,google_factcheck,AOS_FATOS,AFIRMACAO_CHECADA,ROTULO_FORTE,68,2024-04-25,https://www.aosfatos.org/noticias/falso-foto-tatuagem-lula-tornozeleira-eletronica/
GFC_NEG_00184,Análises de laboratório da UFSM atestaram traços de agrotóxicos em arroz produzido pelo MST comercializado com selo de orgânico,0,FALSO,google_factcheck,UOL_NOTÍCIAS,AFIRMACAO_CHECADA,ROTULO_FORTE,127,2023-05-02,https://noticias.uol.com.br/confere/ultimas-noticias/2023/05/02/arroz-produzido-pelo-mst-nao-possui-agrotoxicos-corrente-e-falsa.htm
GFC_NEG_00185,Ivermectina é bom para o tratamento da dengue,0,FALSO,google_factcheck,AOS_FATOS,AFIRMACAO_CHECADA,ROTULO_FORTE,45,2024-02-09,https://www.aosfatos.org/noticias/nao-ha-evidencias-cientificas-ivermectina-dengue/
GFC_NEG_00186,"A Petrobras, ao longo de 14 anos de PT, se endividou em aproximadamente 900 bilhões de reais.",0,FALSO,google_factcheck,UOL_NOTÍCIAS,AFIRMACAO_CHECADA,ROTULO_FORTE,93,2022-08-29,https://noticias.uol.com.br/confere/ultimas-noticias/2022/08/29/bolsonaro-e-lula-o-que-e-falso-e-o-que-e-verdadeiro-no-1-embate-direto.htm
GFC_NEG_00187,Áudio mostra Moraes ameaçando Hugo Motta e Davi Alcolumbre caso sejam pautados seu impeachment e anistia aos golpistas do 8 de Janeiro.,0,FALSO,google_factcheck,AOS_FATOS,AFIRMACAO_CHECADA,ROTULO_FORTE,135,2025-08-12,https://www.aosfatos.org/noticias/e-falso-audio-atribuido-a-moraes-com-ameacas-a-motta-e-alcolumbre/
GFC_NEG_00188,Governo Lula anunciou que vai acabar com o Bolsa Família,0,FALSO,google_factcheck,UOL_NOTÍCIAS,AFIRMACAO_CHECADA,ROTULO_FORTE,56,,https://noticias.uol.com.br/confere/ultimas-noticias/2025/12/19/governo-nao-decretou-fim-do-bolsa-familia-postagem-distorce-reportagem.htm
GFC_NEG_00189,Lula promete aumentar imposto de renda e confiscar poupança,0,FALSO,google_factcheck,UOL_NOTÍCIAS,AFIRMACAO_CHECADA,ROTULO_FORTE,59,2022-11-16,https://noticias.uol.com.br/confere/ultimas-noticias/2022/11/16/lula-confiscar-poupancas-imposto-de-renda-falso.htm
GFC_NEG_00190,Lula recusou a compra da vacina contra a dengue,0,FALSO,google_factcheck,AOS_FATOS,AFIRMACAO_CHECADA,ROTULO_FORTE,47,2023-07-13,https://www.aosfatos.org/noticias/falso-governo-lula-recusou-vacina-dengue/
GFC_NEG_00191,Vídeo da Débora voltando para casa após meses como presa política,0,FALSO,google_factcheck,AFP_CHECAMOS,AFIRMACAO_CHECADA,ROTULO_FORTE,65,2025-04-07,https://checamos.afp.com/doc.afp.com.39FH9ZP
GFC_NEG_00192,Decisão de Alexandre de Moraes sobre Coaf vai impedir investigações sobre fraude no INSS,0,FALSO,google_factcheck,AOS_FATOS,AFIRMACAO_CHECADA,ROTULO_FORTE,88,2025-08-29,https://www.aosfatos.org/noticias/decisao-de-moraes-sobre-relatorios-do-coaf-nao-impede-investigacao-de-fraude-no-inss/
GFC_NEG_00193,A retirada das redes desse pessoal já está sendo acertada com o Supremo e o TSE,0,FALSO,google_factcheck,UOL_NOTÍCIAS,AFIRMACAO_CHECADA,ROTULO_FORTE,79,2022-11-14,https://noticias.uol.com.br/confere/ultimas-noticias/2022/11/14/e-falso-que-randolfe-assumiu-atuar-contra-politicos-de-direita-no-whatsapp.htm
GFC_NEG_00194,""" Bill Gates admitiu implantar microchips nas vacinas contra a Covid-19"".",0,FALSO,google_factcheck,OBSERVADOR,AFIRMACAO_CHECADA,ROTULO_FORTE,73,2021-08-26,https://observador.pt/factchecks/fact-check-bill-gates-confirmou-que-chips-foram-implantados-nas-vacinas/
GFC_NEG_00195,"Eu não aumento, a Petrobras é obrigada a aumentar o preço [dos combustíveis], porque ela tem que seguir a legislação.",0,FALSO,google_factcheck,UOL_NOTÍCIAS,AFIRMACAO_CHECADA,ROTULO_FORTE,117,2021-10-28,https://noticias.uol.com.br/confere/ultimas-noticias/2021/10/28/live-bolsonaro-checagem-preco-gasolina-empregos.htm
GFC_NEG_00196,Pessoas foram votar e candidatos não apareciam na tela. Iam votar no 17 e aparecia nulo ou automaticamente o 13. Quem ia votar no 13 não aparecia 17 ou nulo,0,FALSO,google_factcheck,UOL_NOTÍCIAS,AFIRMACAO_CHECADA,ROTULO_FORTE,156,2021-07-29,https://noticias.uol.com.br/confere/ultimas-noticias/2021/07/29/checagem-live-bolsonaro-alega-fraude-eleitoral-voto-eletronico.htm
GFC_NEG_00197,Gleisi Hoffmann previu derrota do PT em áudio gravado após primeiro debate de 2022,0,FALSO,google_factcheck,AFP_CHECAMOS,AFIRMACAO_CHECADA,ROTULO_FORTE,82,2022-09-10,https://checamos.afp.com/doc.afp.com.32J34VY
GFC_NEG_00198,Proteína spike sintética tem feito lesões na parede muscular de vacinados,0,FALSO,google_factcheck,ESTADÃO,AFIRMACAO_CHECADA,ROTULO_FORTE,73,,https://www.estadao.com.br/estadao-verifica/medica-falsas-alegacoes-vacina-covid-19/
GFC_NEG_00199,Urnas em Serafina Corrêa tinham 81% dos votos previamente computados para Lula,0,FALSO,google_factcheck,AFP_CHECAMOS,AFIRMACAO_CHECADA,ROTULO_FORTE,78,2022-10-01,https://checamos.afp.com/doc.afp.com.32KJ2NE
GFC_NEG_00200,PT doou R$ 14 bilhões do BNDES para governo de Angola,0,FALSO,google_factcheck,AOS_FATOS,AFIRMACAO_CHECADA,ROTULO_FORTE,53,2021-10-08,https://www.aosfatos.org/noticias/e-falso-que-pt-doou-r-14-bilhoes-do-bndes-para-governo-de-angola/
GFC_NEG_00201,Lei 14.534/23 obriga atualização do CPF para receber benefícios federais,0,FALSO,google_factcheck,AOS_FATOS,AFIRMACAO_CHECADA,ROTULO_FORTE,72,2024-01-05,https://www.aosfatos.org/noticias/falso-nova-lei-cpf-bolsa-familia/
GFC_NEG_00202,General Manda Tomar Código Fonte a Força De Moraes. Com a Paciência Pouca Ele Abre o Jogo: 'Vou Mostrar Quem Manda'. A Paciência Acabou,0,FALSO,google_factcheck,UOL_NOTÍCIAS,AFIRMACAO_CHECADA,ROTULO_FORTE,135,2023-06-20,https://noticias.uol.com.br/confere/ultimas-noticias/2023/06/20/girao-nao-ordenou-que-codigo-fonte-das-urnas-fosse-tomado-a-forca-do-tse.htm
GFC_NEG_00203,Tecnólogo desafia o sistema e revela com detalhes como as urnas foram fraudadas. Ele expõe com detalhes o caminho dos votos roubados de Bolsonaro,0,FALSO,google_factcheck,ESTADÃO,AFIRMACAO_CHECADA,ROTULO_FORTE,145,,https://www.estadao.com.br/estadao-verifica/nulos-brancos-transferidos-lula-2022-falso/
GFC_NEG_00204,Anunciadas prisões de Eduardo e Michelle Bolsonaro após delação premiada de Mauro Cid,0,FALSO,google_factcheck,ESTADÃO,AFIRMACAO_CHECADA,ROTULO_FORTE,85,,https://www.estadao.com.br/estadao-verifica/anunciada-prisao-eduardo-michelle-bolsonaro-delacao-mauro-cid-falso/
GFC_NEG_00205,"REAJUSTE DAS APOSENTADORIAS: Eu só gostaria de saber qual a justificativa para o fato de o bolsa família, onde ninguém trabalha, ter o dobro do aumento dos aposentados que trabalharam a vida toda SOMOS mais de trinta milhões de aposentados",0,FALSO,google_factcheck,BOATOS.ORG,AFIRMACAO_CHECADA,ROTULO_FORTE,239,2024-02-03,https://www.boatos.org/brasil/reajuste-bolsa-familia-dobro-reajuste-aposentadorias-2024.html
GFC_NEG_00206,O governo de Lula teve a indecência de cancelar um aumento de 24 reais no Bolsa Família.,0,FALSO,google_factcheck,ESTADÃO,AFIRMACAO_CHECADA,ROTULO_FORTE,88,,https://www.estadao.com.br/estadao-verifica/governo-lula-reajuste-24-reais-bolsa-familia-cancelou/
GFC_NEG_00207,"Brigada Militar de Serafina Corrêa apreendeu quatro urnas eletrônicas no carro de um homem chamado Thiago Feronato e 3 delas já tinham votos para Lula (PT), que correspondia a 81%",0,FALSO,google_factcheck,UOL_NOTÍCIAS,AFIRMACAO_CHECADA,ROTULO_FORTE,179,2022-10-02,https://noticias.uol.com.br/confere/ultimas-noticias/2022/10/02/mensagem-falsa-de-2018-sobre-urnas-apreendidas-no-rs-e-reciclada.htm
GFC_NEG_00208,Não tinha vacina contra a covid-19 pra vender,0,FALSO,google_factcheck,UOL_NOTÍCIAS,AFIRMACAO_CHECADA,ROTULO_FORTE,45,2022-07-22,https://noticias.uol.com.br/confere/ultimas-noticias/2022/07/22/nao-tinha-pra-vender-bolsonaro-mente-sobre-atraso-em-compra-de-vacina.htm
GFC_NEG_00209,Putin diz que na Rússia golpistas são executados em referência à prisão de Bolsonaro,0,FALSO,google_factcheck,AFP_CHECAMOS,AFIRMACAO_CHECADA,ROTULO_FORTE,84,2025-11-28,https://checamos.afp.com/doc.afp.com.86J4463
GFC_NEG_00210,Mortos votaram na eleição de 2022 e site revela votos,0,FALSO,google_factcheck,PROJETO_COMPROVA,AFIRMACAO_CHECADA,ROTULO_FORTE,53,2024-08-06,https://projetocomprova.com.br/publica%C3%A7%C3%B5es/video-mostra-site-falso-para-alegar-que-mortos-teriam-votado-nas-eleicoes-de-2022/
GFC_NEG_00211,Delegado da PF mandou prender o ministro do STF Alexandre de Moraes,0,FALSO,google_factcheck,AOS_FATOS,AFIRMACAO_CHECADA,ROTULO_FORTE,67,2022-07-04,https://www.aosfatos.org/noticias/nao-e-verdade-delegado-mandou-prender-alexandre-de-moraes/
GFC_NEG_00212,Protesto em Copacabana em 1º de agosto de 2021 a favor do voto impresso,0,FALSO,google_factcheck,AFP_CHECAMOS,AFIRMACAO_CHECADA,ROTULO_FORTE,71,2021-08-02,https://checamos.afp.com/doc.afp.com.9JE7DM
GFC_NEG_00213,"""Mais mortalidade associada à vacina da Covid-19 do que o somatório de todas as vacinas nos 31 anos anteriores"".",0,FALSO,google_factcheck,OBSERVADOR,AFIRMACAO_CHECADA,ROTULO_FORTE,112,2021-07-22,https://observador.pt/factchecks/fact-check-mais-mortalidade-associada-a-vacina-da-covid-19-do-que-o-somatorio-de-todas-as-vacinas-nos-31-anos-anteriores/
GFC_NEG_00214,Jair Bolsonaro se baseou em texto da revista Exame ao relacionar vacinas anticovid à aids,0,FALSO,google_factcheck,AFP_CHECAMOS,AFIRMACAO_CHECADA,ROTULO_FORTE,89,2022-12-30,https://checamos.afp.com/doc.afp.com.336A99P
GFC_NEG_00215,Eu tive um sintoma igualzinho ao que eu tive da primeira vez que eu fui infectado. O que eu fiz? Tomei aquilo [cloroquina]. E ponto final. E depois fui fazer o exame. Não deu nada.,0,FALSO,google_factcheck,UOL_NOTÍCIAS,AFIRMACAO_CHECADA,ROTULO_FORTE,180,2021-05-27,https://noticias.uol.com.br/confere/ultimas-noticias/2021/05/27/live-bolsonaro-checagem-cloroquina-desemprego-vacina-pfizer.htm
GFC_NEG_00216,Operações da PF em janeiro e fevereiro ocorreram logo após eventos promovidos pelo ex-presidente Bolsonaro,0,FALSO,google_factcheck,AOS_FATOS,AFIRMACAO_CHECADA,ROTULO_FORTE,106,2024-02-08,https://www.aosfatos.org/noticias/moraes-autorizou-operacoes-da-pf-antes-de-eventos-bolsonaro/
GFC_NEG_00217,MP Eleitoral cassou direitos políticos de Nikolas Ferreira (PL-MG),0,FALSO,google_factcheck,AOS_FATOS,AFIRMACAO_CHECADA,ROTULO_FORTE,66,2025-07-11,https://www.aosfatos.org/noticias/nikolas-ferreira-nao-teve-direitos-politicos-cassados-pelo-mp-eleitoral/
GFC_NEG_00218,"Reforma tributária do Lula, vai vender seu imóvel 25% de imposto, vai comprar seu imóvel vc também paga 25% de imposto.",0,FALSO,google_factcheck,BOATOS.ORG,AFIRMACAO_CHECADA,ROTULO_FORTE,119,2024-07-19,https://www.boatos.org/politica/imposto-para-compra-e-venda-de-imoveis-vai-ser-de-25-com-a-reforma-tributaria.html
GFC_NEG_00219,Foi Jair Bolsonaro quem acionou agentes da Polícia Penal para avisar que tornozeleira estava sem bateria,0,FALSO,google_factcheck,AOS_FATOS,AFIRMACAO_CHECADA,ROTULO_FORTE,104,2025-11-24,https://www.aosfatos.org/noticias/posts-mentem-ao-afirmar-que-bolsonaro-nao-violou-tornozeleira-eletronica/
GFC_NEG_00220,Ivete Sangalo enalteceu Lula durante entrevista,0,FALSO,google_factcheck,AOS_FATOS,AFIRMACAO_CHECADA,ROTULO_FORTE,47,2025-08-14,https://www.aosfatos.org/noticias/video-em-que-ivete-sangalo-defende-lula-sobre-tarifaco-foi-manipulado-por-ia/
GFC_NEG_00221,https://www.instagram.com/reel/DR23RUzDhQb/,0,FALSO,google_factcheck,ESTADÃO,AFIRMACAO_CHECADA,ROTULO_FORTE,43,,https://www.estadao.com.br/estadao-verifica/audio-moraes-linguajar-evangelico-ia/
GFC_NEG_00222,Bolsonaro deixou pronta a ponte sobre o rio Araguaia,0,FALSO,google_factcheck,AOS_FATOS,AFIRMACAO_CHECADA,ROTULO_FORTE,52,2026-02-05,https://www.aosfatos.org/noticias/direita-esquerda-compartilham-mentiras-ponte-entre-para-e-tocantins/
GFC_NEG_00223,Vitaminas são capazes de prevenir e ivermectina de tratar a infecção pelo vírus Nipah,0,FALSO,google_factcheck,AOS_FATOS,AFIRMACAO_CHECADA,ROTULO_FORTE,85,2026-01-29,https://www.aosfatos.org/noticias/em-video-medico-mente-sobre-o-virus-nipah-e-as-vacinas-contra-a-covid-19/
GFC_NEG_00224,"O Lula sobe 1% a cada 0,5% que Jair Bolsonaro cai",0,FALSO,google_factcheck,UOL_NOTÍCIAS,AFIRMACAO_CHECADA,ROTULO_FORTE,49,2022-10-05,https://noticias.uol.com.br/confere/ultimas-noticias/2022/10/05/e-falso-que-virada-de-lula-foi-ditada-por-algoritmo-como-diz-post.htm
GFC_NEG_00225,"Eleitores de Lula não precisarão voltar às urnas no 2º turno, diz Moraes",0,FALSO,google_factcheck,UOL_NOTÍCIAS,AFIRMACAO_CHECADA,ROTULO_FORTE,72,2022-10-12,https://noticias.uol.com.br/confere/ultimas-noticias/2022/10/12/e-falso-que-eleitores-de-lula-nao-precisam-votar-no-2-turno.htm
GFC_NEG_00226,Jorge Messias chorou após votação no Senado que o rejeitou para o STF,0,FALSO,google_factcheck,DESCONHECIDA,AFIRMACAO_CHECADA,ROTULO_FORTE,69,,https://www.bol.uol.com.br/noticias/2026/05/04/e-ia-imagem-de-messias-chorando-apos-ser-rejeitado-para-o-stf.ghtm
GFC_NEG_00227,Primeiro ministro Húngaro escapa de um atentado.* *A arma falhou no momento do disparo.* *Lembremos que foi a embaixada da Hungria que hospedou Bolsonaro recentemente em Brasília.*,0,FALSO,google_factcheck,BOATOS.ORG,AFIRMACAO_CHECADA,ROTULO_FORTE,180,2024-04-16,https://www.boatos.org/mundo/ministro-da-hungria-sofre-atentado-em-que-arma-falha-apos-visita-de-bolsonaro.html
GFC_NEG_00228,Deputado do PT apresentou PL para policiais portarem armas descarregadas,0,FALSO,google_factcheck,AFP_CHECAMOS,AFIRMACAO_CHECADA,ROTULO_FORTE,72,2022-06-21,https://checamos.afp.com/doc.afp.com.32CY3RW
GFC_NEG_00229,Alexandre de Moraes diz que quem for para as ruas no dia 25 vai estar cometendo crime,0,FALSO,google_factcheck,AOS_FATOS,AFIRMACAO_CHECADA,ROTULO_FORTE,85,2024-02-21,https://www.aosfatos.org/noticias/moraes-ato-bolsonaro-crime/
GFC_NEG_00230,Eu tinha uma cópia do Diário do Congresso. Tá comigo até hoje. O resto foi incinerado ou pintado de negrito,0,FALSO,google_factcheck,AOS_FATOS,AFIRMACAO_CHECADA,ROTULO_FORTE,107,2022-08-08,https://www.aosfatos.org/noticias/bolsonaro-no-flow/
GFC_NEG_00231,Bolsonaro é ovacionado em aeroporto no Equador,0,FALSO,google_factcheck,AFP_CHECAMOS,AFIRMACAO_CHECADA,ROTULO_FORTE,46,2021-05-28,https://checamos.afp.com/video-de-bolsonaro-em-aeroporto-foi-gravado-em-2017-no-brasil-nao-no-equador
GFC_NEG_00232,"Fraude eleitoral: USAID pagou US$ 500 mil à empresa Smartmatic, que forneceu urnas eletrônicas ao Brasil em 2022",0,FALSO,google_factcheck,ESTADÃO,AFIRMACAO_CHECADA,ROTULO_FORTE,112,,https://www.estadao.com.br/estadao-verifica/usaid-500-mil-smartmatic-urnas-eleicoes-2022-falso/
GFC_NEG_00233,Lula quer o comprovante do voto impresso para confirmar a vitória do Maduro na Venezuela porque não confia nas urnas eletrônicas,0,FALSO,google_factcheck,AOS_FATOS,AFIRMACAO_CHECADA,ROTULO_FORTE,128,2024-09-18,https://www.aosfatos.org/noticias/falso-lula-criticou-urna-eletronica-atas-eleitorais-venezuela/
GFC_NEG_00234,Vendas da Ypê dispararam depois de foto de Flávio Bolsonaro com detergentes da marca,0,FALSO,google_factcheck,ESTADÃO,AFIRMACAO_CHECADA,ROTULO_FORTE,84,,https://www.estadao.com.br/estadao-verifica/foto-de-flavio-bolsonaro-com-detergentes-ype-foi-gerada-artificialmente/
GFC_NEG_00235,"VORCARO ABRE A BOCA E ENTREGA MORAES, TOFFOLI E LULINHA",0,FALSO,google_factcheck,UOL_NOTÍCIAS,AFIRMACAO_CHECADA,ROTULO_FORTE,55,,https://noticias.uol.com.br/confere/ultimas-noticias/2026/05/07/falso-delacao-vorcaro-moraes-lulinha-adelio-atentado-bolsonaro.ghtm
GFC_NEG_00236,Gilmar Mendes e Tóffolli foram enfiados no STF de forma ilegal,0,FALSO,google_factcheck,AOS_FATOS,AFIRMACAO_CHECADA,ROTULO_FORTE,62,2022-03-21,https://www.aosfatos.org/noticias/corrente-gilmar-mendes-STF/
GFC_NEG_00237,"""VERGONHA: ESPOSA DE GILMAR MENDES PERDE O CONTROLE! Quando questionada por um repórter da Band sobre sua nomeação vergonhosa em Itaipu, com um salário de R$ 37.000,00 pagos pelo povo, a esposa de Gilmar Mendes simplesmente perdeu a cabeça!""",0,FALSO,google_factcheck,BOL_-_UOL,AFIRMACAO_CHECADA,ROTULO_FORTE,241,,https://www.bol.uol.com.br/noticias/2025/05/01/mulher-agride-reporter-band-esposa-gilmar-mendes-falso.htm
GFC_NEG_00238,Lula diz que educação de relacionamento homoafetivo nas escolas é prioridade,0,FALSO,google_factcheck,AOS_FATOS,AFIRMACAO_CHECADA,ROTULO_FORTE,76,2022-10-30,https://www.aosfatos.org/noticias/falso-lula-educacao-de-relacionamento-homoafetivo/
GFC_NEG_00239,Votos de eleitores mortos de Camaçari foram computador para Lula no 2º turno das eleições de 2022,0,FALSO,google_factcheck,ESTADÃO,AFIRMACAO_CHECADA,ROTULO_FORTE,97,,https://www.estadao.com.br/estadao-verifica/e-falso-que-eleitores-mortos-votaram-em-lula-nas-eleicoes-de-2022/
GFC_NEG_00240,Donald Trump disse que Lula é um 'desastre total' no poder,0,FALSO,google_factcheck,ESTADÃO,AFIRMACAO_CHECADA,ROTULO_FORTE,58,,https://www.estadao.com.br/estadao-verifica/donald-trump-lula-desastre-total-falso/
GFC_NEG_00241,Vídeo mostra reação de Gilmar Mendes às novas revelações da ‘Vaza Toga’,0,FALSO,google_factcheck,AOS_FATOS,AFIRMACAO_CHECADA,ROTULO_FORTE,71,2025-08-06,https://www.aosfatos.org/noticias/video-nao-mostra-gilmar-mendes-criticando-revelacoes-da-vaza-toga/
GFC_NEG_00242,"Lula usou R$ 12,4 bilhões no cartão corporativo e Bolsonaro R$ 27,6 milhões",0,FALSO,google_factcheck,AFP_CHECAMOS,AFIRMACAO_CHECADA,ROTULO_FORTE,75,2026-02-26,https://checamos.afp.com/doc.afp.com.992Y7KE
GFC_NEG_00243,"Bruno Maranhão, um dos líderes fortes do MST, foi preso com um avião, carregado de drogas, armas e muita grana, braço direito de LULA nas invasões de terra pelo Brasil.",0,FALSO,google_factcheck,BOATOS.ORG,AFIRMACAO_CHECADA,ROTULO_FORTE,168,2020-02-18,https://www.boatos.org/politica/bruno-maranhao-lider-mst-braco-direito-lula-preso-drogas-armas-grana.html
GFC_NEG_00244,Site do TSE mostra o total de doações recentes feitas por apoiadores para Bolsonaro via Pix,0,FALSO,google_factcheck,AOS_FATOS,AFIRMACAO_CHECADA,ROTULO_FORTE,91,2023-06-27,https://www.aosfatos.org/noticias/video-dados-tse-nao-doacoes-pix-para-bolsonaro/
GFC_NEG_00245,"Bolsonaro na Expointer 2024. RBS informou? Não. Bolsonaro na Expointer 2024 que terminou ontem, 01/09.",0,FALSO,google_factcheck,BOATOS.ORG,AFIRMACAO_CHECADA,ROTULO_FORTE,102,2024-09-04,https://www.boatos.org/politica/bolsonaro-ovacionado-expointer-2024-rio-grande-do-sul.html
GFC_NEG_00246,"Trump proibiu todas as vacinas de mRNA, e emitiu ordens para prender seus fabricantes",0,FALSO,google_factcheck,AFP_CHECAMOS,AFIRMACAO_CHECADA,ROTULO_FORTE,85,2025-03-14,https://checamos.afp.com/doc.afp.com.372F789
GFC_NEG_00247,Nestor Cerveró foi reconduzido por Lula ao mesmo cargo na Petrobras,0,FALSO,google_factcheck,ESTADÃO,AFIRMACAO_CHECADA,ROTULO_FORTE,67,,https://www.estadao.com.br/estadao-verifica/nestor-cervero-lula-cargo-petrobras/
GFC_NEG_00248,BMW apreendida com ‘Careca do INSS’ pertencia a esposa de ministro do TCU indicado por Bolsonaro,0,FALSO,google_factcheck,AOS_FATOS,AFIRMACAO_CHECADA,ROTULO_FORTE,96,2025-05-26,https://www.aosfatos.org/noticias/bmw-apreendida-careca-do-inss-nao-pertencia-mulher-ministro-tcu-bolsonaro/
GFC_NEG_00249,Mike Benz afirmou em entrevista que funcionários do governo americano trabalharam no TSE em 2022,0,FALSO,google_factcheck,AOS_FATOS,AFIRMACAO_CHECADA,ROTULO_FORTE,96,2025-02-20,https://www.aosfatos.org/noticias/nao-ha-provas-funcionarios-governo-americano-trabalharam-tse-2022/
GFC_NEG_00250,Galeria mostra petistas infiltrados presos por participação no 8 de Janeiro,0,FALSO,google_factcheck,AOS_FATOS,AFIRMACAO_CHECADA,ROTULO_FORTE,75,2024-02-15,https://www.aosfatos.org/noticias/presos-el-salvador-infiltrados-8-de-janeiro/
GFC_NEG_00251,"Governo da Itália, solicita a Alexandre de Moraes, não pisar em solo italiano.",0,FALSO,google_factcheck,BOATOS.ORG,AFIRMACAO_CHECADA,ROTULO_FORTE,78,2023-07-26,https://www.boatos.org/politica/governo-italia-pede-alexandre-de-moraes-nao-volte-pisar-pais.html
GFC_NEG_00252,"Haddad determinou aumento do Simples Nacional de MEIs em 7,5%",0,FALSO,google_factcheck,AOS_FATOS,AFIRMACAO_CHECADA,ROTULO_FORTE,61,2025-02-25,https://www.aosfatos.org/noticias/reajuste-mei-anterior-haddad/
GFC_NEG_00253,Pessoas com diabetes são isentas do pagamento de IR e IPVA,0,FALSO,google_factcheck,AOS_FATOS,AFIRMACAO_CHECADA,ROTULO_FORTE,58,2025-12-10,https://www.aosfatos.org/noticias/pessoas-diabetes-nao-sao-isentas-pagar-imposto-renda-ipva/
GFC_NEG_00254,Remédio israelense é 100% eficaz contra covid-19,0,FALSO,google_factcheck,UOL_NOTÍCIAS,AFIRMACAO_CHECADA,ROTULO_FORTE,48,2021-06-02,https://noticias.uol.com.br/confere/ultimas-noticias/2021/06/02/remedio-israelense-ainda-nao-pode-ser-considerado-eficaz-contra-covid-19.htm
GFC_NEG_00255,Pfizer admite ‘grande aumento’ nos efeitos colaterais da vacina anti-covid,0,FALSO,google_factcheck,AFP_CHECAMOS,AFIRMACAO_CHECADA,ROTULO_FORTE,74,2021-12-15,https://checamos.afp.com/doc.afp.com.9UQ4BC
GFC_NEG_00256,Áudios provam que Flávio Dino e Lula tramaram ataques de 8 de janeiro em Brasília,0,FALSO,google_factcheck,ESTADÃO,AFIRMACAO_CHECADA,ROTULO_FORTE,81,,https://www.estadao.com.br/estadao-verifica/abin-nega-existencia-de-audios-entre-flavio-dino-e-lula-com-trama-envolvendo-atos-de-8-de-janeiro/
GFC_NEG_00257,Agora tudo está claro: imagem mostra ministro Alexandre de Moraes usando boné da USAID,0,FALSO,google_factcheck,ESTADÃO,AFIRMACAO_CHECADA,ROTULO_FORTE,86,,https://www.estadao.com.br/estadao-verifica/alexandre-de-moraes-bone-usaid-falso-ia/
GFC_NEG_00258,"CCJ suspende julgamento do caso do ""golpe"". Ninguém prende Bolsonaro!",0,FALSO,google_factcheck,UOL_NOTÍCIAS,AFIRMACAO_CHECADA,ROTULO_FORTE,69,,https://noticias.uol.com.br/confere/ultimas-noticias/2025/09/05/camara-nao-aprovou-suspensao-do-julgamento-de-bolsonaro-no-stf.htm
GFC_NEG_00259,Vocês acreditam que o marketing do PT clonou um evento em taperoá -PB dizendo que era um evento deles?,0,FALSO,google_factcheck,BOATOS.ORG,AFIRMACAO_CHECADA,ROTULO_FORTE,102,2022-08-31,https://www.boatos.org/politica/lula-usou-foto-missa-taperoa-pb-para-ilustrar-suposto-comicio.html
GFC_NEG_00260,"Ministro da Fazenda, Fernando Haddad, deu entrevista promovendo criptomoedas e está sendo processado por banco",0,FALSO,google_factcheck,ESTADÃO,AFIRMACAO_CHECADA,ROTULO_FORTE,110,,https://www.estadao.com.br/estadao-verifica/fernando-haddad-entrevista-criptomoedas-falso/
GFC_NEG_00261,"Lula (PT) foi recebido com gritos de “Lula, ladrão, seu lugar é na prisão” na entrega de casas do “Minha Casa, Minha Vida” no município de Viamão (RS)",0,FALSO,google_factcheck,AOS_FATOS,AFIRMACAO_CHECADA,ROTULO_FORTE,150,2023-07-03,https://www.aosfatos.org/noticias/lula-nao-foi-vaiado-evento-minha-casa-minha-vida-viamao/
GFC_NEG_00262,O PT mandou matar Bolsonaro e advogado tem provas que condenam Lula.,0,FALSO,google_factcheck,ESTADÃO,AFIRMACAO_CHECADA,ROTULO_FORTE,68,,https://www.estadao.com.br/estadao-verifica/envolvimento-pt-lula-facada-bolsonaro/
GFC_NEG_00263,Agora é oficial: Bolsonaro será candidato para a Presidência em 2026,0,FALSO,google_factcheck,ESTADÃO,AFIRMACAO_CHECADA,ROTULO_FORTE,68,,https://www.estadao.com.br/estadao-verifica/bolsonaro-candidato-presidente-2026-falso/
GFC_NEG_00264,Você sabia que Lula é formado em medicina?,0,FALSO,google_factcheck,UOL_NOTÍCIAS,AFIRMACAO_CHECADA,ROTULO_FORTE,42,,https://noticias.uol.com.br/confere/ultimas-noticias/2024/07/04/lula-nao-disse-ter-se-formado-na-faculdade-de-medicina-em-minas-gerais.htm
GFC_NEG_00265,"Enquanto isso no Japão, que adotou a Ivermectina, vida normal a todos e os pseudocientistas “incrédulos” começam a inventar qualquer motivo para a redução dos caso",0,FALSO,google_factcheck,BOATOS.ORG,AFIRMACAO_CHECADA,ROTULO_FORTE,163,2021-12-08,https://www.boatos.org/saude/japao-venceu-covid-19-gracas-ao-uso-da-ivermectina.html
GFC_NEG_00266,Lula destinou 15 milhões de reais a empresas do Oriente Médio afetadas pela guerra e esse dinheiro sai do bolso do povo brasileiro,0,FALSO,google_factcheck,BOL_-_UOL,AFIRMACAO_CHECADA,ROTULO_FORTE,130,2026-04-10,https://www.bol.uol.com.br/noticias/2026/04/10/checagem-governo-lula-15-bilhoes-empresas-oriente-medio.amp.htm
GFC_NEG_00267,Vacinas contra a covid-19 mataram 17 milhões de pessoas,0,FALSO,google_factcheck,ESTADÃO,AFIRMACAO_CHECADA,ROTULO_FORTE,55,,https://www.estadao.com.br/estadao-verifica/e-falso-que-vacinas-contra-a-covid-19-tenham-provocado-a-morte-de-17-milhoes-de-pessoas/
GFC_NEG_00268,"O ministro Alexandre de Moraes expediu uma ordem de prisão nesta quinta-feira para a deputada Paula Belmonte por expor no Parlamento dos Estados Unidos que Moraes se tornou ministro da Suprema corte por conta de uma chantagem que fez ao ex-presidente Michel Temer, onde Moraes solicitou serviços de um hacker para chantagear Temer com fotos eróticas de sua esposa para que Moraes fosse indicado para a vaga do ministro Teori Zavascki",0,FALSO,google_factcheck,UOL_NOTÍCIAS,AFIRMACAO_CHECADA,ROTULO_FORTE,433,,https://noticias.uol.com.br/confere/ultimas-noticias/2024/06/27/moraes-nao-determinou-prisao-de-deputada-que-foi-aos-eua.htm
GFC_NEG_00269,Lula publicou medida para antecipar a aposentadoria dos brasileiros,0,FALSO,google_factcheck,AOS_FATOS,AFIRMACAO_CHECADA,ROTULO_FORTE,67,2023-12-26,https://www.aosfatos.org/noticias/falso-lula-medida-antecipar-aposentadoria/
GFC_NEG_00270,Reportagem mostra que fraudes em descontos no INSS começaram em 2005,0,FALSO,google_factcheck,AOS_FATOS,AFIRMACAO_CHECADA,ROTULO_FORTE,68,2025-05-23,https://www.aosfatos.org/noticias/denuncia-de-fraude-no-inss-em-2005-nao-tem-relacao-com-esquema-atual/
GFC_NEG_00271,Infitrado quebrando vidro e outro com uma bandeira vermelha do PT,0,FALSO,google_factcheck,BOL_-_UOL,AFIRMACAO_CHECADA,ROTULO_FORTE,65,2023-01-16,https://www.bol.uol.com.br/noticias/2023/01/16/bandeira-do-pt-que-aparece-em-video-foi-furtada-durante-ato-terrorista.htm
GFC_NEG_00272,Vacinas contra covid aplicadas no SUS estão vencidas e desatualizadas,0,FALSO,google_factcheck,ESTADÃO,AFIRMACAO_CHECADA,ROTULO_FORTE,69,,https://www.estadao.com.br/estadao-verifica/vacina-covid-vencida-desatualizada-falso/
GFC_NEG_00273,Bancos vão limitar saque em espécie a partir do segundo semestre de 2025,0,FALSO,google_factcheck,ESTADÃO,AFIRMACAO_CHECADA,ROTULO_FORTE,72,,https://www.estadao.com.br/estadao-verifica/limite-bancos-saque-2-mil-5-mil-segundo-semestre-2025-falso/
GFC_NEG_00274,"Bolsonaro teve zero votos em urnas de modelos antigos, que não foram auditadas",0,FALSO,google_factcheck,AOS_FATOS,AFIRMACAO_CHECADA,ROTULO_FORTE,78,2024-04-25,https://www.aosfatos.org/noticias/influenciador-portugues-mentira-fraude-eleitoral-brasil-senado/
GFC_NEG_00275,PGR se manifestou recentemente contra pedido de prisão de Bolsonaro,0,FALSO,google_factcheck,AOS_FATOS,AFIRMACAO_CHECADA,ROTULO_FORTE,67,2025-08-15,https://www.aosfatos.org/noticias/parecer-da-pgr-contra-prisao-de-jair-bolsonaro-e-de-abril-nao-recente/
GFC_NEG_00276,Lula revogou norma de Bolsonaro que permitiu escândalo no INSS,0,FALSO,google_factcheck,PROJETO_COMPROVA,AFIRMACAO_CHECADA,ROTULO_FORTE,62,2025-05-07,https://projetocomprova.com.br/publica%C3%A7%C3%B5es/lula-nao-derrubou-lei-de-combate-a-fraudes-no-inss-norma-sancionada-por-bolsonaro-continua-em-vigor/
GFC_NEG_00277,Estudo de Harvard comprovou que a hidroxicloroquina é eficaz contra a Covid-19,0,FALSO,google_factcheck,AOS_FATOS,AFIRMACAO_CHECADA,ROTULO_FORTE,78,2022-08-18,https://www.aosfatos.org/noticias/e-falso-que-estudo-de-harvard-comprovou-que-hidroxicloroquina-e-eficaz-contra-covid-19/
GFC_NEG_00278,Fernando Haddad (PT) vai taxar a OnlyFans e os criadores brasileiros de conteúdo da plataforma,0,FALSO,google_factcheck,BOL_-_UOL,AFIRMACAO_CHECADA,ROTULO_FORTE,94,2023-04-22,https://www.bol.uol.com.br/noticias/2023/04/22/haddad-nao-taxara-only-fans-como-afirma-video-compartilhado-nas-redes.htm
GFC_NEG_00279,Trump concedeu passaporte diplomático para Bolsonaro,0,FALSO,google_factcheck,ESTADÃO,AFIRMACAO_CHECADA,ROTULO_FORTE,52,,https://www.estadao.com.br/estadao-verifica/trump-passaporte-diplomatico-bolsonaro-falso/
GFC_NEG_00280,Shakira delcarou apoio a Flávio e a Jair Bolsonaro durante show em Copacabana,0,FALSO,google_factcheck,DESCONHECIDA,AFIRMACAO_CHECADA,ROTULO_FORTE,77,2026-05-06,https://checamos.afp.com/doc.afp.com.B22G4WE
GFC_NEG_00281,Beneficiários do Bolsa Família não podiam ter emprego,0,FALSO,google_factcheck,AOS_FATOS,AFIRMACAO_CHECADA,ROTULO_FORTE,53,2022-09-09,https://www.aosfatos.org/noticias/na-tv-presidenciaveis-desinformam-sobre-gas-de-cozinha-bolsa-familia-refinarias/
GFC_NEG_00282,Em 2019 a Globo noticiou que hackers numa convenção em Las Vegas hackearam urnas do modelo brasileiro em poucos minutos,0,FALSO,google_factcheck,AOS_FATOS,AFIRMACAO_CHECADA,ROTULO_FORTE,119,2024-04-25,https://www.aosfatos.org/noticias/influenciador-portugues-mentira-fraude-eleitoral-brasil-senado/
GFC_NEG_00283,O ministro do STF Alexandre de Moraes proibiu o frei Gilson de fazer lives após declarações machistas sobre o papel da mulher na sociedade,0,FALSO,google_factcheck,AOS_FATOS,AFIRMACAO_CHECADA,ROTULO_FORTE,138,2025-03-24,https://www.aosfatos.org/noticias/stf-nao-proibiu-frei-gilson-transmissoes-nas-redes/
GFC_NEG_00284,"""Gilmar Mendes concede habeas corpus a influenciador Hytalo Santos após sua prisão. Foi preso hoje e hoje mesmo foi solto""",0,FALSO,google_factcheck,OBSERVADOR,AFIRMACAO_CHECADA,ROTULO_FORTE,122,2025-09-03,https://observador.pt/factchecks/fact-check-juiz-concede-habeas-corpus-ao-influencer-brasileiro-detido-por-suspeitas-de-exploracao-sexual-de-criancas/
GFC_NEG_00285,Moraes bloqueia conta de Bolsonaro que pedia PIX,0,FALSO,google_factcheck,UOL_NOTÍCIAS,AFIRMACAO_CHECADA,ROTULO_FORTE,48,2023-06-27,https://noticias.uol.com.br/confere/ultimas-noticias/2023/06/27/e-falso-que-ministro-alexandre-de-moraes-bloqueou-pix-de-bolsonaro.htm
GFC_NEG_00286,A FARSA do 8 de janeiro em 20 segundos,0,FALSO,google_factcheck,BOATOS.ORG,AFIRMACAO_CHECADA,ROTULO_FORTE,38,2024-01-13,https://www.boatos.org/brasil/farsa-8-de-janeiro-foi-revelada-20-segundos-porque-infiltrados-rapel-congresso.html
GFC_NEG_00287,Trump diz que Lula tem sangue de ‘lampião a álcool’,0,FALSO,google_factcheck,AOS_FATOS,AFIRMACAO_CHECADA,ROTULO_FORTE,51,2026-04-27,https://www.aosfatos.org/noticias/trump-lula-sangue-lampiao-alcool/
GFC_NEG_00288,Lula é expulso de igreja após aparecer bêbado!?,0,FALSO,google_factcheck,BOL_-_UOL,AFIRMACAO_CHECADA,ROTULO_FORTE,47,,https://www.bol.uol.com.br/noticias/2026/04/23/falso-lula-expulso-igreja-espanha-bebado.ghtm
GFC_NEG_00289,"Governo vai taxar em 27,5% transações financeiras acima de R$ 5.000",0,FALSO,google_factcheck,AOS_FATOS,AFIRMACAO_CHECADA,ROTULO_FORTE,67,2025-12-30,https://www.aosfatos.org/noticias/e-falso-que-governo-vai-taxar-em-275-transacoes-financeiras-acima-de-r-5000/
GFC_NEG_00290,Cabral acusou Dias Toffoli de receber R$ 3 milhões para alterar votos de eleitores,0,FALSO,google_factcheck,AOS_FATOS,AFIRMACAO_CHECADA,ROTULO_FORTE,82,2021-08-10,https://www.aosfatos.org/noticias/cabral-nao-acusou-toffoli-de-receber-r-3-milhoes-para-alterar-votos-de-eleitores/
GFC_NEG_00291,Anistia aos presos pelo 8 de Janeiro foi aprovada na Câmara dos Deputados.,0,FALSO,google_factcheck,DESCONHECIDA,AFIRMACAO_CHECADA,ROTULO_FORTE,74,2025-09-18,https://www.aosfatos.org/noticias/camara-aprovou-urgencia-nao-anistia-aos-golpistas-do-8-de-janeiro/
GFC_NEG_00292,Flávio Bolsonaro disse que irá privatizar o SUS no dia em que tomar posse como presidente da República,0,FALSO,google_factcheck,DESCONHECIDA,AFIRMACAO_CHECADA,ROTULO_FORTE,102,,https://www.estadao.com.br/estadao-verifica/flavio-bolsonaro-privatizar-sus-falso/
GFC_NEG_00293,Alexandre de Moraes mandou prender o deputado federal Otoni de Paula,0,FALSO,google_factcheck,AOS_FATOS,AFIRMACAO_CHECADA,ROTULO_FORTE,68,2022-03-24,https://www.aosfatos.org/noticias/alexandre-de-moraes-nao-mandou-pf-prender-otoni-de-paula/
GFC_NEG_00294,Post diz que obra da ponte que liga Pará e Tocantins foi feita apenas no governo Lula,0,FALSO,google_factcheck,FOLHA_-_UOL,AFIRMACAO_CHECADA,ROTULO_FORTE,85,2025-11-27,https://www1.folha.uol.com.br/mercado/2025/11/ponte-que-liga-para-e-tocantins-comecou-a-ser-construida-no-governo-bolsonaro.shtml
GFC_NEG_00295,"Bolsonaro disse 'que o isolamento acabe, a vida volte ao normal e morram quantos tiverem de morrer'",0,FALSO,google_factcheck,AOS_FATOS,AFIRMACAO_CHECADA,ROTULO_FORTE,99,2021-05-24,https://www.aosfatos.org/noticias/bolsonaro-nao-disse-que-o-isolamento-acabe-vida-volte-ao-normal-e-morram-quantos-tiverem-de-morrer/
GFC_NEG_00296,Decisão de Alexandre de Moraes interrompe o acesso do Exército à internet da Starlink,0,FALSO,google_factcheck,AOS_FATOS,AFIRMACAO_CHECADA,ROTULO_FORTE,85,2024-09-05,https://www.aosfatos.org/noticias/falso-exercito-sem-internet-starlink-decisao-moraes/
GFC_NEG_00297,Brasil reage contra a extrema direita na Paulista,0,FALSO,google_factcheck,AFP_CHECAMOS,AFIRMACAO_CHECADA,ROTULO_FORTE,49,2025-07-14,https://checamos.afp.com/doc.afp.com.66QH2T3
GFC_NEG_00298,Lula colocou sigilo eterno no cartão corportativo,0,FALSO,google_factcheck,ESTADÃO,AFIRMACAO_CHECADA,ROTULO_FORTE,49,,https://www.estadao.com.br/estadao-verifica/lula-cartao-corporativo-sigilo-eterno-pix-5-mil/
GFC_NEG_00299,"Post reproduz três vezes, em looping, imagens gravadas em uma área rural com um helicóptero decolando e outro em terra, e uma pessoa mostrando um documento. Na primeira vez, uma mulher diz: “Eles tão notificando as áreas embargadas e estão dando cinco dias para tirar os animal (sic)”. Na segunda, um homem afirma que a Amazônia foi vendida na época dos governos de Dilma Rousseff e Luiz Inácio Lula da Silva (PT) e que ONGs estrangeiras se beneficiariam. Na terceira e última vez em que a gravação é exibida, outra voz cita que, no governo de Jair Bolsonaro (PL), foram retomadas terras que o PT havia entregado a outros países.",0,FALSO,google_factcheck,FOLHA_-_UOL,AFIRMACAO_CHECADA,ROTULO_FORTE,629,2023-04-28,https://www1.folha.uol.com.br/ambiente/2023/04/retirada-de-gado-de-areas-rurais-tem-a-ver-com-desmatamento-ilegal-nao-com-venda-da-amazonia.shtml
GFC_NEG_00300,"""CEO da Moderna admitiu que farmacêutica produziu 100 mil doses da vacinaa contra a Covid-19 um ano antes de ser decretada a pandemia.""",0,FALSO,google_factcheck,OBSERVADOR,AFIRMACAO_CHECADA,ROTULO_FORTE,135,2023-03-21,https://observador.pt/factchecks/fact-check-ceo-da-moderna-disse-que-antes-da-pandemia-ja-estava-a-produzir-100-mil-doses-contra-a-covid/
GFC_NEG_00301,Abaixo-assinado pela libertação de Bolsonaro já tem 40 milhões de assinaturas,0,FALSO,google_factcheck,UOL_NOTÍCIAS,AFIRMACAO_CHECADA,ROTULO_FORTE,77,,https://noticias.uol.com.br/confere/ultimas-noticias/2026/01/21/video-de-abaixo-assinado-para-libertar-jair-bolsonaro-e-ia.htm
GFC_NEG_00302,"Vaza áudio de Flávio Dino afirmando que os objetivos do governo são arruinar a economia, aumentar o desemprego etc",0,FALSO,google_factcheck,AFP_CHECAMOS,AFIRMACAO_CHECADA,ROTULO_FORTE,114,2023-12-14,https://checamos.afp.com/doc.afp.com.347U68F
GFC_NEG_00303,"Homem alega que é funcionário da Citroën e que a montadora fechou as portas no Brasil, demitindo 13 mil funcionários. Ele acrescenta que a Toyota também acaba de fechar suas unidades e que até maio o país terá 15 milhões de desempregados.",0,FALSO,google_factcheck,FOLHA_-_UOL,AFIRMACAO_CHECADA,ROTULO_FORTE,238,2024-02-02,https://www1.folha.uol.com.br/mercado/2024/02/video-inventa-fechamento-de-montadoras-e-faz-falsa-projecao-de-desemprego.shtml
GFC_NEG_00304,"Shinzo Abe devolveu 1,6 milhões de vacinas",0,FALSO,google_factcheck,AOS_FATOS,AFIRMACAO_CHECADA,ROTULO_FORTE,42,2022-07-20,https://www.aosfatos.org/noticias/e-falso-que-shinzo-abe-atuou-contra-vacina-e-a-favor-da-ivermectina/
GFC_NEG_00305,Trump disse que não fará negócios com o Brasil enquanto Lula for presidente,0,FALSO,google_factcheck,AOS_FATOS,AFIRMACAO_CHECADA,ROTULO_FORTE,75,2025-01-22,https://www.aosfatos.org/noticias/falso-trump-disse-nao-fazer-negocios-com-o-brasil-enquanto-lula-for-presidente/
GFC_NEG_00306,Governo criou benefício exclusivo para dependentes de álcool,0,FALSO,google_factcheck,ESTADÃO,AFIRMACAO_CHECADA,ROTULO_FORTE,60,,https://www.estadao.com.br/estadao-verifica/bolsa-alcoolatra-governo-lula-falso/
GFC_NEG_00307,Foto mostra Trump gritando com Lula durante reunião na Casa Branca,0,FALSO,google_factcheck,AOS_FATOS,AFIRMACAO_CHECADA,ROTULO_FORTE,66,2026-05-08,https://www.aosfatos.org/noticias/trump-grita-lula/
GFC_NEG_00308,Governo português bloqueou bens de Gilmar Mendes em Portugal a pedido dos EUA,0,FALSO,google_factcheck,AOS_FATOS,AFIRMACAO_CHECADA,ROTULO_FORTE,77,2025-03-07,https://www.aosfatos.org/noticias/bens-gilmar-portugal-bloqueados-eua/
GFC_NEG_00309,Lula sanciona lei que regulamenta função de criador de conteúdo e categoria passa a pagar imposto,0,FALSO,google_factcheck,BOL_-_UOL,AFIRMACAO_CHECADA,ROTULO_FORTE,97,,https://www.bol.uol.com.br/noticias/2026/02/12/lei-do-profissional-multimidia-nao-preve-que-influenciadores-paguem-imposto.htm
GFC_NEG_00310,"No governo Lula a Cloroquina está liberada e o discurso é que funciona. É fácil constatar que, claramente, o governo Bolsonaro sofreu um golpe por parte de vários atores com a intenção de colocar Lula no poder…",0,FALSO,google_factcheck,BOATOS.ORG,AFIRMACAO_CHECADA,ROTULO_FORTE,210,2023-03-02,https://www.boatos.org/saude/lula-flavio-dino-liberam-uso-cloroquina-combate-covid-19-2023.html
GFC_NEG_00311,"Bolsonaro tinha razão! Emprensa (sic) brasileira sobre cloroquina, menos a Globo",0,FALSO,google_factcheck,UOL_NOTÍCIAS,AFIRMACAO_CHECADA,ROTULO_FORTE,80,2023-03-10,https://noticias.uol.com.br/confere/ultimas-noticias/2023/03/10/video-pro-bolsonaro-distorce-noticias-antigas-para-enganar-sobre-pandemia.htm
GFC_NEG_00312,Tebet disse que o Bolsa Família será cortado por 60 dias,0,FALSO,google_factcheck,AOS_FATOS,AFIRMACAO_CHECADA,ROTULO_FORTE,56,2023-01-24,https://www.aosfatos.org/noticias/falso-tebet-corte-bolsa-familia/
GFC_NEG_00313,PT vai criar Movimento dos Sem Empresas e expropriar empresas,0,FALSO,google_factcheck,PROJETO_COMPROVA,AFIRMACAO_CHECADA,ROTULO_FORTE,61,2022-11-28,https://projetocomprova.com.br/publica%C3%A7%C3%B5es/e-falso-que-pt-tenha-projeto-de-expropriar-empresas-privadas/
GFC_NEG_00314,Johnny Depp defendeu reeleição de Bolsonaro em entrevista ao New York Times,0,FALSO,google_factcheck,AOS_FATOS,AFIRMACAO_CHECADA,ROTULO_FORTE,75,2022-06-02,https://www.aosfatos.org/noticias/johnny-depp-the-new-york-times-reeleicao-bolsonaro/
GFC_NEG_00315,Lula sancionou lei que permitiu bets no país,0,FALSO,google_factcheck,AOS_FATOS,AFIRMACAO_CHECADA,ROTULO_FORTE,44,2026-05-04,https://www.aosfatos.org/noticias/temer-lula-bets/
GFC_NEG_00316,Vídeo mostra agricultor argentino jogando fezes em invasores do MST,0,FALSO,google_factcheck,AOS_FATOS,AFIRMACAO_CHECADA,ROTULO_FORTE,67,2023-02-10,https://www.aosfatos.org/noticias/falso-video-mostra-agricultor-argentino-jogando-fezes-mst/
GFC_NEG_00317,Como assim o assassino da Mariele não pode ser preso? Moraes manda soltar Chiquinho Brazão e quer prender Bolsonaro,0,FALSO,google_factcheck,UOL_NOTÍCIAS,AFIRMACAO_CHECADA,ROTULO_FORTE,115,,https://noticias.uol.com.br/confere/ultimas-noticias/2024/04/05/moraes-nao-mandou-soltar-brazao-post-distorce-materia-sobre-prisao.htm
GFC_NEG_00318,Lula pede ao TSE para barrar vídeos na internet durante as eleições,0,FALSO,google_factcheck,BOL_-_UOL,AFIRMACAO_CHECADA,ROTULO_FORTE,67,2026-04-14,https://www.bol.uol.com.br/noticias/2026/04/14/falso-lula-pediu-tse-proibir-videos-na-internet-eleicoes.amp.htm
GFC_NEG_00319,Alexandre de Moraes investiga ministro do STF André Mendonça,0,FALSO,google_factcheck,UOL_NOTÍCIAS,AFIRMACAO_CHECADA,ROTULO_FORTE,60,,https://noticias.uol.com.br/confere/ultimas-noticias/2025/10/22/falso-moraes-ordenou-investigacao-andre-mendonca.htm
GFC_NEG_00320,Deputado do PT propôs projeto para descarregar armas de policiais,0,FALSO,google_factcheck,AOS_FATOS,AFIRMACAO_CHECADA,ROTULO_FORTE,65,2022-06-21,https://www.aosfatos.org/noticias/e-falso-que-deputado-do-pt-propos-obrigar-policiais-a-portar-armas-descarregadas/
GFC_NEG_00321,Vídeo mostra Bolsonaro recebendo alta no dia 11/12 após ser hospitalizado,0,FALSO,google_factcheck,AOS_FATOS,AFIRMACAO_CHECADA,ROTULO_FORTE,73,2025-12-12,https://www.aosfatos.org/noticias/bolsonaro-nao-foi-para-hospital-nem-recebeu-alta-no-dia-11-de-dezembro/
GFC_NEG_00322,"Fertilidade de mulheres vacinadas contra a covid-19 caiu 33%, segundo estudo da Tchecoslováquia",0,FALSO,google_factcheck,ESTADÃO,AFIRMACAO_CHECADA,ROTULO_FORTE,95,,https://www.estadao.com.br/estadao-verifica/vacina-covid-fertilidade-mulheres/
GFC_NEG_00323,"""Alerta! Protocolo pós-vacina indicado pelo Dr. José Augusto Nasser: ivermectina durante cinco dias.""",0,FALSO,google_factcheck,OBSERVADOR,AFIRMACAO_CHECADA,ROTULO_FORTE,101,2023-04-29,https://observador.pt/factchecks/fact-check-protocolo-pos-vacina-contra-a-covid-19-inclui-a-toma-de-ivermectina/
GFC_NEG_00324,Bolsonaro passou mal na prisão e foi levado às pressas ao hospital nesta quinta (11),0,FALSO,google_factcheck,AOS_FATOS,AFIRMACAO_CHECADA,ROTULO_FORTE,84,2025-12-12,https://www.aosfatos.org/noticias/bolsonaro-hospital-11-dezembro-2025/
GFC_NEG_00325,Cartilha do PT erotizava crianças e as ensinava a usar drogas,0,FALSO,google_factcheck,AOS_FATOS,AFIRMACAO_CHECADA,ROTULO_FORTE,61,2022-08-12,https://www.aosfatos.org/noticias/cartilha-citada-por-damares-nao-ensina-criancas-a-usar-crack/
GFC_NEG_00326,"POLÍTICA Padre é agredido por Bolsonaristas ""Estava pregando sobre os ensinamentos Bíblicos, quando um grupo achou que eu estava pregando contra o presidente Bolsonaro",0,FALSO,google_factcheck,BOATOS.ORG,AFIRMACAO_CHECADA,ROTULO_FORTE,167,2022-10-15,https://www.boatos.org/politica/padre-e-agredido-por-bolsonaristas-na-cidade-de-candiota-rs-boato.html
GFC_NEG_00327,"""Dr. Pedro Chavez: 'ALERTE TODO MUNDO'. Todos os LABORATÓRIOS INDEPENDENTES confirmam O MESMO. ÓXIDO DE GRAFENO e MICROTECNOLOGIA em 'vacinas'. Os 'vacinados' TÊM sido MARCADOS COMO GADOS.""",0,FALSO,google_factcheck,OBSERVADOR,AFIRMACAO_CHECADA,ROTULO_FORTE,189,2023-05-29,https://observador.pt/factchecks/fact-check-vacinas-contra-a-covid-19-contem-oxido-de-grafeno-substancia-que-e-detetada-por-telemoveis/
GFC_NEG_00328,Este relatório mostra centenas de efeitos adversos da vacina da Pfizer contra a covid-19,0,FALSO,google_factcheck,AFP_CHECAMOS,AFIRMACAO_CHECADA,ROTULO_FORTE,88,2022-03-13,https://checamos.afp.com/doc.afp.com.32639XT
GFC_NEG_00329,PF fez exposição sobre dinheiro recuperado de esquemas de corrupção do PT,0,FALSO,google_factcheck,AOS_FATOS,AFIRMACAO_CHECADA,ROTULO_FORTE,73,2022-01-18,https://www.aosfatos.org/noticias/pf-nao-fez-exposicao-sobre-dinheiro-recuperado-de-esquemas-de-corrupcao-do-pt/
GFC_NEG_00330,Juíza dos Estados Unidos manda recado a Alexandre de Moraes,0,FALSO,google_factcheck,ESTADÃO,AFIRMACAO_CHECADA,ROTULO_FORTE,59,,https://www.estadao.com.br/estadao-verifica/video-juiza-eua-recado-alexandre-de-moraes-falso/
GFC_NEG_00331,Moraes diz em áudio que pretende proibir ‘vocabulário golpista’,0,FALSO,google_factcheck,AOS_FATOS,AFIRMACAO_CHECADA,ROTULO_FORTE,63,2025-12-11,https://www.aosfatos.org/noticias/audio-sobre-proibicao-vocabulario-evangelico-nao-foi-gravado-por-moraes/
GFC_NEG_00332,120 mil militares da ativa do Exército estão prontos para prender Alexandre de Moraes,0,FALSO,google_factcheck,ESTADÃO,AFIRMACAO_CHECADA,ROTULO_FORTE,85,,https://www.estadao.com.br/estadao-verifica/e-falso-que-120-mil-militares-do-exercito-tenham-sido-autorizados-a-prender-moraes/
GFC_NEG_00333,"Tuíte alegando que o aplicativo de disque-denúncia do TSE, o Pardal, não aceita queixas contra o PT. A postagem inclui um vídeo de uma tentativa fracassada de denunciar a sigla.",0,FALSO,google_factcheck,FOLHA_-_UOL,AFIRMACAO_CHECADA,ROTULO_FORTE,177,2022-10-28,https://www1.folha.uol.com.br/poder/2022/10/e-falso-que-aplicativo-do-tse-nao-permita-denuncias-contra-o-pt.shtml
GFC_NEG_00334,“*HACKERS MUNDIAIS DECIDEM DIVULGAR AS FRAUDES NAS ELEIÇÕES BRASILEIRAS.* PASSO A PASSO. PARA QUE NÃO FIQUE NENHUMA DÚVIDA.,0,FALSO,google_factcheck,BOATOS.ORG,AFIRMACAO_CHECADA,ROTULO_FORTE,123,2021-08-03,https://www.boatos.org/tecnologia/hackers-mundiais-decidem-divulgar-fraudes-urna-eletronica-democracia-hackeada-pelo-pt.html
GFC_NEG_00335,PT que implantar poupança fraterna e moradia popular,0,FALSO,google_factcheck,UOL_NOTÍCIAS,AFIRMACAO_CHECADA,ROTULO_FORTE,52,2022-09-27,https://noticias.uol.com.br/confere/ultimas-noticias/2022/09/27/post-falso-diz-que-pt-propoe-poupanca-fraterna-e-moradia-social.htm
GFC_NEG_00336,Até mesmo os índios: libertem o Presidente Jair Bolsonaro!,0,FALSO,google_factcheck,OBSERVADOR,AFIRMACAO_CHECADA,ROTULO_FORTE,58,2025-11-24,https://observador.pt/factchecks/fact-check-imagem-mostra-comunidade-indigena-a-pedir-a-libertacao-de-bolsonaro/
GFC_NEG_00337,Jair Bolsonaro decretou estado de sítio após as manifestações de 7 de setembro de 2021,0,FALSO,google_factcheck,AFP_CHECAMOS,AFIRMACAO_CHECADA,ROTULO_FORTE,86,2021-09-10,https://checamos.afp.com/doc.afp.com.9ML6CM
GFC_NEG_00338,Vídeo mostra Bolsonaro sendo vaiado em Sergipe,0,FALSO,google_factcheck,AOS_FATOS,AFIRMACAO_CHECADA,ROTULO_FORTE,46,2022-05-30,https://www.aosfatos.org/noticias/vaias-video-politicos-bolsonaro/
GFC_NEG_00339,Notícia indica que pessoas que receberam Auxílio Emergencial devem devolver o dinheiro em 2023,0,FALSO,google_factcheck,AFP_CHECAMOS,AFIRMACAO_CHECADA,ROTULO_FORTE,94,2023-01-31,https://checamos.afp.com/doc.afp.com.338966M
GFC_NEG_00340,Jair Bolsonaro admitiu que Flávio Bolsonaro participou de esquema de “rachadinha” e desvio de R$ 54 milhões,0,FALSO,google_factcheck,AOS_FATOS,AFIRMACAO_CHECADA,ROTULO_FORTE,107,2024-07-19,https://www.aosfatos.org/noticias/bolsonaro-nao-admitiu-participacao-flavio-rachadinha/
GFC_NEG_00341,Lula e Janja foram citados em delação de Vorcaro,0,FALSO,google_factcheck,ESTADÃO,AFIRMACAO_CHECADA,ROTULO_FORTE,48,,https://www.estadao.com.br/estadao-verifica/video-ia-delacao-vorcaro-lula-janja-gustavo-gayer/
GFC_NEG_00342,Foto mostra Jorge Messias chorando após indicação rejeitada ao STF,0,FALSO,google_factcheck,DESCONHECIDA,AFIRMACAO_CHECADA,ROTULO_FORTE,66,2026-04-30,https://checamos.afp.com/doc.afp.com.A9HW6G3
GFC_NEG_00343,Trump manda a secretaria rasgar documento enviado por Lula,0,FALSO,google_factcheck,AFP_CHECAMOS,AFIRMACAO_CHECADA,ROTULO_FORTE,58,2026-04-02,https://checamos.afp.com/doc.afp.com.A6MA6CQ
GFC_NEG_00344,Duas mortes em São Paulo foram provocadas por vacinas contra a Covid-19,0,FALSO,google_factcheck,AOS_FATOS,AFIRMACAO_CHECADA,ROTULO_FORTE,71,2023-12-20,https://www.aosfatos.org/noticias/video-2018-mortes-vacina-febre-amarela-nao-covid/
GFC_NEG_00345,Indígena ostenta picanha enviada pela Funai e outros benefícios pagos com o Cartão Funai,0,FALSO,google_factcheck,AOS_FATOS,AFIRMACAO_CHECADA,ROTULO_FORTE,88,2024-07-26,https://www.aosfatos.org/noticias/funai-picanha-indigenas/
GFC_NEG_00346,"Agora, quem não quer mudar o sistema é porque tem certeza que o voto não auditável servirá para eleger quem não tem voto",0,FALSO,google_factcheck,AOS_FATOS,AFIRMACAO_CHECADA,ROTULO_FORTE,120,2021-07-29,https://www.aosfatos.org/noticias/bolsonaro-promete-provas-de-fraude-mas-apresenta-alegacoes-ja-desmentidas-sobre-urnas-eletronicas/
GFC_NEG_00347,"A Petrobras, ao longo de 14 anos de PT, se endividou em aproximadamente 900 bilhões de reais",0,FALSO,google_factcheck,UOL_NOTÍCIAS,AFIRMACAO_CHECADA,ROTULO_FORTE,92,2022-08-29,https://noticias.uol.com.br/confere/ultimas-noticias/2022/08/29/bolsonaro-erra-dados-sobre-mulheres-corrupcao-na-petrobras-e-palocci.htm
GFC_NEG_00348,Bolsonaro registrou 84 pontos de pico de audiência no JN contra 34 de Lula,0,FALSO,google_factcheck,AFP_CHECAMOS,AFIRMACAO_CHECADA,ROTULO_FORTE,74,2022-08-30,https://checamos.afp.com/doc.afp.com.32HC83D
GFC_NEG_00349,"Comparativo mostra que combustíveis, DPVAT e dólar eram mais baratos no governo Bolsonaro",0,FALSO,google_factcheck,AOS_FATOS,AFIRMACAO_CHECADA,ROTULO_FORTE,89,2024-12-06,https://www.aosfatos.org/noticias/post-engana-ao-comparar-precos-de-combustiveis-taxas-e-cotacao-do-dolar-nos-governos-bolsonaro-e-lula/
GFC_NEG_00350,Própolis tem ação repelente contra o Aedes aegypti,0,FALSO,google_factcheck,ESTADÃO,AFIRMACAO_CHECADA,ROTULO_FORTE,50,,https://www.estadao.com.br/estadao-verifica/falso-propolis-nao-tem-acao-repelente-contra-aedes-aegypti/
GFC_NEG_00351,O Banco Central do Brasil processou Fábio Porchat por declarações que ele fez ao vivo na televisão,0,FALSO,google_factcheck,BOATOS.ORG,AFIRMACAO_CHECADA,ROTULO_FORTE,98,2024-10-02,https://www.boatos.org/entretenimento/fabio-porchat-foi-preso-e-processado-pelo-banco-central-pelo-que-disse-na-tv.html
GFC_NEG_00352,"Governo Lula publica aumento ao Auxílio Reclusão e passará a ser R$1.754,18, maior que o salário mínimo que não teve aumento",0,FALSO,google_factcheck,UOL_NOTÍCIAS,AFIRMACAO_CHECADA,ROTULO_FORTE,124,2023-01-17,https://noticias.uol.com.br/confere/ultimas-noticias/2023/01/17/e-falso-que-auxilio-reclusao-e-maior-que-o-salario-minimo.htm
GFC_NEG_00353,"Tudo de ruim nos últimos três anos é culpa de Bolsonaro, diz Haddad em evento do BTG",0,FALSO,google_factcheck,UOL_NOTÍCIAS,AFIRMACAO_CHECADA,ROTULO_FORTE,84,,https://noticias.uol.com.br/comprova/ultimas-noticias/2025/09/29/post-inventa-declaracao-de-haddad-culpando-a-gestao-anterior-por-economia.htm
GFC_NEG_00354,Fernando Haddad diz que estudou dois meses de economia,0,FALSO,google_factcheck,UOL_NOTÍCIAS,AFIRMACAO_CHECADA,ROTULO_FORTE,54,2022-12-12,https://noticias.uol.com.br/confere/ultimas-noticias/2022/12/12/haddad-economia-dois-meses-distorcido.htm
GFC_NEG_00355,O PT tinha acabado com a fome no Brasil,0,FALSO,google_factcheck,AOS_FATOS,AFIRMACAO_CHECADA,ROTULO_FORTE,39,2022-10-07,https://www.aosfatos.org/noticias/no-inicio-do-segundo-turno-bolsonaro-e-lula-citam-informacoes-falsas-sobre-fome-educacao-e-ministros-do-stf/
GFC_NEG_00356,"Com relação ao tratamento precoce, não era orientação do ministério, e sim a busca pelo atendimento médico, que seria soberano na sua decisão de atender o paciente e fazer o que era o mais adequado",0,FALSO,google_factcheck,UOL_NOTÍCIAS,AFIRMACAO_CHECADA,ROTULO_FORTE,197,2021-06-09,https://noticias.uol.com.br/confere/ultimas-noticias/2021/06/09/cpi-da-covid-secretario-elcio-franco-checagem-vacinas.htm
GFC_NEG_00357,"1– A *IVERMECTINA* evita os danos provocados pelas Vacinas *RNA.* 2 – A *IVERMECTINA* bloqueia a entrada da *Proteína Spike* para dentro das células. Então, se a pessoa foi vacinada, tem uma esperança, tem uma forma de se tratar através da Ivermectina",0,FALSO,google_factcheck,BOATOS.ORG,AFIRMACAO_CHECADA,ROTULO_FORTE,251,2023-02-15,https://www.boatos.org/saude/ivermectina-anula-efeitos-colaterais-das-vacinas-previne-cancer-e-outras-doencas.html
GFC_NEG_00358,Porque nós encontramos esse país com 6.000 creches paralisadas.,0,FALSO,google_factcheck,AOS_FATOS,AFIRMACAO_CHECADA,ROTULO_FORTE,63,2024-12-23,https://www.aosfatos.org/noticias/lula-2024-desinformou-fome-educacao/
GFC_NEG_00359,Alexandre de Moraes pediu a prisão de Jair Bolsonaro,0,FALSO,google_factcheck,AOS_FATOS,AFIRMACAO_CHECADA,ROTULO_FORTE,52,2025-04-03,https://www.aosfatos.org/noticias/e-falso-que-moraes-pediu-a-prisao-de-bolsonaro/
GFC_NEG_00360,"Tagliaferro, ex-assessor de Moraes, denunciando a farsa do golpe",0,FALSO,google_factcheck,UOL_NOTÍCIAS,AFIRMACAO_CHECADA,ROTULO_FORTE,64,,https://noticias.uol.com.br/confere/ultimas-noticias/2025/05/22/video-ex-assessor-moraes-infiltrados-81-falso.htm
GFC_NEG_00361,Lula edita vídeo. Ninguém está cantando,0,FALSO,google_factcheck,UOL_NOTÍCIAS,AFIRMACAO_CHECADA,ROTULO_FORTE,39,,https://noticias.uol.com.br/confere/ultimas-noticias/2025/02/25/falso-lula-edita-video-pessoas-cantando.htm
GFC_NEG_00362,"""Varíola? Não. Chama-se Cobreiro/Heroes Zóster, e é uma conhecida 'reação adversa' da vacina de covid... Eles até tentaram usar uma foto de herpes zóster e chamá-la de varíola""",0,FALSO,google_factcheck,OBSERVADOR,AFIRMACAO_CHECADA,ROTULO_FORTE,176,2022-05-30,https://observador.pt/factchecks/fact-check-variola-dos-macacos-e-uma-reacao-adversa-as-vacinas-contra-a-covid-19/
GFC_NEG_00363,Infitrado quebrando vidro e outro com uma bandeira vermelha do PT,0,FALSO,google_factcheck,UOL_NOTÍCIAS,AFIRMACAO_CHECADA,ROTULO_FORTE,65,2023-01-16,https://noticias.uol.com.br/confere/ultimas-noticias/2023/01/16/bandeira-do-pt-que-aparece-em-video-foi-furtada-durante-ato-terrorista.htm
GFC_NEG_00364,MST manda recado a Lula e seus ministros de governo: ‘Vamos incendiar o agro no Brasil’,0,FALSO,google_factcheck,AOS_FATOS,AFIRMACAO_CHECADA,ROTULO_FORTE,87,2024-08-28,https://www.aosfatos.org/noticias/falso-mst-incendiar-o-agro-no-brasil/
GFC_NEG_00365,"Olha só aonde foi parar o dinheiro do INSS dos aposentados. A mula do Lula. Agora quero saber se ele levou dinheiro para a França também pois ela também foi sozinha, para o Vaticano também todas as viagens ela foi sozinha e foi bem antes do Lula. Cadê a polícia Federal brasileira que não investiga.",0,FALSO,google_factcheck,OBSERVADOR,AFIRMACAO_CHECADA,ROTULO_FORTE,299,2025-05-21,https://observador.pt/factchecks/fact-check-mulher-de-lula-da-silva-barrada-em-aeroporto-da-russia-com-200-malas-de-dinheiro/
GFC_NEG_00366,Inquérito militar aponta que Lula foi responsável por destruir relógio de dom João 6º em 8/1,0,FALSO,google_factcheck,AOS_FATOS,AFIRMACAO_CHECADA,ROTULO_FORTE,92,2023-08-02,https://www.aosfatos.org/noticias/texto-satirico-lula-relogio-8-de-janeiro/
GFC_NEG_00367,Pesquisas revelam apoio de 95% dos brasileiros ao ministro Alexandre de Moraes e à prisão de Jair Bolsonaro,0,FALSO,google_factcheck,UOL_NOTÍCIAS,AFIRMACAO_CHECADA,ROTULO_FORTE,107,,https://noticias.uol.com.br/comprova/ultimas-noticias/2025/03/07/e-satirico-post-que-diz-que-pesquisa-aponta-95-de-aprovacao-de-moraes.htm
GFC_NEG_00368,Mosquito Aedes Aegypti foi geneticamente modificada para que sua 'agulha' não consiga perfurar a pele,0,FALSO,google_factcheck,ESTADÃO,AFIRMACAO_CHECADA,ROTULO_FORTE,101,,https://www.estadao.com.br/estadao-verifica/aedes-aegypti-agulha-geneticamente-modificada-falso/
GFC_NEG_00369,Mulher diz que está comprando mais produtos com o Bolsa-Família do que comprava com o Auxílio-Brasil,0,FALSO,google_factcheck,AOS_FATOS,AFIRMACAO_CHECADA,ROTULO_FORTE,100,2024-01-30,https://www.aosfatos.org/noticias/video-bolsonaro-supermercado-auxilio-brasil-bolsa-familia/
GFC_NEG_00370,"Novo salário mínimo para pessoas que recebem dois salários R$ 1.200,20",0,FALSO,google_factcheck,AFP_CHECAMOS,AFIRMACAO_CHECADA,ROTULO_FORTE,70,2024-01-29,https://checamos.afp.com/doc.afp.com.34H78PG
GFC_NEG_00371,Vídeo mostra membros do MST incinerando porcos em fazenda no Mato Grosso,0,FALSO,google_factcheck,AOS_FATOS,AFIRMACAO_CHECADA,ROTULO_FORTE,72,2024-03-12,https://www.aosfatos.org/noticias/video-porcos-incinerados-china-nao-mst-mato-grosso/
GFC_NEG_00372,Daniel Vorcaro entregou em delação quem foi responsável pelo atentado contra Bolsonaro em 2018,0,FALSO,google_factcheck,DESCONHECIDA,AFIRMACAO_CHECADA,ROTULO_FORTE,94,2026-04-28,https://www.aosfatos.org/noticias/vorcaro-delatou-mandante-atentado-bolsonaro/
GFC_NEG_00373,Vídeo mostra Gleisi Hoffmann sendo hostilizada no carnaval em Salvador,0,FALSO,google_factcheck,AFP_CHECAMOS,AFIRMACAO_CHECADA,ROTULO_FORTE,70,2025-03-07,https://checamos.afp.com/doc.afp.com.36ZK4ZV
GFC_NEG_00374,VAI COMEÇAR O LOCKDOWN. OMS ORDENA QUE GOVERNOS SE PREPAREM PARA “MEGA BLOQUEIOS” DEVIDO À CEPA MORTAL DA “VARÍOLA DOS MACACOS”.,0,FALSO,google_factcheck,OBSERVADOR,AFIRMACAO_CHECADA,ROTULO_FORTE,128,2024-08-23,https://observador.pt/factchecks/fact-check-oms-ordena-que-governos-se-preparem-para-novos-confinamentos-por-causa-da-mpox/
GFC_NEG_00375,"POLICIAL SÓ TEM Q. ANDAR ARMADO EM SERVIÇO, NA FOLGA VAI DEIXAR ARMA NO QUARTEL; VAMOS CRIAR UM REDE SOCIAL PRÓPRIA PARA MONITORAR PMs EM TEMPO INTEGRAL; A POLİCIA TEM Q. ENTENDER Q.O BANDIDO TBM É UM CIDADÃO DE BEM; HAVENDO OCORRÉNCIA COM MORTE, O POLICIAL SERÁ EXONErADO;",0,FALSO,google_factcheck,BOATOS.ORG,AFIRMACAO_CHECADA,ROTULO_FORTE,273,2022-08-14,https://www.boatos.org/politica/haddad-diz-que-policial-nao-deve-andar-armado-que-bandido-e-cidadao-de-bem-e-que-vai-acabar-com-a-rota.html
GFC_NEG_00376,Estadão publicou imagem de Nikolas Ferreira ao lado de Daniel Vorcaro,0,FALSO,google_factcheck,ESTADÃO,AFIRMACAO_CHECADA,ROTULO_FORTE,69,,https://www.estadao.com.br/estadao-verifica/selfie-nikolas-ferreira-daniel-vorcaro-estadao-falso/
GFC_NEG_00377,Alexandre de Moraes e Viviane Barci de Moraes comemoram compra de imóvel e contrato com Banco Master brindando com champanhe,0,FALSO,google_factcheck,AOS_FATOS,AFIRMACAO_CHECADA,ROTULO_FORTE,124,2025-12-17,https://www.aosfatos.org/noticias/foi-gerado-por-ia-video-moraes-esposa-comemoram-contrato-banco-master-compra-de-imovel/
GFC_NEG_00378,Concurso para o Sistema Único de Saúde com salários de até R$ 11 mil para vagas que exigem como nível de escolaridade Ensino Médio completo,0,FALSO,google_factcheck,UOL_NOTÍCIAS,AFIRMACAO_CHECADA,ROTULO_FORTE,139,,https://noticias.uol.com.br/confere/ultimas-noticias/2025/07/16/sao-falsos-posts-de-concurso-do-sus-com-salario-de-ate-r-11-mil-e-golpe.htm
GFC_NEG_00379,"Faustão furou a fila e recebeu um coração do SUS💲💲. Detalhe: o coração estava c miocardite. Agora pasmem, quer um novo coração só q dessa vez o ""doador"" não pode ter tomado as 💉💉. ‼️‼️‼️‼️⁉️⁉️⁉️⁉️‼️‼️‼️‼️ Tire suas conclusões. O povo perece por falta de conhecimento",0,FALSO,google_factcheck,BOATOS.ORG,AFIRMACAO_CHECADA,ROTULO_FORTE,266,2023-09-26,https://www.boatos.org/entretenimento/faustao-recebeu-coracao-com-miocardite-vai-ter-que-fazer-novo-transplante-coracao-nao-vacinado.html
GFC_NEG_00380,Jair Bolsonaro sobre escala 6x1: É BÍBLICO!,0,FALSO,google_factcheck,DESCONHECIDA,AFIRMACAO_CHECADA,ROTULO_FORTE,43,2024-11-19,https://checamos.afp.com/doc.afp.com.36MW468
GFC_NEG_00381,Foi pedida a prisão de Bolsonaro; Polícia Federal monitora fuga,0,FALSO,google_factcheck,ESTADÃO,AFIRMACAO_CHECADA,ROTULO_FORTE,63,,https://www.estadao.com.br/estadao-verifica/pedido-prisao-bolsonaro-delacao-mourao-enganoso/
GFC_NEG_00382,"A partir de amanhã, em todo o mundo, existem novas regras de comunicação, todos os governos da Europa, América do Norte e América do Sul chegaram a um acordo com a Whatsapp, Twiter, Facebook e outros canais de comunicação. Todas as chamadas serão gravadas. Todos os registros de chamadas telefônicas são gravados. Todas as mensagens e chamadas WhatsApp são gravadas. O Twitter é monitorado. NO BRASIL O STF AUTORIZOU O MONITORAMENTO.",0,FALSO,google_factcheck,BOL_-_UOL,AFIRMACAO_CHECADA,ROTULO_FORTE,433,2023-01-10,https://www.bol.uol.com.br/noticias/2023/01/10/mensagem-falsa-whatsapp-stf.htm
GFC_NEG_00383,"Ciro Gomes grava áudio de apoio a Bolsonaro, denunciando fraude nas eleições e pedindo intervenção militar",0,FALSO,google_factcheck,BOATOS.ORG,AFIRMACAO_CHECADA,ROTULO_FORTE,106,2022-10-04,https://www.boatos.org/politica/ciro-gomes-grava-audio-de-apoio-bolsonaro-pede-intervencao-militar-no-caso-de-vitoria-de-lula.html
GFC_NEG_00384,Gilmar Mendes é dono de igreja em Minas Gerais,0,FALSO,google_factcheck,UOL_NOTÍCIAS,AFIRMACAO_CHECADA,ROTULO_FORTE,46,2022-07-13,https://noticias.uol.com.br/confere/ultimas-noticias/2022/07/13/e-falso-que-ministro-gilmar-mendes-seja-dono-de-igreja-em-mg.htm
GFC_NEG_00385,Vídeo mostra momento em que Bolsonaro deixa um hospital após exames de rotina e descobre estar curado do câncer,0,FALSO,google_factcheck,AOS_FATOS,AFIRMACAO_CHECADA,ROTULO_FORTE,111,2025-12-16,https://www.aosfatos.org/noticias/video-bolsonaro-hospital-abril-nao-atual/
GFC_NEG_00386,"O Fed, o Federal Reserve, o banco central americano está começando nessa semana de 3 de abril uma mudança histórica na condução da economia dos Estados Unidos. A partir de agora e progressivamente, as cédulas de papel que todos nós conhecemos não serão mais aceitas em transações de cash, ou seja, pagamento à vista ou para qualquer outro tipo de transação. Elas deverão sair de circulação para dar lugar às transações digitais. Não vai haver mais dinheiro de papel circulando em território americano e isso já está causando muita polêmica e medo, já que a sociedade está acostumada com o uso das notas. Nem mesmo nos bancos, nas contas individuais, vai haver mais dinheiro de papel""",0,FALSO,google_factcheck,UOL_NOTÍCIAS,AFIRMACAO_CHECADA,ROTULO_FORTE,683,2023-04-13,https://noticias.uol.com.br/confere/ultimas-noticias/2023/04/13/estados-unidos-nao-vao-acabar-com-cedulas-de-dolar.htm
GFC_NEG_00387,Lula diz que o povo brasileiro daria a vida por ele em caso de guerra com os EUA,0,FALSO,google_factcheck,ESTADÃO,AFIRMACAO_CHECADA,ROTULO_FORTE,80,,https://www.estadao.com.br/estadao-verifica/lula-povo-brasileiro-daria-a-vida-por-ele-trump-falso/
GFC_NEG_00388,Justiça de Portugal deu 90 dias para Gilmar Mendes explicar seu patrimônio no país,0,FALSO,google_factcheck,ESTADÃO,AFIRMACAO_CHECADA,ROTULO_FORTE,82,,https://www.estadao.com.br/estadao-verifica/gilmar-mendes-patrimonio-portugal-falso/
GFC_NEG_00389,Aeromoças italianas protestam contra a vacinação contra a covid-19,0,FALSO,google_factcheck,AFP_CHECAMOS,AFIRMACAO_CHECADA,ROTULO_FORTE,66,2021-10-29,https://checamos.afp.com/doc.afp.com.9QM4JG
GFC_NEG_00390,Vorcaro revelou participação de Lulinha e Moraes em atentado a faca contra Bolsonaro,0,FALSO,google_factcheck,DESCONHECIDA,AFIRMACAO_CHECADA,ROTULO_FORTE,84,,https://www.estadao.com.br/estadao-verifica/falso-daniel-vorcaro-revelacoes-sobre-adelio-bispo/
GFC_NEG_00391,Vídeo mostra pesquisa eleitoral registrada no TSE,0,ENGANOSO,google_factcheck,AOS_FATOS,AFIRMACAO_CHECADA,ROTULO_FORTE,49,2022-08-04,https://www.aosfatos.org/noticias/pesquisa-eleitoral-que-aparece-em-video-nao-foi-registrada-no-tse/
GFC_NEG_00392,TSE descarta 195 mil urnas após denúncia de golpe por Mike Benz,0,ENGANOSO,google_factcheck,ESTADÃO,AFIRMACAO_CHECADA,ROTULO_FORTE,63,,https://www.estadao.com.br/estadao-verifica/tse-descarta-195-mil-urnas-apos-denuncias-mike-benz/
GFC_NEG_00393,PT derrubou medida contra fraudes no INSS em 2022,0,ENGANOSO,google_factcheck,AOS_FATOS,AFIRMACAO_CHECADA,ROTULO_FORTE,49,2025-05-16,https://www.aosfatos.org/noticias/todos-os-partidos-votaram-para-derrubar-medida-contra-fraudes-inss-nao-so-pt/
GFC_NEG_00394,"Contribuição social dos MEIs aumentou para 7,5% do salário mínimo",0,ENGANOSO,google_factcheck,ESTADÃO,AFIRMACAO_CHECADA,ROTULO_FORTE,65,,https://www.estadao.com.br/estadao-verifica/mei-aumento-contribuicao-75-salario-minimo-enganoso/
GFC_NEG_00395,Reforma Tributária permite ao governo tabelar os preços dos imóveis,0,ENGANOSO,google_factcheck,PROJETO_COMPROVA,AFIRMACAO_CHECADA,ROTULO_FORTE,67,2025-07-04,https://projetocomprova.com.br/publica%C3%A7%C3%B5es/reforma-tributaria-mantem-a-livre-negociacao-de-precos-de-imoveis/
GFC_NEG_00396,Mulher que mora nos EUA descobriu registro de voto nas eleições de 2022 no Brasil,0,ENGANOSO,google_factcheck,ESTADÃO,AFIRMACAO_CHECADA,ROTULO_FORTE,81,,https://www.estadao.com.br/estadao-verifica/mulher-que-mora-nos-eua-tem-registro-de-voto-em-2022-enganoso/
GFC_NEG_00397,Há relação entre o ministro do STF Alexandre de Moraes e o acidente aéreo que vitimou o ministro Teori Zavascki.,0,ENGANOSO,google_factcheck,ESTADÃO,AFIRMACAO_CHECADA,ROTULO_FORTE,112,,https://www.estadao.com.br/estadao-verifica/investigacao-mostrou-que-morte-de-teori-zavascki-foi-acidente-nao-ha-prova-de-ligacao-com-alexandre/
GFC_NEG_00398,"Fraude nas urnas: eleitor em Parauapebas, no Pará, foi votar e alguém já havia votado por ele",0,ENGANOSO,google_factcheck,ESTADÃO,AFIRMACAO_CHECADA,ROTULO_FORTE,93,,https://www.estadao.com.br/estadao-verifica/eleitor-votou-no-lugar-de-outro-fraude-parauapebas-pa-enganoso/
GFC_NEG_00399,"A pedido do PT, STF decide que quem não quitar dúvidas não poderá mais dirigir e nem sair do país",0,ENGANOSO,google_factcheck,ESTADÃO,AFIRMACAO_CHECADA,ROTULO_FORTE,97,,https://www.estadao.com.br/estadao-verifica/pt-pediu-cancelamento-cnh-passaporte-endividados/
GFC_NEG_00400,"Tuíte reproduz participação do comentarista Matthew Tyrmand no programa Tucker Carlson Tonight, da emissora Fox News, dos Estados Unidos. No vídeo, Tyrmand comenta os atos ao redor do Brasil que contestam, sem evidências, o resultado das eleições presidenciais, dizendo se tratar do “maior protesto democrático e possivelmente até da humanidade”.",0,ENGANOSO,google_factcheck,FOLHA_-_UOL,AFIRMACAO_CHECADA,ROTULO_FORTE,346,2022-12-07,https://www1.folha.uol.com.br/poder/2022/12/nao-e-possivel-afirmar-que-atos-antidemocraticos-contra-resultado-das-eleicoes-sao-o-maior-protesto-da-historia.shtml
GFC_NEG_00401,O PT fez a ferrovia que sai do Maranhão até São Paulo.,0,ENGANOSO,google_factcheck,AOS_FATOS,AFIRMACAO_CHECADA,ROTULO_FORTE,54,2022-09-23,https://www.aosfatos.org/noticias/checamos-lula-bolsonaro-ciro-tebet-programa-ratinho/
GFC_NEG_00402,"Daniela Lima afirmou que no governo Lula pobre andaria de avião, mas agora Latam, Gol e Azul anunciaram aumento das passagens por causa do aumento do IOF.",0,ENGANOSO,google_factcheck,ESTADÃO,AFIRMACAO_CHECADA,ROTULO_FORTE,154,,https://www.estadao.com.br/estadao-verifica/daniela-lima-promessa-lula-aeroportos-pobre-aviao-enganoso/
GFC_NEG_00403,Bolsonaro deixa hospital com gritos de 'Força Bolsonaro' e 'mito',0,ENGANOSO,google_factcheck,AFP_CHECAMOS,AFIRMACAO_CHECADA,ROTULO_FORTE,65,2026-05-11,https://checamos.afp.com/doc.afp.com.B2HX2NQ
GFC_NEG_00404,Alexandre de Moraes comprou oito imóveis por R$ 4 milhões cada,0,ENGANOSO,google_factcheck,ESTADÃO,AFIRMACAO_CHECADA,ROTULO_FORTE,62,,https://www.estadao.com.br/estadao-verifica/alexandre-de-moraes-4-milhoes-32-milhoes-imoveis/
GFC_NEG_00405,Moraes quer prender cidadão americano nos EUA,0,ENGANOSO,google_factcheck,PROJETO_COMPROVA,AFIRMACAO_CHECADA,ROTULO_FORTE,45,2024-04-29,https://projetocomprova.com.br/publica%C3%A7%C3%B5es/alexandre-de-moraes-nao-cometeu-crime-ao-determinar-prisao-de-cidada-americana/
GFC_NEG_00406,Estudo afirma que vacina contra covid causa danos oculares,0,ENGANOSO,google_factcheck,ESTADÃO,AFIRMACAO_CHECADA,ROTULO_FORTE,58,,https://www.estadao.com.br/estadao-verifica/estudo-vacinas-covid-danos-oculares-enganoso/
GFC_NEG_00407,Grampo com Alexandre de Moraes mostra como Lula venceu as eleições,0,ENGANOSO,google_factcheck,ESTADÃO,AFIRMACAO_CHECADA,ROTULO_FORTE,66,,https://www.estadao.com.br/estadao-verifica/lula-desembargador-liberdade-eleicao/
GFC_NEG_00408,Governo Lula realocou recursos do Bolsa Família para Secom,0,ENGANOSO,google_factcheck,UOL_NOTÍCIAS,AFIRMACAO_CHECADA,ROTULO_FORTE,58,,https://noticias.uol.com.br/confere/ultimas-noticias/2025/01/21/enganoso-ato-bolsa-familia-lula-bolsonaro.htm
GFC_NEG_00409,Ivermectina serve para combater a dengue,0,ENGANOSO,google_factcheck,PROJETO_COMPROVA,AFIRMACAO_CHECADA,ROTULO_FORTE,40,2024-02-19,https://projetocomprova.com.br/publica%C3%A7%C3%B5es/videos-enganam-ao-indicar-ivermectina-para-o-tratamento-da-dengue/
GFC_NEG_00410,Ausência confirmada! Lula não irá à posse de Donald Trump porque não foi convidado,0,ENGANOSO,google_factcheck,ESTADÃO,AFIRMACAO_CHECADA,ROTULO_FORTE,82,,https://www.estadao.com.br/estadao-verifica/lula-trump-posse-presidencial-eua-enganoso/
GFC_NEG_00411,"Governo federal está propondo o projeto “Heróis do Tesouro”, um programa que permite que cidadãos paguem mais imposto de renda voluntariamente",0,ENGANOSO,google_factcheck,ESTADÃO,AFIRMACAO_CHECADA,ROTULO_FORTE,142,,https://www.estadao.com.br/estadao-verifica/herois-do-tesouro-contribuicao-maior-ir-governo-federal-enganoso/
GFC_NEG_00412,Farmacêutica conseguiu patentear nos EUA um spray nasal de tratamento precoce contra o vírus chinês (COVID-19) contendo a Ivermectina e Hidroxicloroquina.,0,ENGANOSO,google_factcheck,PROJETO_COMPROVA,AFIRMACAO_CHECADA,ROTULO_FORTE,154,2021-06-08,https://projetocomprova.com.br/publica%C3%A7%C3%B5es/posts-enganam-ao-comparar-spray-nasal-patenteado-com-tratamento-precoce/
GFC_NEG_00413,Quase 500 terras índigenas podem ser demarcadas,0,ENGANOSO,google_factcheck,AOS_FATOS,AFIRMACAO_CHECADA,ROTULO_FORTE,47,2022-10-07,https://www.aosfatos.org/noticias/no-inicio-do-segundo-turno-bolsonaro-e-lula-citam-informacoes-falsas-sobre-fome-educacao-e-ministros-do-stf/
GFC_NEG_00414,Lula defende sacrificar pobres para conter crise causada pelo PT,0,ENGANOSO,google_factcheck,DESCONHECIDA,AFIRMACAO_CHECADA,ROTULO_FORTE,64,2025-12-11,https://checamos.afp.com/doc.afp.com.87TK7ZR
GFC_NEG_00415,Funcionária do TSE relata a vulnerabilidade do sistema eleitoral brasileiro,0,ENGANOSO,google_factcheck,AFP_CHECAMOS,AFIRMACAO_CHECADA,ROTULO_FORTE,75,2022-08-18,https://checamos.afp.com/doc.afp.com.32GR23X
GFC_NEG_00416,Criança morre após tomar vacina contra a covid-19 em João Pessoa,0,ENGANOSO,google_factcheck,PROJETO_COMPROVA,AFIRMACAO_CHECADA,ROTULO_FORTE,64,2022-01-24,https://projetocomprova.com.br/publica%C3%A7%C3%B5es/ministerio-da-saude-descartou-relacao-entre-vacina-e-morte-de-adolescente-em-joao-pessoa/
GFC_NEG_00417,Justiça informa novos direitos dos idosos: isenção de IPTU e descontos em contas de energia e saneamento básico,0,ENGANOSO,google_factcheck,PROJETO_COMPROVA,AFIRMACAO_CHECADA,ROTULO_FORTE,111,2024-02-26,https://projetocomprova.com.br/publica%C3%A7%C3%B5es/video-engana-ao-dizer-que-todos-com-mais-de-60-anos-tem-isencao-de-imposto-de-renda-iptu-e-desconto-em-contas/
GFC_NEG_00418,Desceu a inflação. O pior é que o azeite e os tomates sobem.,0,ENGANOSO,google_factcheck,OBSERVADOR,AFIRMACAO_CHECADA,ROTULO_FORTE,60,2023-12-28,https://observador.pt/factchecks/fact-check-produtos-mais-caros-contrariam-a-ideia-de-que-inflacao-esta-a-baixar/
GFC_NEG_00419,Bolsonaro assume que recebeu dinheiro do inss através do careca sim,0,ENGANOSO,google_factcheck,UOL_NOTÍCIAS,AFIRMACAO_CHECADA,ROTULO_FORTE,67,,https://noticias.uol.com.br/confere/ultimas-noticias/2025/05/28/careca-inss-doacao-bolsonaro-fraude-distorcido.htm
GFC_NEG_00420,"Haddad aumentou imposto mensal dos MEIs em 7,5% em 2025",0,ENGANOSO,google_factcheck,AFP_CHECAMOS,AFIRMACAO_CHECADA,ROTULO_FORTE,55,2025-02-27,https://checamos.afp.com/doc.afp.com.36YT72K
GFC_NEG_00421,"DataFolha como sempre muito preciso. Em 22 de agosto de 2018, davam 39% para Lula e 19% para Bolsonaro e o final vocês já sabem",0,ENGANOSO,google_factcheck,PROJETO_COMPROVA,AFIRMACAO_CHECADA,ROTULO_FORTE,127,2022-08-26,https://projetocomprova.com.br/publica%C3%A7%C3%B5es/senador-ironiza-resultado-de-instituto-para-desacreditar-pesquisas-eleitorais/
GFC_NEG_00422,Descarte de 195 mil urnas eletrônicas é queima de arquivo,0,ENGANOSO,google_factcheck,UOL_NOTÍCIAS,AFIRMACAO_CHECADA,ROTULO_FORTE,57,,https://noticias.uol.com.br/confere/ultimas-noticias/2025/02/28/posts-distorcem-sobre-descarte-de-195-mil-urnas-pelo-tse.htm
GFC_NEG_00423,Nikolas Ferreira estava certo quando falou sobre monitoramento do Pix em 2025,0,ENGANOSO,google_factcheck,DESCONHECIDA,AFIRMACAO_CHECADA,ROTULO_FORTE,77,,https://www.estadao.com.br/estadao-verifica/nikolas-ferreira-video-monitoramento-pix-2026-enganoso/
GFC_NEG_00424,"""Suécia deita para o lixo 8,5 milhões de doses contra a Covid. Médicos e cientistas provaram ao governo os malefícios da vacina que não imuniza coisa nenhuma""",0,ENGANOSO,google_factcheck,OBSERVADOR,AFIRMACAO_CHECADA,ROTULO_FORTE,158,2023-03-27,https://observador.pt/factchecks/fact-check-suecia-descarta-85-milhoes-de-doses-de-vacinas-contra-a-covid-19-depois-de-ficarem-provados-os-maleficios-da-vacinacao/
GFC_NEG_00425,Lula e Haddad têm feito empresas fecharem no Brasil,0,ENGANOSO,google_factcheck,ESTADÃO,AFIRMACAO_CHECADA,ROTULO_FORTE,51,,https://www.estadao.com.br/estadao-verifica/lojas-aluga-se-lula-haddad-pt-enganoso/
GFC_NEG_00426,Profissionai liberais vão pagar 57% de imposto com a reforma tributária,0,ENGANOSO,google_factcheck,ESTADÃO,AFIRMACAO_CHECADA,ROTULO_FORTE,71,,https://www.estadao.com.br/estadao-verifica/profissionais-liberais-57-imposto-reforma-tributaria/
GFC_NEG_00427,Só poderão utilizar o Pix aqueles que estiverem com impostos em dia,0,ENGANOSO,google_factcheck,ESTADÃO,AFIRMACAO_CHECADA,ROTULO_FORTE,67,,https://www.estadao.com.br/estadao-verifica/cancelamento-pix-pagamento-impostos-enganoso/
GFC_NEG_00428,PEC do fim da escala 6x1 não tem estudo de viabilidade,0,ENGANOSO,google_factcheck,ESTADÃO,AFIRMACAO_CHECADA,ROTULO_FORTE,54,,https://www.estadao.com.br/estadao-verifica/pec-escala-6x1-estudo-de-viabilidade-enganoso/
GFC_NEG_00429,"A crise do ""fica em casa"" [se] traduz em inflação e falta de alimentos",0,ENGANOSO,google_factcheck,UOL_NOTÍCIAS,AFIRMACAO_CHECADA,ROTULO_FORTE,70,2021-10-08,https://noticias.uol.com.br/confere/ultimas-noticias/2021/10/07/para-justificar-crise-economica-bolsonaro-distorce-utilidade-de-isolamento.htm
GFC_NEG_00430,Motoboys estão se manifestando contra o governo Lula.,0,ENGANOSO,google_factcheck,ESTADÃO,AFIRMACAO_CHECADA,ROTULO_FORTE,53,,https://www.estadao.com.br/estadao-verifica/enganoso-videos-protestos-motoboys-governo-lula/
GFC_NEG_00431,Luís Roberto Barroso e EUA agiram para comprar chips fraudulentos de Taiwan para roubar votos para Lula em 2022,0,ENGANOSO,google_factcheck,ESTADÃO,AFIRMACAO_CHECADA,ROTULO_FORTE,111,,https://www.estadao.com.br/estadao-verifica/barroso-comprou-chips-adulterados-taiwan-roubar-votos-lula-falso/
GFC_NEG_00432,Urna com 100% dos votos válidos em Lula prova que houve fraude eleitoral,0,ENGANOSO,google_factcheck,AOS_FATOS,AFIRMACAO_CHECADA,ROTULO_FORTE,72,2022-11-02,https://www.aosfatos.org/noticias/urna-todos-votos-lula-nao-prova-fraude/
GFC_NEG_00433,Sabatina de Gilmar Mendes foi rápida e com apenas 16 senadores,0,ENGANOSO,google_factcheck,AOS_FATOS,AFIRMACAO_CHECADA,ROTULO_FORTE,62,2022-03-21,https://www.aosfatos.org/noticias/corrente-gilmar-mendes-STF/
GFC_NEG_00434,O governador Tarcísio de Freitas privatizou escolas públicas de São Paulo,0,ENGANOSO,google_factcheck,AFP_CHECAMOS,AFIRMACAO_CHECADA,ROTULO_FORTE,73,2024-11-04,https://checamos.afp.com/doc.afp.com.36LH4NN
GFC_NEG_00435,Gilmar Mendes diz que o sistema eletrônico de votação tem falhas e que mesários podem votar pelos eleitores,0,ENGANOSO,google_factcheck,AOS_FATOS,AFIRMACAO_CHECADA,ROTULO_FORTE,107,2023-07-14,https://www.aosfatos.org/noticias/video-gilmar-mendes-mesario-pianista/
GFC_NEG_00436,FDA autorizou médicos americanos a tratar covid com ivermectina,0,ENGANOSO,google_factcheck,ESTADÃO,AFIRMACAO_CHECADA,ROTULO_FORTE,63,,https://www.estadao.com.br/estadao-verifica/ivermectina-aprovada-fda-covid-enganoso/
GFC_NEG_00437,Hantavírus é efeito colateral da vacina da Pfizer contra Covid-19,0,ENGANOSO,google_factcheck,BOL_-_UOL,AFIRMACAO_CHECADA,ROTULO_FORTE,65,2026-05-15,https://www.bol.uol.com.br/noticias/2026/05/15/enganoso-hantavirus-vacina-pfizer-covid.amp.htm
GFC_NEG_00438,MPF disse que não existe prova de corrupção no governo Bolsonaro,0,ENGANOSO,google_factcheck,ESTADÃO,AFIRMACAO_CHECADA,ROTULO_FORTE,64,,https://www.estadao.com.br/estadao-verifica/mpf-corrupcao-governo-bolsonaro/
GFC_NEG_00439,"""Bolsonaro hoje em BH. Bolsonaro hoje em Belo Horizonte, Minas Gerais! Ta (sic) bonito demais esse último dia!",0,ENGANOSO,google_factcheck,UOL_NOTÍCIAS,AFIRMACAO_CHECADA,ROTULO_FORTE,110,,https://noticias.uol.com.br/confere/ultimas-noticias/2023/08/30/e-antigo-video-em-que-bolsonaro-aparece-com-multidao-em-belo-horizonte.htm
GFC_NEG_00440,PT mandou o TSE cassar o mandato de todos os deputados do PL,0,ENGANOSO,google_factcheck,AFP_CHECAMOS,AFIRMACAO_CHECADA,ROTULO_FORTE,60,2023-06-05,https://checamos.afp.com/doc.afp.com.33H23X9
GFC_NEG_00441,"Mais de 20 ONGs brasileiras receberam dinheiro da USAID nos anos de 2023 e 2024, coincidentemente após o início do mandato de Lula",0,ENGANOSO,google_factcheck,ESTADÃO,AFIRMACAO_CHECADA,ROTULO_FORTE,130,,https://www.estadao.com.br/estadao-verifica/ongs-brasileiras-usaid-governo-lula-enganoso/
GFC_NEG_00442,Novo benefício do INSS garante salário mínimo para pessoas que tiveram a capacidade de trabalho afetada pelo alcoolismo,0,ENGANOSO,google_factcheck,AFP_CHECAMOS,AFIRMACAO_CHECADA,ROTULO_FORTE,119,2025-09-17,https://checamos.afp.com/doc.afp.com.74UB9CQ
GFC_NEG_00443,"""Inacreditável! Lula afirma que 'pobre não nasceu para estudar' e causa uma onda de indignação sem precedentes.""",0,ENGANOSO,google_factcheck,OBSERVADOR,AFIRMACAO_CHECADA,ROTULO_FORTE,112,2026-02-05,https://observador.pt/factchecks/fact-check-lula-diz-que-pobre-nao-nasceu-para-estudar/
GFC_NEG_00444,URGENTE - Servidores do INSS têm salário cortado por participar de greve e se revoltam contra Lula: 'Isso é vergonhoso! Nem Bolsonaro teve coragem de fazer isso!,0,ENGANOSO,google_factcheck,UOL_NOTÍCIAS,AFIRMACAO_CHECADA,ROTULO_FORTE,161,,https://noticias.uol.com.br/comprova/ultimas-noticias/2024/09/16/post-omite-corte-de-salario-de-servidores-do-inss-por-bolsonaro.htm
GFC_NEG_00445,Dias de folga e faltas dos deputados que se opuseram à PL contra a escala 6x1,0,ENGANOSO,google_factcheck,DESCONHECIDA,AFIRMACAO_CHECADA,ROTULO_FORTE,77,,https://www.estadao.com.br/estadao-verifica/faltas-folgas-deputados-pec-escala-6x1/
GFC_NEG_00446,Globo mostrou em 2019 que urnas eletrônicas podem ser hackeadas,0,ENGANOSO,google_factcheck,PROJETO_COMPROVA,AFIRMACAO_CHECADA,ROTULO_FORTE,63,2024-04-25,https://projetocomprova.com.br/publica%C3%A7%C3%B5es/influenciador-portugues-engana-ao-afirmar-que-globo-noticiou-sobre-urnas-eletronicas-brasileiras-hackeadas-nos-eua/
GFC_NEG_00447,Retrospectiva dos escândalos petistas,0,ENGANOSO,google_factcheck,ESTADÃO,AFIRMACAO_CHECADA,ROTULO_FORTE,37,,https://www.estadao.com.br/estadao-verifica/video-engana-ao-listar-crimes-de-corrupcao-atribuidos-aos-governos-petistas/
GFC_NEG_00448,"O Congresso, quando criou o orçamento secreto, era a mesma quantidade de dinheiro que o governo tinha para fazer investimento.",0,ENGANOSO,google_factcheck,AOS_FATOS,AFIRMACAO_CHECADA,ROTULO_FORTE,126,2024-06-18,https://www.aosfatos.org/noticias/checamos-lula-entrevista-cbn/
GFC_NEG_00449,Governo Lula vai gastar R$ 450 milhões em compras de terra para o MST,0,ENGANOSO,google_factcheck,AFP_CHECAMOS,AFIRMACAO_CHECADA,ROTULO_FORTE,69,2024-10-24,https://checamos.afp.com/doc.afp.com.36KR246
GFC_NEG_00450,No nosso governo o salário mínimo teve aumento real de 74%,0,ENGANOSO,google_factcheck,UOL_NOTÍCIAS,AFIRMACAO_CHECADA,ROTULO_FORTE,58,2022-10-22,https://noticias.uol.com.br/confere/ultimas-noticias/2022/10/21/lula-janones-live-exagera-salario-minimo.htm
GFC_NEG_00451,BOLSA FAMÍLIA. FAMÍLIAS PASSAM DIFICULDADES APÓS PERDER BENEFÍCIO. 06/SETEMBRO,0,ENGANOSO,google_factcheck,UOL_NOTÍCIAS,AFIRMACAO_CHECADA,ROTULO_FORTE,78,,https://noticias.uol.com.br/confere/ultimas-noticias/2023/09/18/posts-distorcem-video-de-2021-para-relaciona-lo-com-cortes-no-bolsa-familia.htm
GFC_NEG_00452,A tabela de IR não pode ser corrigida para 2023 devido ao princípio da anterioridade,0,ENGANOSO,google_factcheck,AFP_CHECAMOS,AFIRMACAO_CHECADA,ROTULO_FORTE,84,2023-01-24,https://checamos.afp.com/doc.afp.com.337Q8FJ
GFC_NEG_00453,Macron deu um golpe de Estado ao dissolver a Assembleia Nacional,0,ENGANOSO,google_factcheck,ESTADÃO,AFIRMACAO_CHECADA,ROTULO_FORTE,64,,https://www.estadao.com.br/estadao-verifica/postagem-engana-ao-acusar-macron-de-golpe-lei-permite-ao-presidente-dissolver-a-assembleia-nacional/
GFC_NEG_00454,Estudo diz que ivermectina reduz mortes e hospitalizações por covid,0,ENGANOSO,google_factcheck,ESTADÃO,AFIRMACAO_CHECADA,ROTULO_FORTE,67,,https://www.estadao.com.br/estadao-verifica/pesquisa-ivermectina-gripe-covid-enganoso/
GFC_NEG_00455,Decreto assinado por Lula determina que todos os beneficiários do Bolsa Família deverão passar por visita de assistente social,0,ENGANOSO,google_factcheck,AOS_FATOS,AFIRMACAO_CHECADA,ROTULO_FORTE,126,2026-02-03,https://www.aosfatos.org/noticias/regra-condiciona-bolsa-familia-visita-domiciliar-vale-so-familias-compostas-uma-pessoa/
GFC_NEG_00456,Estudo mostra que aedes aegypti modificado geneticamente pode ter piorado epidemia de dengue,0,ENGANOSO,google_factcheck,ESTADÃO,AFIRMACAO_CHECADA,ROTULO_FORTE,92,,https://www.estadao.com.br/estadao-verifica/entenda-mosquito-dengue-geneticamente-modificado/
GFC_NEG_00457,"MST, uma instituição do PT, planta maconha",0,ENGANOSO,google_factcheck,PROJETO_COMPROVA,AFIRMACAO_CHECADA,ROTULO_FORTE,42,2023-07-20,https://projetocomprova.com.br/publica%C3%A7%C3%B5es/post-engana-ao-associar-plantacao-de-maconha-ao-mst-na-bahia/
GFC_NEG_00458,Áudios divulgados pelo Fantástico confirmam inocência de Jair Bolsonaro no golpe,0,ENGANOSO,google_factcheck,ESTADÃO,AFIRMACAO_CHECADA,ROTULO_FORTE,80,,https://www.estadao.com.br/estadao-verifica/audios-fantastico-confirmam-inocencia-bolsonaro-golpe-enganoso/
GFC_NEG_00459,Taxa de desemprego do IBGE foi manipulada para excluir beneficiários do Bolsa Família e favorecer governo,0,ENGANOSO,google_factcheck,ESTADÃO,AFIRMACAO_CHECADA,ROTULO_FORTE,105,,https://www.estadao.com.br/estadao-verifica/ibge-nao-maquiou-taxa-de-desemprego-criterio-e-o-mesmo-usado-desde-2012/
GFC_NEG_00460,Deputada americana criticou Moraes por suspender o X no Brasil,0,ENGANOSO,google_factcheck,AOS_FATOS,AFIRMACAO_CHECADA,ROTULO_FORTE,62,2024-09-02,https://www.aosfatos.org/noticias/video-deputada-americana-moraes/
GFC_NEG_00461,"Governo italiano pede que Brasil não o envolva nas suas ""travessuras de bairro""",0,ENGANOSO,google_factcheck,ESTADÃO,AFIRMACAO_CHECADA,ROTULO_FORTE,79,,https://www.estadao.com.br/estadao-verifica/texto-italiano-desmentindo-agressao-a-moraes-foi-publicado-em-um-blog-nao-em-site-oficial/
GFC_NEG_00462,"Dados dos Estados Unidos mostram que crianças imunizadas de 5 a 18 anos morrem a uma taxa 5,7 vezes maior que as não vacinadas.",0,ENGANOSO,google_factcheck,ESTADÃO,AFIRMACAO_CHECADA,ROTULO_FORTE,127,,https://www.estadao.com.br/estadao-verifica/post-distorce-estudo-cientifico-para-alegar-que-criancas-vacinadas-morrem-mais-que-as-nao-vacinadas/
GFC_NEG_00463,Fraude no INSS chega a R$ 90 bilhões,0,ENGANOSO,google_factcheck,UOL_NOTÍCIAS,AFIRMACAO_CHECADA,ROTULO_FORTE,36,,https://noticias.uol.com.br/confere/ultimas-noticias/2025/05/08/pf-nao-disse-que-fraude-no-inss-chega-a-r-90-bi.htm
GFC_NEG_00464,A Pfizer adicionou trometamina à sua vacina contra a covid-19 para “estabilizar vítimas de ataques cardíacos”,0,ENGANOSO,google_factcheck,AFP_CHECAMOS,AFIRMACAO_CHECADA,ROTULO_FORTE,109,2021-12-15,https://checamos.afp.com/doc.afp.com.9UP9VT
GFC_NEG_00465,É enganoso que um único técnico do TSE possa alterar o resultado das eleições mexendo no código-fonte das urnas eletrônicas,0,ENGANOSO,google_factcheck,ESTADÃO,AFIRMACAO_CHECADA,ROTULO_FORTE,123,,https://www.estadao.com.br/estadao-verifica/hacker-faz-afirmacoes-incorretas-sobre-codigo-fonte-e-seguranca-das-urnas-eletronicas-em-cpmi/
GFC_NEG_00466,Equipamento de votação troca voto de Trump para Kamala em Kentucky,0,ENGANOSO,google_factcheck,ESTADÃO,AFIRMACAO_CHECADA,ROTULO_FORTE,66,,https://www.estadao.com.br/estadao-verifica/urna-eletronica-kentucky-troca-voto-kamala-trump-enganoso/
GFC_NEG_00467,Lula está preparando o fim do Bolsa Família,0,ENGANOSO,google_factcheck,ESTADÃO,AFIRMACAO_CHECADA,ROTULO_FORTE,43,,https://www.estadao.com.br/estadao-verifica/postagem-distorce-declaracao-de-lula-sobre-pais-nao-viver-eternamente-do-bolsa-familia/
GFC_NEG_00468,"Durante Lula, o país saiu de superávit de R$ 54 bi para rombo de R$ 1 tri",0,ENGANOSO,google_factcheck,DESCONHECIDA,AFIRMACAO_CHECADA,ROTULO_FORTE,73,2026-04-24,https://checamos.afp.com/doc.afp.com.A8WW263
GFC_NEG_00469,Nova regra da Receita Federal monitora automaticamente todas as transações Pix e cruza os dados diretamente com a declaração de Imposto de Renda para identificar inconsistências financeiras.​,0,ENGANOSO,google_factcheck,ESTADÃO,AFIRMACAO_CHECADA,ROTULO_FORTE,191,,https://www.estadao.com.br/estadao-verifica/receita-federal-nao-monitora-pix-individual-automaticamente-enganoso/
GFC_NEG_00470,"Ministro Gilmar Mendes, do Supremo Tribunal Federal (STF), admitiu não ter ocorrido tentativa de golpe nos atos de 8 de janeiro de 2023, na Praça dos Três Poderes, em Brasília",0,ENGANOSO,google_factcheck,UOL_NOTÍCIAS,AFIRMACAO_CHECADA,ROTULO_FORTE,175,,https://noticias.uol.com.br/comprova/ultimas-noticias/2024/03/21/video-de-gilmar-mendes-e-usado-para-negar-que-801-foi-tentativa-de-golpe.htm
GFC_NEG_00471,Alexandre de Moraes é condenado por corte dos Estados Unidos,0,ENGANOSO,google_factcheck,UOL_NOTÍCIAS,AFIRMACAO_CHECADA,ROTULO_FORTE,60,,https://noticias.uol.com.br/comprova/ultimas-noticias/2025/04/16/alexandre-de-moraes-nao-violou-direitos-humanos-na-corte-internacional.htm
GFC_NEG_00472,Inelegibilidade de Jair Bolsonaro é inconstitucional porque viola o Pacto de San José,0,ENGANOSO,google_factcheck,ESTADÃO,AFIRMACAO_CHECADA,ROTULO_FORTE,85,,https://www.estadao.com.br/estadao-verifica/bolsonaro-elegivel-pacto-san-jose/
GFC_NEG_00473,Reportagem mostra que a pobreza e fome aumentaram na Bahia em 2024,0,ENGANOSO,google_factcheck,AOS_FATOS,AFIRMACAO_CHECADA,ROTULO_FORTE,66,2024-03-20,https://www.aosfatos.org/noticias/reportagem-fome-pobreza-bahia-2021-nao-atual/
GFC_NEG_00474,Decisão do TSE de manter direito de voto a presos na eleição de 2026 é golpe,0,ENGANOSO,google_factcheck,BOL_-_UOL,AFIRMACAO_CHECADA,ROTULO_FORTE,76,2026-05-06,https://www.bol.uol.com.br/noticias/2026/05/06/video-engana-decisao-tse-presos-provisorios.amp.htm
GFC_NEG_00475,O governo brasileiro vai gastar R$ 20 milhões de dinheiro público para defender o ministro Alexandre de Moraes contra sanções dos EUA,0,ENGANOSO,google_factcheck,ESTADÃO,AFIRMACAO_CHECADA,ROTULO_FORTE,133,,https://www.estadao.com.br/estadao-verifica/20-milhoes-para-defender-alexandre-de-moraes-enganoso/
GFC_NEG_00476,A urna brasileira não é auditável,0,ENGANOSO,google_factcheck,AFP_CHECAMOS,AFIRMACAO_CHECADA,ROTULO_FORTE,33,2022-07-06,https://checamos.afp.com/doc.afp.com.32DX2JM
GFC_NEG_00477,"Dino ""arregou"" de decisão sobre Magnitsky",0,ENGANOSO,google_factcheck,ESTADÃO,AFIRMACAO_CHECADA,ROTULO_FORTE,41,,https://www.estadao.com.br/estadao-verifica/dino-arregou-decisao-magnitsky-enganoso/
GFC_NEG_00478,Sem-teto ocupam imóvel em Higienópolis com Boulos e MST,0,ENGANOSO,google_factcheck,AFP_CHECAMOS,AFIRMACAO_CHECADA,ROTULO_FORTE,55,2023-05-24,https://checamos.afp.com/doc.afp.com.33FZ8EA
GFC_NEG_00479,"""Funcionários da Pfizer afirmam, em uma audiência no Senado na Austrália — que receberam um lote ""especial"" da vacina contra a Covid-19. Diferente daquele que foi distribuído ao público. Qual seria a diferença do lote entre os funcionários da Pfizer e de todos os povos?""",0,ENGANOSO,google_factcheck,OBSERVADOR,AFIRMACAO_CHECADA,ROTULO_FORTE,271,2023-10-04,https://observador.pt/factchecks/fact-check-funcionarios-da-pfizer-revelam-ter-recebido-lote-especial-da-vacina-contra-a-covid/
GFC_NEG_00480,Este vídeo prova que o PT votou contra o Auxílio Brasil,0,ENGANOSO,google_factcheck,AFP_CHECAMOS,AFIRMACAO_CHECADA,ROTULO_FORTE,55,2022-09-13,https://checamos.afp.com/doc.afp.com.32JC3TG
GFC_NEG_00481,"Lula defende menos eleições, em sinal de que não deixará o poder",0,ENGANOSO,google_factcheck,PROJETO_COMPROVA,AFIRMACAO_CHECADA,ROTULO_FORTE,64,2025-07-24,https://projetocomprova.com.br/publica%C3%A7%C3%B5es/video-distorce-fala-de-lula-para-atribuir-a-ele-ataque-a-democracia/
GFC_NEG_00482,"Com Lula, fraude no INSS pode passar de R$ 150 bilhões",0,ENGANOSO,google_factcheck,ESTADÃO,AFIRMACAO_CHECADA,ROTULO_FORTE,54,,https://www.estadao.com.br/estadao-verifica/150-bilhoes-fraude-inss-enganoso/
GFC_NEG_00483,Brasil chega a 48 milhões de pessoas beneficiadas pelo Bolsa Família enquanto o país soma 39 milhões de empregos com carteira assinada. o contraste chama atenção para uma cenário preocupante: há mais pessoas recebendo auxílio do Estado do que inseridas no mercado formal de trabalho,0,ENGANOSO,google_factcheck,UOL_NOTÍCIAS,AFIRMACAO_CHECADA,ROTULO_FORTE,282,,https://noticias.uol.com.br/confere/ultimas-noticias/2026/01/14/e-enganosa-comparacao-entre-beneficiarios-do-bolsa-familia-e-emprego-clt.htm
GFC_NEG_00484,"Áudio diz que governo espera passar o carnaval para revelar nova onda de covid, zika e dengue",0,ENGANOSO,google_factcheck,ESTADÃO,AFIRMACAO_CHECADA,ROTULO_FORTE,93,,https://www.estadao.com.br/estadao-verifica/carnaval-novos-casos-covid-dengue-zika-chikungunya/
GFC_NEG_00485,A reforma trabalhista garantiu minimamente os empregos que temos hoje,0,ENGANOSO,google_factcheck,AOS_FATOS,AFIRMACAO_CHECADA,ROTULO_FORTE,69,2022-08-09,https://www.aosfatos.org/noticias/roda-viva-simone-tebet/
GFC_NEG_00486,Lula debocha de endividados e diz que é bom que o povo possa se endividar,0,ENGANOSO,google_factcheck,DESCONHECIDA,AFIRMACAO_CHECADA,ROTULO_FORTE,73,2026-05-06,https://checamos.afp.com/doc.afp.com.B2339G3
GFC_NEG_00487,"o programa Farmácia Popular, sob o comando da esposa de Fernando Haddad, Ana Estela Haddad, está envolvido em tráfico internacional de drogas. Não à toa, Lula se reuniu semana passada em Santiago/Chile com diversos presidentes sul-americanos envolvidos com o narcotráfico. Todos, sem exceção, são pró-liberação das drogas e especificamente o da Colômbia, Gustavo Petro, é um conhecido usuário de cocaína.",0,ENGANOSO,google_factcheck,ESTADÃO,AFIRMACAO_CHECADA,ROTULO_FORTE,404,,https://www.estadao.com.br/estadao-verifica/ana-estela-haddad-farmacia-popular-fraude-enganoso/
GFC_NEG_00488,"Duas verdades que nunca te contaram sobre Paulo Freire: 1 - Ele NUNCA foi professor, o único diploma que Paulo Freire tinha era de bacharel em direito. 2 - Ele NUNCA alfabetizou uma criança, sua experiência em alfabetização foi de adultos no MST",0,ENGANOSO,google_factcheck,AFP_CHECAMOS,AFIRMACAO_CHECADA,ROTULO_FORTE,245,2021-09-29,https://checamos.afp.com/doc.afp.com.9NR73M
GFC_NEG_00489,epresentantes do governo Lula concordaram em assinar um documento que compromete o país a cortar sua produção agropecuária nos próximos anos. Globalistas convencem Brasil a reduzir produção de carne para combater aquecimento,0,ENGANOSO,google_factcheck,UOL_NOTÍCIAS,AFIRMACAO_CHECADA,ROTULO_FORTE,224,,https://noticias.uol.com.br/comprova/ultimas-noticias/2023/08/01/brasil-se-comprometeu-a-diminuir-emissao-de-gas-metano.htm
GFC_NEG_00490,Índia pediu pena de morte para “cientista da OMS que bloqueou o acesso à ivermectina” para tratamento da covid-19,0,ENGANOSO,google_factcheck,UOL_NOTÍCIAS,AFIRMACAO_CHECADA,ROTULO_FORTE,113,,https://noticias.uol.com.br/comprova/ultimas-noticias/2024/07/01/post-engana-ao-afirmar-que-india-pediu-pena-de-morte-a-cientista-da-oms.htm
GFC_NEG_00491,Lula diz que pobre tem que trabalhar porque se estudar ele parar de votar.,0,ENGANOSO,google_factcheck,ESTADÃO,AFIRMACAO_CHECADA,ROTULO_FORTE,74,,https://www.estadao.com.br/estadao-verifica/posts-distorcem-fala-lula-politicos-cuidarem-de-pobres/
GFC_NEG_00492,Estudo mostra que ivermectina reduz em 60% casos de internação e óbitos por covid-19,0,ENGANOSO,google_factcheck,ESTADÃO,AFIRMACAO_CHECADA,ROTULO_FORTE,84,,https://www.estadao.com.br/estadao-verifica/ivermectina-covid-hospitalizacao-morte-infecacao-enganoso/
GFC_NEG_00493,Donald Trump elogiou urnas eletrônicas brasileiras,0,ENGANOSO,google_factcheck,AOS_FATOS,AFIRMACAO_CHECADA,ROTULO_FORTE,50,2025-03-27,https://www.aosfatos.org/noticias/trump-elogiou-identificacao-biometrica-nao-urna-eletronica-brasileira/
GFC_NEG_00494,100 mil haitianos recebem o Bolsa Família e vivem de assistencialismo,0,ENGANOSO,google_factcheck,ESTADÃO,AFIRMACAO_CHECADA,ROTULO_FORTE,69,,https://www.estadao.com.br/estadao-verifica/haitianos-imigrantes-bolsa-familia-desinformacao/
GFC_NEG_00495,Votação nas eleições municipais de 2024 servirá como prova de vida para INSS,0,ENGANOSO,google_factcheck,AFP_CHECAMOS,AFIRMACAO_CHECADA,ROTULO_FORTE,76,2024-09-20,https://checamos.afp.com/doc.afp.com.36GQ8EW
GFC_NEG_00496,"Lula diz: ""Eu só ganhei as eleições porque o povo nordestino é analfabeto""",0,ENGANOSO,google_factcheck,UOL_NOTÍCIAS,AFIRMACAO_CHECADA,ROTULO_FORTE,74,,https://noticias.uol.com.br/confere/ultimas-noticias/2026/04/29/lula-nao-disse-que-so-ganhou-eleicao-porque-nordestino-e-analfabeto.ghtm
GFC_NEG_00497,"Post com foto de jornal alemão com o título “Protocolos secretos da Covid revelados” e a legenda: “Descobriram documentos oficiais do RKI (Robert Koch Institut), a ‘Anvisa alemã’, que confirmaram todas as teorias dos ‘negacionistas’. Segundo os próprios conselheiros do governo para a questão da pandemia, o ‘lockdown traria mais consequências maléficas do que o vírus. O uso de máscara era questionável e que a mortalidade da COVID era parecida com a da gripe’. Ou seja, tudo aquilo que quem falou, quando da pandemia, era perseguido e até processado criminalmente”.",0,ENGANOSO,google_factcheck,FOLHA_-_UOL,AFIRMACAO_CHECADA,ROTULO_FORTE,567,2024-04-02,https://www1.folha.uol.com.br/equilibrioesaude/2024/04/orgao-de-saude-alemao-nao-determinou-que-lockdown-era-prejudicial-nem-disse-que-covid-matava-igual-a-gripe.shtml
GFC_NEG_00498,"Após eleição de Trump, Gilmar Mendes diz que não houve tentativa de golpe",0,ENGANOSO,google_factcheck,AFP_CHECAMOS,AFIRMACAO_CHECADA,ROTULO_FORTE,73,2025-04-14,https://checamos.afp.com/doc.afp.com.42AU69D
GFC_NEG_00499,"Lockdown climático já começou. Olha a palhaçada, lockdown de novo. Tudo provocado pela extrema esquerda",0,ENGANOSO,google_factcheck,ESTADÃO,AFIRMACAO_CHECADA,ROTULO_FORTE,103,,https://www.estadao.com.br/estadao-verifica/decreto-para-emergencia-climatica-lockdown/
GFC_NEG_00500,Gleisi Hoffmann será ministra da Defesa,0,ENGANOSO,google_factcheck,ESTADÃO,AFIRMACAO_CHECADA,ROTULO_FORTE,39,,https://www.estadao.com.br/estadao-verifica/gleisi-hoffman-ministra-defesa-enganoso/
GFC_NEG_00501,"Substâncias indicadas pelo médico Peter McCullough para ""desintoxicação"" da proteína S presente na vacina contra a covid-19",0,ENGANOSO,google_factcheck,UOL_NOTÍCIAS,AFIRMACAO_CHECADA,ROTULO_FORTE,123,,https://noticias.uol.com.br/comprova/ultimas-noticias/2024/04/24/nao-e-necessario-detox-de-proteina-da-vacina-contra-a-covid-19.htm
GFC_NEG_00502,As urnas eletrônicas não tem o certificado de qualidade do INMETRO,0,ENGANOSO,google_factcheck,AFP_CHECAMOS,AFIRMACAO_CHECADA,ROTULO_FORTE,66,2022-02-10,https://checamos.afp.com/doc.afp.com.9ZG44W
GFC_NEG_00503,Empresa Diebold foi multada nos EUA por fraudar a programação de urnas eletrônicas,0,ENGANOSO,google_factcheck,PROJETO_COMPROVA,AFIRMACAO_CHECADA,ROTULO_FORTE,82,2022-02-15,https://projetocomprova.com.br/publica%C3%A7%C3%B5es/empresa-foi-multada-por-pagar-propinas-nao-por-fraudar-urnas-eletronicas/
GFC_NEG_00504,Manifestação contra a anistia foi maior do que a convocada por Bolsonaro a favor,0,ENGANOSO,google_factcheck,ESTADÃO,AFIRMACAO_CHECADA,ROTULO_FORTE,80,,https://www.estadao.com.br/estadao-verifica/ato-contra-anistia-sao-paulo-video-protesto-2021/
GFC_NEG_00505,Vídeo mostra a mentira do acidente doméstico de Lula pois não há pontos na sua cabeça,0,ENGANOSO,google_factcheck,ESTADÃO,AFIRMACAO_CHECADA,ROTULO_FORTE,85,,https://www.estadao.com.br/estadao-verifica/lula-video-sem-pontos-acidente-domestico-enganoso/
GFC_NEG_00506,"Durante Lula, o país saiu de superávit de R$ 54 bi para rombo de R$ 1 tri",0,ENGANOSO,google_factcheck,AFP_CHECAMOS,AFIRMACAO_CHECADA,ROTULO_FORTE,73,2026-04-24,https://checamos.afp.com/doc.afp.com.A8WW263
GFC_NEG_00507,Temer rebate críticas de Haddad em vídeo publicado no dia 11/02/2023,0,ENGANOSO,google_factcheck,AOS_FATOS,AFIRMACAO_CHECADA,ROTULO_FORTE,68,2023-02-27,https://www.aosfatos.org/noticias/video-temer-haddad-2018/
GFC_NEG_00508,Nova lei muda BPC e garante benefícios para quem tem certas doenças,0,ENGANOSO,google_factcheck,PROJETO_COMPROVA,AFIRMACAO_CHECADA,ROTULO_FORTE,67,2025-06-18,https://projetocomprova.com.br/publica%C3%A7%C3%B5es/bpc-exige-pericia-e-nao-preve-lista-de-doencas-como-diabetes-ou-hernia-de-disco-diferentemente-do-que-afirma-post/
GFC_NEG_00509,Advogado defende a impressão de comprovantes de votação durante julgamento no STF e fala sobre falhas encontradas nas urnas eletrônicas que poderiam ameaçar o processo eleitoral.,0,ENGANOSO,google_factcheck,PROJETO_COMPROVA,AFIRMACAO_CHECADA,ROTULO_FORTE,178,2022-05-18,https://projetocomprova.com.br/publica%C3%A7%C3%B5es/video-que-cita-falhas-ja-corrigidas-nas-urnas-volta-a-circular-fora-de-contexto/
GFC_NEG_00510,Hérnia de disco e diabetes garantem acesso ao BPC,0,ENGANOSO,google_factcheck,ESTADÃO,AFIRMACAO_CHECADA,ROTULO_FORTE,49,,https://www.estadao.com.br/estadao-verifica/bpc-hernia-disco-diabetes/
GFC_NEG_00511,"""Elon Musk perguntou quanto precisaria para acabar com a fome do mundo inteiro, a ONU respondeu que era em torno de 6 bilhões, aí o Elon Musk disse que pagaria e queria saber tudo o que foi gasto detalhadamente, a ONU nem se quer insistiu, pois o interesse deles não é acabar com a fome no mundo""",0,ENGANOSO,google_factcheck,OBSERVADOR,AFIRMACAO_CHECADA,ROTULO_FORTE,296,2023-09-18,https://observador.pt/factchecks/fact-check-onu-disse-que-com-6-mil-milhoes-de-dolares-acabava-com-a-fome-no-mundo-e-depois-recusou-doacao-de-elon-musk/
GFC_NEG_00512,Demonstração mostra fraudes em urnas,0,ENGANOSO,google_factcheck,AFP_CHECAMOS,AFIRMACAO_CHECADA,ROTULO_FORTE,36,2024-10-18,https://checamos.afp.com/doc.afp.com.36KD4EP
GFC_NEG_00513,Manifestação em Salvador em 14 de dezembro de 2025,0,ENGANOSO,google_factcheck,AFP_CHECAMOS,AFIRMACAO_CHECADA,ROTULO_FORTE,50,2025-12-16,https://checamos.afp.com/doc.afp.com.88CW763
GFC_NEG_00514,Demonstração mostra possíveis fraudes em urnas eletrônicas,0,ENGANOSO,google_factcheck,AOS_FATOS,AFIRMACAO_CHECADA,ROTULO_FORTE,58,2022-08-01,https://www.aosfatos.org/noticias/video-mostra-simulacao-de-fraude-em-urna-diferente-da-usada-no-brasil/
GFC_NEG_00515,Lula vai reduzir R$15 reais no valor do salário mínimo,0,ENGANOSO,google_factcheck,AOS_FATOS,AFIRMACAO_CHECADA,ROTULO_FORTE,54,2024-11-26,https://www.aosfatos.org/noticias/lula-nao-pretende-reduzir-salario-minimo-2025/
GFC_NEG_00516,Flávio Dino desbloqueou “emendas de 100 anos” de Bolsonaro e descobriu roubo envolvendo metade dos deputados.,0,ENGANOSO,google_factcheck,ESTADÃO,AFIRMACAO_CHECADA,ROTULO_FORTE,109,,https://www.estadao.com.br/estadao-verifica/dino-descobriu-roubo-desbloquear-emendas-de-100-anos-de-bolsonaro/
GFC_NEG_00517,Haddad declarou a impossibilidade de o governo pagar funcionários públicos e PIB está caindo,0,ENGANOSO,google_factcheck,ESTADÃO,AFIRMACAO_CHECADA,ROTULO_FORTE,92,,https://www.estadao.com.br/estadao-verifica/postagem-cita-dados-falsos-sobre-pib-e-inflacao-e-inventa-fala-de-haddad-sobre-funcionalismo/
GFC_NEG_00518,Governo federal ficará com o valor de 40% do FGTS da multa rescisória do trabalhador em caso de demissão sem justa causa,0,ENGANOSO,google_factcheck,ESTADÃO,AFIRMACAO_CHECADA,ROTULO_FORTE,120,,https://www.estadao.com.br/estadao-verifica/confisco-multa-fgts-seguro-desemprego-enganoso/
GFC_NEG_00519,"Lula disse: 'Não se ganha copa com hospitais, vou construir estádios de futebol'; 'Ainda bem que a ‘natureza’ criou o coronavírus'; 'Um político ladrão é mais digno que um funcionário público'; 'Eu não vou enganar o povo mais uma vez'; e 'Eu não posso ver mais jovem de 14, 15 anos, assaltando e sendo violentado pela polícia só porque roubou um celular'",0,ENGANOSO,google_factcheck,AFP_CHECAMOS,AFIRMACAO_CHECADA,ROTULO_FORTE,354,2025-02-25,https://checamos.afp.com/doc.afp.com.36YN422
GFC_NEG_00520,"Publicação usa vídeo de uma entrevista do ministro do Supremo Tribunal Federal (STF) Gilmar Mendes à emissora portuguesa RTP. Nela, o magistrado diz não ter ocorrido tentativa clara de golpe nos ataques em Brasília, em 8 de janeiro de 2023. O objetivo da publicação é questionar as prisões dos envolvidos após as investigações e julgamentos sobre os atos antidemocráticos.",0,ENGANOSO,google_factcheck,FOLHA_-_UOL,AFIRMACAO_CHECADA,ROTULO_FORTE,372,2024-03-21,https://www1.folha.uol.com.br/poder/2024/03/video-antigo-de-gilmar-mendes-e-usado-para-negar-que-atos-de-8-de-janeiro-foram-tentativa-de-golpe.shtml
GFC_NEG_00521,Vídeo mostra povo em grandes filas pegando sol e cancelando o Auxílio Brasil por causa de Lula,0,ENGANOSO,google_factcheck,ESTADÃO,AFIRMACAO_CHECADA,ROTULO_FORTE,94,,https://www.estadao.com.br/estadao-verifica/bolsa-familia-auxilio-brasil-longa-fila-nordeste/
GFC_NEG_00522,"Quatro vídeos que circulam nas redes sociais mostram eleitores tentando acessar os dados da votação de suas respectivas seções eleitorais no site do TSE. No entanto, o número de nenhuma das seções aparece na plataforma. Os casos são de dois eleitores que votaram no exterior (em Toronto, no Canadá, e em Miami, nos Estados Unidos) e dois que votaram no Brasil (em Colíder, em Mato Grosso, e Passos, em Minas Gerais). Nos vídeos, os cidadãos alegam que os votos não foram computados e que, portanto, teria havido fraude no pleito.",0,ENGANOSO,google_factcheck,FOLHA_-_UOL,AFIRMACAO_CHECADA,ROTULO_FORTE,529,2022-11-16,https://www1.folha.uol.com.br/poder/2022/11/secoes-eleitorais-que-nao-aparecem-em-site-do-tse-foram-agregadas-a-outras.shtml
GFC_NEG_00523,"Ministros do STF, parlamentares e desembargadores não precisam se vacinar contra a covid-19",0,ENGANOSO,google_factcheck,AFP_CHECAMOS,AFIRMACAO_CHECADA,ROTULO_FORTE,91,2022-01-27,https://checamos.afp.com/doc.afp.com.9XB48Y
GFC_NEG_00524,PT ofereceu R$ 50 bilhões para o TSE tornar integrantes do PL inelegíveis,0,ENGANOSO,google_factcheck,PROJETO_COMPROVA,AFIRMACAO_CHECADA,ROTULO_FORTE,73,2023-08-25,https://projetocomprova.com.br/publica%C3%A7%C3%B5es/video-engana-ao-informar-que-pt-ofereceu-r-50-bilhoes-para-tse-tornar-inelegiveis-integrantes-do-pl/
GFC_NEG_00525,TV Globo omitiu que Receita Federal orientou Haddad a devolver estátua,0,ENGANOSO,google_factcheck,AFP_CHECAMOS,AFIRMACAO_CHECADA,ROTULO_FORTE,70,2023-08-02,https://checamos.afp.com/doc.afp.com.33QJ42U
GFC_NEG_00526,Governo Lula decidiu que 25% do seu imóvel é propriedade do governo,0,ENGANOSO,google_factcheck,PROJETO_COMPROVA,AFIRMACAO_CHECADA,ROTULO_FORTE,67,2024-08-05,https://projetocomprova.com.br/publica%C3%A7%C3%B5es/reforma-tributaria-nao-preve-taxa-de-25-em-compra-e-venda-de-imoveis-diferentemente-do-que-afirma-post/
GFC_NEG_00527,Homem diz para Lula que o maior orgulho que já sentiu dele foi quando o petista foi preso,0,ENGANOSO,google_factcheck,ESTADÃO,AFIRMACAO_CHECADA,ROTULO_FORTE,89,,https://www.estadao.com.br/estadao-verifica/lula-orgulho-prisao-enganoso/
GFC_NEG_00528,Prazos diferentes dados por Alexandre de Moraes mostram favoritismo de Lula em relação a Bolsonaro,0,ENGANOSO,google_factcheck,ESTADÃO,AFIRMACAO_CHECADA,ROTULO_FORTE,98,,https://www.estadao.com.br/estadao-verifica/moraes-da-mais-tempo-a-lula-que-bolsonaro/
GFC_NEG_00529,Paulo Guedes anunciou a redução dos valores de aposentadorias e outros benefícios pagos pelo INSS a partir de 2023,0,ENGANOSO,google_factcheck,PROJETO_COMPROVA,AFIRMACAO_CHECADA,ROTULO_FORTE,114,2022-10-21,https://projetocomprova.com.br/publica%C3%A7%C3%B5es/e-enganoso-que-paulo-guedes-anunciou-reducao-em-aposentadorias-e-outros-beneficios-do-inss/
GFC_NEG_00530,"Drex representa controle social, fim da privacidade e permitirá bloqueio de salários",0,ENGANOSO,google_factcheck,NEXO_JORNAL,AFIRMACAO_CHECADA,ROTULO_FORTE,84,2024-10-11,https://www.nexojornal.com.br/expresso/2024/10/11/3-boatos-verificados-esta-semana-para-voce-ficar-de-olho-10
GFC_NEG_00531,"Há apenas 6,8 milhões de desempregados no Brasil, mas o governo distribui Bolsa Família para 54,3 milhões",0,ENGANOSO,google_factcheck,AOS_FATOS,AFIRMACAO_CHECADA,ROTULO_FORTE,105,2024-12-13,https://www.aosfatos.org/noticias/desemprego-nao-e-criterio-bolsa-familia/
GFC_NEG_00532,Alexandre de Moraes admitiu que 'houve fraude' nas eleições de 2022,0,ENGANOSO,google_factcheck,ESTADÃO,AFIRMACAO_CHECADA,ROTULO_FORTE,67,,https://www.estadao.com.br/estadao-verifica/alexandre-de-moraes-nao-admitiu-fraude-nas-eleicoes-2022-video-viral-e-sobre-cota-de-genero/
GFC_NEG_00533,"Vazou uma foto do presidente do Banco Central, Roberto Campos Neto, em um churrasco com aliados de Jair Bolsonaro",0,ENGANOSO,google_factcheck,AFP_CHECAMOS,AFIRMACAO_CHECADA,ROTULO_FORTE,113,2024-07-02,https://checamos.afp.com/doc.afp.com.362H6Q8
GFC_NEG_00534,Bolsonaro pegou 44 milhões dos aposentados e do Banco Master,0,ENGANOSO,google_factcheck,AFP_CHECAMOS,AFIRMACAO_CHECADA,ROTULO_FORTE,60,2026-02-10,https://checamos.afp.com/doc.afp.com.96VG8ZQ
GFC_NEG_00535,Ônibus de Lula é atacado por ovos e Gleisi Hoffmann se pronuncia,0,ENGANOSO,google_factcheck,UOL_NOTÍCIAS,AFIRMACAO_CHECADA,ROTULO_FORTE,64,2022-05-18,https://noticias.uol.com.br/confere/ultimas-noticias/2022/05/18/video-de-onibus-atacado-com-ovos-nao-e-atual-nem-veiculo-transportava-lula.htm
GFC_NEG_00536,Imagem do evento do PT no dia do trabalhador esvaziado em 2025,0,ENGANOSO,google_factcheck,AFP_CHECAMOS,AFIRMACAO_CHECADA,ROTULO_FORTE,62,2025-05-05,https://checamos.afp.com/doc.afp.com.44KH7T2
GFC_NEG_00537,O governo Lula reconheceu que Jair Bolsonaro não é genocida,0,ENGANOSO,google_factcheck,UOL_NOTÍCIAS,AFIRMACAO_CHECADA,ROTULO_FORTE,59,,https://noticias.uol.com.br/confere/ultimas-noticias/2023/10/05/pandemia-stf-arquivou-acao-contra-bolsonaro-por-medidas-de-novo-governo.htm
GFC_NEG_00538,Projeto em discussão no Senado prevê sete anos de reclusão para quem duvidar do sistema eleitoral.,0,ENGANOSO,google_factcheck,ESTADÃO,AFIRMACAO_CHECADA,ROTULO_FORTE,98,,https://www.estadao.com.br/estadao-verifica/quem-duvidar-das-urnas-7-anos-de-prisao-enganoso/
GFC_NEG_00539,Reajuste do salário dos professores: piso do amor do Lula R$ 18 e piso do ódio do Bolsonaro R$ 959,0,ENGANOSO,google_factcheck,AFP_CHECAMOS,AFIRMACAO_CHECADA,ROTULO_FORTE,98,2026-01-22,https://checamos.afp.com/doc.afp.com.93PZ7G4
GFC_NEG_00540,O MST em Jacobinha na Bahia troca de cultura e planta maconha,0,ENGANOSO,google_factcheck,ESTADÃO,AFIRMACAO_CHECADA,ROTULO_FORTE,61,,https://www.estadao.com.br/estadao-verifica/plantacao-maconha-mst-jacobina/
GFC_NEG_00541,Advertência em Paris sobre AVC em crianças em era pós vacinas covid,0,FORA_DE_CONTEXTO,google_factcheck,AFP_CHECAMOS,AFIRMACAO_CHECADA,ROTULO_FORTE,67,2021-12-16,https://checamos.afp.com/doc.afp.com.9UR84V
GFC_NEG_00542,A PEC que amplia o número de cadeiras no STF é de autoria de Luiza Erundina e tem apoio de 40 deputados do PT,0,FORA_DE_CONTEXTO,google_factcheck,AFP_CHECAMOS,AFIRMACAO_CHECADA,ROTULO_FORTE,109,2022-10-18,https://checamos.afp.com/doc.afp.com.32LN8T2
GFC_NEG_00543,Por que foi condenada a mulher que pichou a estátua da Justiça?,0,FORA_DE_CONTEXTO,google_factcheck,PROJETO_COMPROVA,AFIRMACAO_CHECADA,ROTULO_FORTE,63,2025-04-09,https://projetocomprova.com.br/publica%C3%A7%C3%B5es/cabeleireira-que-pichou-estatua-da-justica-no-8-de-janeiro-e-acusada-de-cinco-crimes-nao-so-de-vandalismo/
GFC_NEG_00544,Quatro presos políticos já foram a óbito,0,FORA_DE_CONTEXTO,google_factcheck,ESTADÃO,AFIRMACAO_CHECADA,ROTULO_FORTE,40,,https://www.estadao.com.br/estadao-verifica/presos-no-8-de-janeiro-citados-em-postagem-morreram-enquanto-estavam-em-liberdade-condicional/
GFC_NEG_00545,Senadores pedem impeachment dos ministros Toffoli e Moraes em 2022,0,FORA_DE_CONTEXTO,google_factcheck,AFP_CHECAMOS,AFIRMACAO_CHECADA,ROTULO_FORTE,66,2022-11-09,https://checamos.afp.com/doc.afp.com.32N82NM
GFC_NEG_00546,Geraldo Alckmin e Alexandre de Moraes são quase linchados em restaurante em Brasília em 2023,0,FORA_DE_CONTEXTO,google_factcheck,AFP_CHECAMOS,AFIRMACAO_CHECADA,ROTULO_FORTE,92,2023-11-29,https://checamos.afp.com/doc.afp.com.346B8DT
GFC_NEG_00547,O Tribunal Superior Eleitoral (TSE) publicou um vídeo em 2017 defendendo o voto impresso,0,FORA_DE_CONTEXTO,google_factcheck,AFP_CHECAMOS,AFIRMACAO_CHECADA,ROTULO_FORTE,88,2021-07-08,https://checamos.afp.com/doc.afp.com.9EE7U2
GFC_NEG_00548,O ministro Alexandre de Moraes tentou fazer igual ao Bolsonaro e testou sua popularidade na rua,0,FORA_DE_CONTEXTO,google_factcheck,AFP_CHECAMOS,AFIRMACAO_CHECADA,ROTULO_FORTE,95,2021-09-03,https://checamos.afp.com/doc.afp.com.9M78CT
GFC_NEG_00549,Jornal Nacional: em 2026 aumenta a fiscalização do pix pela Receita Federal,0,FORA_DE_CONTEXTO,google_factcheck,ESTADÃO,AFIRMACAO_CHECADA,ROTULO_FORTE,75,,https://www.estadao.com.br/estadao-verifica/receita-nao-aumentou-monitoramento-do-pix-em-2026-video-usa-materia-antiga-do-jn/
GFC_NEG_00550,"Ministro André Mendonça não quer a quebra do sigilo do Banco Master, enquanto Moraes defende a abertura",0,FORA_DE_CONTEXTO,google_factcheck,DESCONHECIDA,AFIRMACAO_CHECADA,ROTULO_FORTE,103,,https://www.estadao.com.br/estadao-verifica/video-fora-de-contexto-alega-falsamente-que-andre-mendonca-nao-quer-quebrar-sigilo-do-banco-master/
GFC_NEG_00551,Essa é a moça que veio fiscalizar as urnas eletrônicas no Brasil,0,FORA_DE_CONTEXTO,google_factcheck,AFP_CHECAMOS,AFIRMACAO_CHECADA,ROTULO_FORTE,64,2021-06-01,https://checamos.afp.com/fotos-da-observadora-da-oea-com-lula-e-chavez-datam-de-quando-ela-era-presidente-da-costa-rica
GFC_NEG_00552,Vídeo mostra vaias a Lula no dia 24 de fevereiro de 2025.,0,FORA_DE_CONTEXTO,google_factcheck,ESTADÃO,AFIRMACAO_CHECADA,ROTULO_FORTE,57,,https://www.estadao.com.br/estadao-verifica/brasileiros-panelaco-pronunciamento-lula-antigo/
GFC_NEG_00553,Carro do MST se envolve em acidente e estava carregado com munição,0,FORA_DE_CONTEXTO,google_factcheck,UOL_NOTÍCIAS,AFIRMACAO_CHECADA,ROTULO_FORTE,66,2023-05-25,https://noticias.uol.com.br/confere/ultimas-noticias/2023/05/25/caminhonete-mst-municao-checagem.htm
GFC_NEG_00554,Homem que morreu no voo com ministros de Lula tinha 96 cápsulas de cocaína no estômago,0,FORA_DE_CONTEXTO,google_factcheck,ESTADÃO,AFIRMACAO_CHECADA,ROTULO_FORTE,86,,https://www.estadao.com.br/estadao-verifica/homem-morreu-aviao-ministros-lula-96-capsulas-cocaina-estomago/
GFC_NEG_00555,Comparação entre inflação da Argentina e na Venezuela,0,FORA_DE_CONTEXTO,google_factcheck,ESTADÃO,AFIRMACAO_CHECADA,ROTULO_FORTE,53,,https://www.estadao.com.br/estadao-verifica/postagem-que-compara-inflacao-na-venezuela-e-argentina-nao-leva-em-consideracao-historico-dos-paises/
GFC_NEG_00556,Donald Trump endureceu o tom contra o Brasil,0,FORA_DE_CONTEXTO,google_factcheck,ESTADÃO,AFIRMACAO_CHECADA,ROTULO_FORTE,44,,https://www.estadao.com.br/estadao-verifica/fora-de-contexto-donald-trump-endureceu-tom-brasil/
GFC_NEG_00557,Nicolás Maduro pede apoio ao MST para combater suposta ação militar dos Estados Unidos,0,FORA_DE_CONTEXTO,google_factcheck,ESTADÃO,AFIRMACAO_CHECADA,ROTULO_FORTE,86,,https://www.estadao.com.br/estadao-verifica/maduro-brigada-mst-eua-venezuela/
GFC_NEG_00558,Vacinas da covid custam milhões em indenizações por mortes e efeitos colaterais,0,FORA_DE_CONTEXTO,google_factcheck,ESTADÃO,AFIRMACAO_CHECADA,ROTULO_FORTE,79,,https://www.estadao.com.br/estadao-verifica/indenizacoes-vacinas-covid-enganoso/
GFC_NEG_00559,Vídeo de ato na Paulista mostra celebração à prisão preventiva de Jair Bolsonaro.,0,FORA_DE_CONTEXTO,google_factcheck,ESTADÃO,AFIRMACAO_CHECADA,ROTULO_FORTE,81,,https://www.estadao.com.br/estadao-verifica/ato-anistia-paulista-comemoracao-prisao-bolsonaro/
GFC_NEG_00560,Lula manda resposta afiada para Estados Unidos,0,FORA_DE_CONTEXTO,google_factcheck,AFP_CHECAMOS,AFIRMACAO_CHECADA,ROTULO_FORTE,46,2025-01-29,https://checamos.afp.com/doc.afp.com.36WK8YJ
GFC_NEG_00561,"Você sabe quanto a Petrobras recebe hoje para cada litro de gasolina que você compra no posto? R$ 2,33",0,FORA_DE_CONTEXTO,google_factcheck,UOL_NOTÍCIAS,AFIRMACAO_CHECADA,ROTULO_FORTE,102,2021-11-12,https://noticias.uol.com.br/confere/ultimas-noticias/2021/11/12/petrobras-omite-aumentos-em-video-que-explica-preco-da-gasolina.htm
GFC_NEG_00562,"Ivermectina reduz replicação do vírus da covid-19, afirma Universidade de Oxford",0,FORA_DE_CONTEXTO,google_factcheck,AFP_CHECAMOS,AFIRMACAO_CHECADA,ROTULO_FORTE,80,2021-06-24,https://checamos.afp.com/oxford-nao-confirmou-eficacia-da-ivermectina-contra-covid-19-apenas-comecou-um-estudo
GFC_NEG_00563,"Em vídeo, Lula diz que não vai enganar o povo mais uma vez",0,FORA_DE_CONTEXTO,google_factcheck,AFP_CHECAMOS,AFIRMACAO_CHECADA,ROTULO_FORTE,58,2022-02-15,https://checamos.afp.com/doc.afp.com.322K838
GFC_NEG_00564,Ministro Alexandre de Moraes está preocupado com a qualidade das drogas no Brasil,0,FORA_DE_CONTEXTO,google_factcheck,PROJETO_COMPROVA,AFIRMACAO_CHECADA,ROTULO_FORTE,81,2023-08-29,https://projetocomprova.com.br/publica%C3%A7%C3%B5es/drogas-batizadas-entenda-contexto-da-fala-de-moraes-e-riscos-a-saude-publica/
GFC_NEG_00565,Salário mínimo não vai mais acompanhar a inflação no Brasil.,0,FORA_DE_CONTEXTO,google_factcheck,METRÓPOLES,AFIRMACAO_CHECADA,ROTULO_FORTE,60,2024-08-29,https://www.metropoles.com/projeto-comprova/entenda-salario-minimo-acima-da-inflacao
GFC_NEG_00566,Haddad anuncia novo imposto de 10% no IR,0,FORA_DE_CONTEXTO,google_factcheck,ESTADÃO,AFIRMACAO_CHECADA,ROTULO_FORTE,40,,https://www.estadao.com.br/estadao-verifica/dizimo-haddad-imposto-10-50-mil-mes-enganoso/
GFC_NEG_00567,Alexandre de Moraes está preocupado com a qualidade das drogas no país,0,FORA_DE_CONTEXTO,google_factcheck,ESTADÃO,AFIRMACAO_CHECADA,ROTULO_FORTE,70,,https://www.estadao.com.br/estadao-verifica/alexandre-moraes-discursa-qualidade-drogas-contexto/
GFC_NEG_00568,Tabata e Boulos votam contra a isenção do Imposto de Renda para quem ganha até 5 mil reais,0,FORA_DE_CONTEXTO,google_factcheck,AFP_CHECAMOS,AFIRMACAO_CHECADA,ROTULO_FORTE,90,2024-03-28,https://checamos.afp.com/doc.afp.com.34MR6ZF
GFC_NEG_00569,Moraes defendeu soberania do Brasil após anúncio de taxação por Trump,0,FORA_DE_CONTEXTO,google_factcheck,ESTADÃO,AFIRMACAO_CHECADA,ROTULO_FORTE,69,,https://www.estadao.com.br/estadao-verifica/video-alexandre-moraes-soberania-brasil-fora-de-contexto/
GFC_NEG_00570,Fazendeiro argentino joga bosta líquida no MST,0,FORA_DE_CONTEXTO,google_factcheck,ESTADÃO,AFIRMACAO_CHECADA,ROTULO_FORTE,46,,https://www.estadao.com.br/estadao-verifica/agricultor-esterco-mst-greenpeace-reino-unido/
GFC_NEG_00571,O Ministro do Brasil dizendo que o Trump que taxar o PIX,0,FORA_DE_CONTEXTO,google_factcheck,PROJETO_COMPROVA,AFIRMACAO_CHECADA,ROTULO_FORTE,56,2025-07-28,https://projetocomprova.com.br/publica%C3%A7%C3%B5es/pix-e-alvo-de-investigacao-comercial-dos-eua-mas-nao-pode-ser-taxado-por-trump/
GFC_NEG_00572,Notícia de 19/02/2023: governador da Bahia declara lockdown,0,FORA_DE_CONTEXTO,google_factcheck,ESTADÃO,AFIRMACAO_CHECADA,ROTULO_FORTE,59,,https://www.estadao.com.br/estadao-verifica/lockdown-bahia-reportagem-2021/
GFC_NEG_00573,Nunes Marques derruba decisão do STF e devolve mandato do Delegado Francischini,0,FORA_DE_CONTEXTO,google_factcheck,ESTADÃO,AFIRMACAO_CHECADA,ROTULO_FORTE,79,,https://www.estadao.com.br/estadao-verifica/decisao-de-nunes-marques-a-favor-de-delegado-francischini-foi-derrubada-em-2022/
GFC_NEG_00574,Descobriu-se agora que o presidente Lula tem fortuna milionária e teve R$ 18 milhões em impostos da Receita Federal suspensos pelo Supremo Tribunal Federal,0,FORA_DE_CONTEXTO,google_factcheck,ESTADÃO,AFIRMACAO_CHECADA,ROTULO_FORTE,155,,https://www.estadao.com.br/estadao-verifica/lula-18-milhoes-impostos-fora-de-contexto/
GFC_NEG_00575,Flavio Dino defende autonomia do médico ao prescrever cloroquina contra covid,0,FORA_DE_CONTEXTO,google_factcheck,ESTADÃO,AFIRMACAO_CHECADA,ROTULO_FORTE,77,,https://www.estadao.com.br/estadao-verifica/flavio-dino-cloroquina/
GFC_NEG_00576,Protesto contra a prisão definitiva de Bolsonaro,0,FORA_DE_CONTEXTO,google_factcheck,ESTADÃO,AFIRMACAO_CHECADA,ROTULO_FORTE,48,,https://www.estadao.com.br/estadao-verifica/video-bolsonaro-manifestacao-prisao-goiania-fora-de-contexto/
GFC_NEG_00577,"Publicação de um vídeo do senador Randolfe Rodrigues fazendo críticas aos ministros do Supremo Tribunal Federal (STF) Dias Toffoli e Alexandre de Moraes. As declarações são parte de uma entrevista ao vivo concedida pelo parlamentar ao programa “Os Pingos nos Is”, da Jovem Pan News. O post carrega a seguinte legenda: “Randolfe atacando o ‘estado democrático de direito’ e as instituições! Caiu isso aqui!”.",0,FORA_DE_CONTEXTO,google_factcheck,FOLHA_-_UOL,AFIRMACAO_CHECADA,ROTULO_FORTE,407,2023-07-28,https://www1.folha.uol.com.br/poder/2023/07/video-de-randolfe-rodrigues-pedindo-impeachment-de-ministros-do-stf-e-de-2019.shtml
GFC_NEG_00578,Élcio de Queiroz trabalhou para o PT,0,FORA_DE_CONTEXTO,google_factcheck,ESTADÃO,AFIRMACAO_CHECADA,ROTULO_FORTE,36,,https://www.estadao.com.br/estadao-verifica/elcio-de-queiroz-trabalho-prefeitura-pt/
GFC_NEG_00579,Lulinha opera empresas-fantasmas para receber valores milionários,0,FORA_DE_CONTEXTO,google_factcheck,ESTADÃO,AFIRMACAO_CHECADA,ROTULO_FORTE,65,,https://www.estadao.com.br/estadao-verifica/reportagem-sobre-supostas-empresas-fantasmas-de-lulinha-e-antiga-inqueritos-foram-arquivados/
GFC_NEG_00580,Haddad diz que Bolsonaro cobrou poucos impostos,0,FORA_DE_CONTEXTO,google_factcheck,PROJETO_COMPROVA,AFIRMACAO_CHECADA,ROTULO_FORTE,47,2025-10-15,https://projetocomprova.com.br/publica%C3%A7%C3%B5es/videos-tiram-de-contexto-fala-de-haddad-sobre-tributacao-das-apostas-online/
GFC_NEG_00581,Comprovante de vacinação contra a covid-19 está sendo exigido para regularizar título de eleitor em São Pedro da Aldeia (RJ),0,FORA_DE_CONTEXTO,google_factcheck,UOL_NOTÍCIAS,AFIRMACAO_CHECADA,ROTULO_FORTE,124,2022-05-03,https://noticias.uol.com.br/confere/ultimas-noticias/2022/05/03/rj-deixou-de-exigir-vacina-para-regularizar-titulo-de-eleitor-presencial.htm
GFC_NEG_00582,"Lula negou na campanha que pretendesse criar banheiros unissex, mas agora seu governo decretou banheiro unissex no Brasil",0,FORA_DE_CONTEXTO,google_factcheck,PROJETO_COMPROVA,AFIRMACAO_CHECADA,ROTULO_FORTE,121,2023-09-28,https://projetocomprova.com.br/publica%C3%A7%C3%B5es/lula-nao-instituiu-banheiro-unissex-nas-escolas-resolucao-de-conselho-nao-e-impositiva/
GFC_NEG_00583,Oposição conseguem 41 assinaturas de senadores para pedir impeachment de Alexandre de Moraes,0,FORA_DE_CONTEXTO,google_factcheck,ESTADÃO,AFIRMACAO_CHECADA,ROTULO_FORTE,92,,https://www.estadao.com.br/estadao-verifica/senadores-oposicao-41-assinaturas-impeachment-moraes-fora-de-contexto/
GFC_NEG_00584,Randolfe faz pedido de impeachment contra ministros do STF,0,FORA_DE_CONTEXTO,google_factcheck,ESTADÃO,AFIRMACAO_CHECADA,ROTULO_FORTE,58,,https://www.estadao.com.br/estadao-verifica/randolfe-discurso-impeachment-stf-antigo/
GFC_NEG_00585,"Teremos problema de impostos nos aluguéis, na compra e venda de imóveis e na herança",0,FORA_DE_CONTEXTO,google_factcheck,ESTADÃO,AFIRMACAO_CHECADA,ROTULO_FORTE,84,,https://www.estadao.com.br/estadao-verifica/problema-impostos-alugueis-compra-venda-imoveis-heranca/
GFC_NEG_00586,"Lula disse que pobres e negros não têm que aprender, têm que trabalhar",0,FORA_DE_CONTEXTO,google_factcheck,ESTADÃO,AFIRMACAO_CHECADA,ROTULO_FORTE,70,,https://www.estadao.com.br/estadao-verifica/lula-negros-pobres-nao-devem-estudar/
GFC_NEG_00587,"José Dirceu cita ""manifestação do TSE"" que levaria a uma derrota eleitoral de Bolsonaro",0,FORA_DE_CONTEXTO,google_factcheck,UOL_NOTÍCIAS,AFIRMACAO_CHECADA,ROTULO_FORTE,87,2022-05-26,https://noticias.uol.com.br/confere/ultimas-noticias/2022/05/26/post-usa-fala-de-dirceu-sem-contexto-para-alegar-suposta-fraude-eleitoral.htm
GFC_NEG_00588,MST expulsa dono de fazenda ocupada,0,FORA_DE_CONTEXTO,google_factcheck,ESTADÃO,AFIRMACAO_CHECADA,ROTULO_FORTE,35,,https://www.estadao.com.br/estadao-verifica/mst-expulsa-dono-fazenda-ocupada/
GFC_NEG_00589,"Em vídeo, Gilmar Mendes diz que sistema eleitoral é falho",0,FORA_DE_CONTEXTO,google_factcheck,AFP_CHECAMOS,AFIRMACAO_CHECADA,ROTULO_FORTE,57,2023-07-18,https://checamos.afp.com/doc.afp.com.33P83BG
GFC_NEG_00590,"Senador Randolfe Rodrigues faz críticas a Dias Toffoli e Alexandre de Moraes, em ataque ao Estado Democrático de Direito",0,FORA_DE_CONTEXTO,google_factcheck,PROJETO_COMPROVA,AFIRMACAO_CHECADA,ROTULO_FORTE,120,2023-07-27,https://projetocomprova.com.br/publica%C3%A7%C3%B5es/video-de-randolfe-pedindo-impeachment-de-ministros-do-stf-e-de-2019/
GFC_NEG_00591,Fernando Haddad fez apenas 2 meses de formação em Economia,0,FORA_DE_CONTEXTO,google_factcheck,AFP_CHECAMOS,AFIRMACAO_CHECADA,ROTULO_FORTE,58,2022-12-15,https://checamos.afp.com/doc.afp.com.333Z23T
GFC_NEG_00592,Lula vaiado no Congresso em 2025,0,FORA_DE_CONTEXTO,google_factcheck,AFP_CHECAMOS,AFIRMACAO_CHECADA,ROTULO_FORTE,32,2025-02-06,https://checamos.afp.com/doc.afp.com.36XA9HC
GFC_NEG_00593,TSE não cumpre lei para impressão de voto sancionada por Lula,0,FORA_DE_CONTEXTO,google_factcheck,AFP_CHECAMOS,AFIRMACAO_CHECADA,ROTULO_FORTE,61,2022-07-13,https://checamos.afp.com/doc.afp.com.32EC8WZ
GFC_NEG_00594,Eduardo Bolsonaro divulga nota de pesar após Trump receber Lula na Casa Branca,0,FORA_DE_CONTEXTO,google_factcheck,ESTADÃO,AFIRMACAO_CHECADA,ROTULO_FORTE,78,,https://www.estadao.com.br/estadao-verifica/eduardo-bolsonaro-encontro-donald-trump-lula-casa-branca/
GFC_NEG_00595,Presidente Lula assumiu em 2023 e arquivou o projeto de lei que defende 30h para enfermagem.,0,FORA_DE_CONTEXTO,google_factcheck,ESTADÃO,AFIRMACAO_CHECADA,ROTULO_FORTE,92,,https://www.estadao.com.br/estadao-verifica/lula-30-horas-enfermeiros-arquivada-31-janeiro-2023/
GFC_NEG_00596,Alexandre de Moraes admite ser comunista e revela “momento socialista” do STF,0,FORA_DE_CONTEXTO,google_factcheck,ESTADÃO,AFIRMACAO_CHECADA,ROTULO_FORTE,77,,https://www.estadao.com.br/estadao-verifica/alexandre-de-moraes-momento-socialista-stf-fora-de-contexto/
GFC_NEG_00597,Estados Unidos anunciam nova caçada contra Alexandre de Moraes,0,FORA_DE_CONTEXTO,google_factcheck,ESTADÃO,AFIRMACAO_CHECADA,ROTULO_FORTE,62,,https://www.estadao.com.br/estadao-verifica/estados-unidos-nova-sancoes-alexandre-de-moraes-enganoso/
GFC_NEG_00598,Estudo da Fiocruz mostra que vacinados tiveram mais chances de morrer do que não vacinados,0,FORA_DE_CONTEXTO,google_factcheck,ESTADÃO,AFIRMACAO_CHECADA,ROTULO_FORTE,90,,https://www.estadao.com.br/estadao-verifica/fiocruz-estudo-vacinados-morte-covid/
GFC_NEG_00599,"Ministro André Mendonça não quer a quebra do sigilo do Banco Master, enquanto Moraes defende a abertura",0,FORA_DE_CONTEXTO,google_factcheck,ESTADÃO,AFIRMACAO_CHECADA,ROTULO_FORTE,103,,https://www.estadao.com.br/estadao-verifica/video-fora-de-contexto-alega-falsamente-que-andre-mendonca-nao-quer-quebrar-sigilo-do-banco-master/
GFC_NEG_00600,"Pipoca e sorvete são armas de golpe? Para o STF, dois trabalhadores com seus equipamentos de venda são considerados golpistas.",0,FORA_DE_CONTEXTO,google_factcheck,PROJETO_COMPROVA,AFIRMACAO_CHECADA,ROTULO_FORTE,126,2025-04-11,https://projetocomprova.com.br/publica%C3%A7%C3%B5es/pipoqueiro-e-sorveteiro-nao-estavam-trabalhando-quando-foram-presos-em-frente-ao-qg-do-exercito/
GFC_VER_00001,A [Simone] Tebet falou de voto impresso no passado,1,GFC_VERDADEIRO,google_factcheck,AOS_FATOS,AFIRMACAO_CHECADA,ROTULO_FORTE,50,2022-08-08,https://www.aosfatos.org/noticias/bolsonaro-no-flow/
GFC_VER_00002,a informação de que quatro deputados federais da bancada do Distrito Federal votaram contra ou se ausentaram da votação da Proposta de Emenda à Constituição (PEC) que visava estabelecer a adoção do voto impresso no país.,1,GFC_VERDADEIRO,google_factcheck,METRÓPOLES,AFIRMACAO_CHECADA,ROTULO_FORTE,220,2022-09-15,https://www.metropoles.com/distrito-federal/e-verdadeiro-que-quatro-deputados-do-df-votaram-contra-o-voto-impresso
GFC_VER_00003,Ministro Flávio Dino criticou sistema eleitoral do país no passado. Só vale contra Bolsonaro?,1,GFC_VERDADEIRO,google_factcheck,PROJETO_COMPROVA,AFIRMACAO_CHECADA,ROTULO_FORTE,93,2023-07-13,https://projetocomprova.com.br/publica%C3%A7%C3%B5es/tuites-antigos-de-flavio-dino-com-criticas-ao-sistema-eleitoral-sao-verdadeiros-entenda-o-contexto/
GFC_VER_00004,Triste é que um deputado apresenta um projeto de lei em que o estuprador pode pegar uma pena menor do que a estuprada,1,GFC_VERDADEIRO,google_factcheck,AOS_FATOS,AFIRMACAO_CHECADA,ROTULO_FORTE,117,2024-06-18,https://www.aosfatos.org/noticias/checamos-lula-entrevista-cbn/
GFC_VER_00005,Nikolas associa pretos e pardos a bandidos,1,GFC_VERDADEIRO,google_factcheck,UOL_NOTÍCIAS,AFIRMACAO_CHECADA,ROTULO_FORTE,42,,https://noticias.uol.com.br/confere/ultimas-noticias/2026/04/04/nikolas-sobre-associacao-entre-negros-e-criminosos-estereotipos-existem.ghtm
GFC_VER_00006,"O que o arcabouço prevê, que é uma novidade na legislação, é que você vai ter um aumento real de despesa mínima de 0,6% e máxima de 2,5%, para justamente funcionar como mecanismos anticíclicos. Se tiver uma recessão, você garante a despesa do governo. Se tiver um crescimento exorbitante, você economiza justamente para equilibrar no tempo as contas públicas.",1,GFC_VERDADEIRO,google_factcheck,AOS_FATOS,AFIRMACAO_CHECADA,ROTULO_FORTE,359,2024-01-25,https://www.aosfatos.org/noticias/checamos-haddad-roda-viva/
GFC_VER_00007,"""Na época do PT, lá eram 150 mil crianças querendo uma vaga de creche e não tinha aqui na cidade mais rica.""",1,GFC_VERDADEIRO,google_factcheck,AOS_FATOS,AFIRMACAO_CHECADA,ROTULO_FORTE,108,2024-09-21,https://www.aosfatos.org/noticias/checamos-ricardo-nunes-inteligencia-ltda/
GFC_VER_00008,PT publica foto com duplicações em ato em Salvador,1,GFC_VERDADEIRO,google_factcheck,UOL_NOTÍCIAS,AFIRMACAO_CHECADA,ROTULO_FORTE,50,2022-07-11,https://noticias.uol.com.br/confere/ultimas-noticias/2022/07/11/pt-admite-duplicacao-em-foto-de-ato-no-dois-de-julho-por-erro-tecnico.htm
GFC_VER_00009,"A Aneel pode dizer: ‘A empresa não cumpriu o contrato, o contrato está caduco, caducidade, vou romper a concessão’. Essa é uma decisão que não é do Lula, não é do Tarcísio, não é minha, não é do Nunes. Essa decisão é da Aneel.",1,GFC_VERDADEIRO,google_factcheck,AOS_FATOS,AFIRMACAO_CHECADA,ROTULO_FORTE,226,2024-10-24,https://www.aosfatos.org/noticias/checamos-boulos-inteligencia-ltda-segundo-turno/
GFC_VER_00010,A inflação dos alimentos tá em 15%,1,GFC_VERDADEIRO,google_factcheck,AOS_FATOS,AFIRMACAO_CHECADA,ROTULO_FORTE,34,2022-08-15,https://www.aosfatos.org/noticias/checamos-ciro-gomes-roda-viva/
GFC_VER_00011,"Ou porque a inadimplência atingiu 66,6 milhões de brasileiros.",1,GFC_VERDADEIRO,google_factcheck,AOS_FATOS,AFIRMACAO_CHECADA,ROTULO_FORTE,62,2022-08-15,https://www.aosfatos.org/noticias/checamos-ciro-gomes-roda-viva/
GFC_VER_00012,"Eu fui ministro da Fazenda, eu cobrei uma alíquota de 35% nos supersalários.",1,GFC_VERDADEIRO,google_factcheck,AOS_FATOS,AFIRMACAO_CHECADA,ROTULO_FORTE,76,2022-08-15,https://www.aosfatos.org/noticias/checamos-ciro-gomes-roda-viva/
GFC_VER_00013,O Ceará tem hoje a melhor educação pública do Brasil,1,GFC_VERDADEIRO,google_factcheck,UOL_NOTÍCIAS,AFIRMACAO_CHECADA,ROTULO_FORTE,52,2022-08-29,https://noticias.uol.com.br/confere/ultimas-noticias/2022/08/29/ciro-erra-ao-falar-de-educacao-e-acerta-sobre-fome-e-inadimplencia.htm
GFC_VER_00014,"""Fui ao Plenário das Nações Unidas receber o prêmio mundial de combate a mortalidade infantil""",1,GFC_VERDADEIRO,google_factcheck,UOL_NOTÍCIAS,AFIRMACAO_CHECADA,ROTULO_FORTE,94,2022-09-25,https://noticias.uol.com.br/confere/ultimas-noticias/2022/09/24/no-sbt-ciro-cita-premio-que-recebeu-por-politica-criada-por-tasso.htm
GFC_VER_00015,O Brasil tem 3% da população do mundo. Aqui morreram 11% da população do mundo.,1,GFC_VERDADEIRO,google_factcheck,AOS_FATOS,AFIRMACAO_CHECADA,ROTULO_FORTE,79,2022-08-15,https://www.aosfatos.org/noticias/checamos-ciro-gomes-roda-viva/
GFC_VER_00016,Não houve aumento do salário mínimo [no governo Bolsonaro]. Houve apenas uma reposição inflacionária,1,GFC_VERDADEIRO,google_factcheck,AOS_FATOS,AFIRMACAO_CHECADA,ROTULO_FORTE,100,2022-10-30,https://www.aosfatos.org/noticias/fome-absolvicoes-legado-principais-checagens-lula-campanha/
GFC_VER_00017,"Nós temos um prazo para fazer isso, que é 2029, que é quando começa a transição da reforma tributária. Porque aí o ISS vai deixar de existir e vai se juntar com o ICMS e construir o IVA dual, que vai ser um imposto novo, que vai juntar os dois.",1,GFC_VERDADEIRO,google_factcheck,AOS_FATOS,AFIRMACAO_CHECADA,ROTULO_FORTE,244,2024-10-24,https://www.aosfatos.org/noticias/checamos-boulos-inteligencia-ltda-segundo-turno/
GFC_VER_00018,Banco Central quer criar o Real Digital,1,GFC_VERDADEIRO,google_factcheck,ESTADÃO,AFIRMACAO_CHECADA,ROTULO_FORTE,39,,https://www.estadao.com.br/estadao-verifica/o-que-e-real-digital-banco-central/
GFC_VER_00019,33 milhões de brasileiros com fome e 100 milhões com insegurança alimentar,1,GFC_VERDADEIRO,google_factcheck,AOS_FATOS,AFIRMACAO_CHECADA,ROTULO_FORTE,74,2022-08-09,https://www.aosfatos.org/noticias/roda-viva-simone-tebet/
GFC_VER_00020,"R$160milhões do mensalão, R$2,3bilhão em um esquema do Petrolão, e R$44bilhões no orçamento secreto",1,GFC_VERDADEIRO,google_factcheck,AOS_FATOS,AFIRMACAO_CHECADA,ROTULO_FORTE,99,2022-08-09,https://www.aosfatos.org/noticias/roda-viva-simone-tebet/
GFC_VER_00021,Concedemos um auxílio emergencial de 800 dólares para 68 milhões de pessoas em 2020.,1,GFC_VERDADEIRO,google_factcheck,AOS_FATOS,AFIRMACAO_CHECADA,ROTULO_FORTE,84,2021-09-21,https://www.aosfatos.org/noticias/checamos-bolsonaro-assembleia-geral-onu/
GFC_VER_00022,"“Por exemplo, nós chegamos agora no menor índice de desemprego desde 2015.”",1,GFC_VERDADEIRO,google_factcheck,AOS_FATOS,AFIRMACAO_CHECADA,ROTULO_FORTE,75,2024-09-10,https://www.aosfatos.org/noticias/checamos-roda-viva-ricardo-nunes/
GFC_VER_00023,"Nós queremos uma cidade onde não se aceite como natural que 500 mil pessoas passem fome na própria cidade do Rio de Janeiro enquanto o prefeito gasta mais dinheiro em publicidade do que no enfrentamento à fome, como foi em 2023.",1,GFC_VERDADEIRO,google_factcheck,AOS_FATOS,AFIRMACAO_CHECADA,ROTULO_FORTE,228,2024-10-04,https://www.aosfatos.org/noticias/checamos-debate-globo-prefeitura-rio-de-janeiro/
RSS_00001,"Como cuidar dos seus cabos de celular (certamente não da maneira como você está fazendo) — Cabos de carregador só recebem atenção quando quebram. E, muitas vezes, o problema está na forma como você os usa",1,NOTICIA_REAL,noticias_reais,BBC_BRASIL,titulo_resumo,ROTULO_ASSUMIDO,204,2026-05-16,https://www.bbc.com/portuguese/articles/cdjp9vlj44ro?at_medium=RSS&at_campaign=rss
RSS_00002,"Por que o governo da Índia pediu aos seus cidadãos que não comprem ouro durante um ano — O governo indiano pede à população uma medida difícil, em um país onde as importações de ouro totalizaram US$ 72 bilhões no último ano fiscal — o segundo maior mercado de ouro do mundo.",1,NOTICIA_REAL,noticias_reais,BBC_BRASIL,titulo_resumo,ROTULO_ASSUMIDO,274,2026-05-16,https://www.bbc.com/portuguese/articles/c2029qwkp51o?at_medium=RSS&at_campaign=rss
RSS_00003,A popularidade de Lula no Datafolha a menos de 5 meses da eleição — O instituto entrevistou 2.004 eleitores entre a terça-feira 12 e a quarta 13,1,NOTICIA_REAL,noticias_reais,CARTACAPITAL,titulo_resumo,ROTULO_ASSUMIDO,144,2026-05-16,https://www.cartacapital.com.br/cartaexpressa/a-popularidade-de-lula-no-datafolha-a-menos-de-5-meses-da-eleicao/
RSS_00004,"PGR denuncia Romeu Zema ao STJ por calúnia contra Gilmar Mendes — O procurador-geral, Paulo Gonet, entendeu que o STJ é o órgão responsável para analisar a denúncia, pois o crime tem relação com o exercício do cargo",1,NOTICIA_REAL,noticias_reais,CARTACAPITAL,titulo_resumo,ROTULO_ASSUMIDO,215,2026-05-15,https://www.cartacapital.com.br/justica/pgr-denuncia-romeu-zema-ao-stj-por-calunia-contra-gilmar-mendes/
RSS_00005,"Mendonça prevalece e STF rejeita ação sobre monitoramento de jornalistas e deputados — Por 7 votos a 4, o Supremo entendeu que o governo de Jair Bolsonaro (PL) não cometeu irregularidades com os relatórios que visavam o monitoramento de mais de 100 parlamentares e jornalistas",1,NOTICIA_REAL,noticias_reais,CARTACAPITAL,titulo_resumo,ROTULO_ASSUMIDO,276,2026-05-15,https://www.cartacapital.com.br/justica/mendonca-prevalece-e-stf-rejeita-acao-sobre-monitoramento-de-jornalistas-e-deputados/
RSS_00006,"Em ação com a Interpol, PF prende em Dubai hacker do Caso Master — Victor Lima Sedlmaier era considerado foragido da Justiça",1,NOTICIA_REAL,noticias_reais,CARTACAPITAL,titulo_resumo,ROTULO_ASSUMIDO,124,2026-05-16,https://www.cartacapital.com.br/justica/em-acao-com-a-interpol-pf-prende-em-dubai-hacker-do-caso-master/
RSS_00007,"As intenções de voto de Lula e Flávio Bolsonaro no 2º turno, em novo Datafolha — A maioria das entrevistas ocorreu antes da revelação das conversas entre Flávio Bolsonaro e o banqueiro Daniel Vorcaro",1,NOTICIA_REAL,noticias_reais,CARTACAPITAL,titulo_resumo,ROTULO_ASSUMIDO,199,2026-05-16,https://www.cartacapital.com.br/politica/as-intencoes-de-voto-de-lula-e-flavio-bolsonaro-no-2o-turno-em-novo-datafolha-2/
RSS_00008,Ciro lança pré-candidatura ao governo do Ceará com discurso focado na segurança — O ex-prefeito de Fortaleza Roberto Cláudio deve ser o vice do tucano,1,NOTICIA_REAL,noticias_reais,CARTACAPITAL,titulo_resumo,ROTULO_ASSUMIDO,150,2026-05-16,https://www.cartacapital.com.br/cartaexpressa/ciro-lanca-pre-candidatura-ao-governo-do-ceara-com-discurso-focado-na-seguranca/
RSS_00009,"O impasse sobre a extradição de chileno condenado por estelionato, após aval do STF — Relator do caso, Alexandre de Moraes negou afrouxar a prisão enquanto ocorrem os trâmites diplomáticos",1,NOTICIA_REAL,noticias_reais,CARTACAPITAL,titulo_resumo,ROTULO_ASSUMIDO,188,2026-05-16,https://www.cartacapital.com.br/justica/o-impasse-sobre-a-extradicao-de-chileno-condenado-por-estelionato-apos-aval-do-stf/
RSS_00010,O próximo Datafolha para medir o impacto da negociação Flávio Bolsonaro-Daniel Vorcaro — A pesquisa divulgada neste sábado foi majoritariamente realizada antes da revelação do episódio,1,NOTICIA_REAL,noticias_reais,CARTACAPITAL,titulo_resumo,ROTULO_ASSUMIDO,184,2026-05-16,https://www.cartacapital.com.br/politica/o-proximo-datafolha-para-medir-o-impacto-da-negociacao-flavio-bolsonaro-daniel-vorcaro/
RSS_00011,"Fachin vota com Mendonça e empata julgamento sobre monitoramento de jornalistas e parlamentares — Ainda faltam votar os ministros Luiz Fux, Nunes Marques e Gilmar Mendes. O julgamento ocorre no plenário virtual e deve terminar nesta sexta-feira",1,NOTICIA_REAL,noticias_reais,CARTACAPITAL,titulo_resumo,ROTULO_ASSUMIDO,244,2026-05-15,https://www.cartacapital.com.br/justica/fachin-vota-com-mendonca-e-empata-julgamento-sobre-monitoramento-de-jornalistas-e-parlamentares/
RSS_00012,"Eduardo se junta a Flávio na lista de contradições do clã Bolsonaro sobre o dinheiro de Vorcaro — O papel do ex-deputado federal na empreitada entrou em cena nesta sexta-feira, enquanto o senador busca conter danos à sua pré-candidatura à Presidência",1,NOTICIA_REAL,noticias_reais,CARTACAPITAL,titulo_resumo,ROTULO_ASSUMIDO,250,2026-05-15,https://www.cartacapital.com.br/politica/eduardo-se-junta-a-flavio-na-lista-de-contradicoes-do-cla-bolsonaro-sobre-o-dinheiro-de-vorcaro/
RSS_00013,"A nova pesquisa de intenção de voto em Minas Gerais, em meio à indefinição de Pacheco — O Real Time Big Data conduzirá 1.600 entrevistas, com margem de erro de dois pontos percentuais",1,NOTICIA_REAL,noticias_reais,CARTACAPITAL,titulo_resumo,ROTULO_ASSUMIDO,183,2026-05-16,https://www.cartacapital.com.br/cartaexpressa/a-nova-pesquisa-de-intencao-de-voto-em-minas-gerais-em-meio-a-indefinicao-de-pacheco/
RSS_00014,"José Dirceu mantém pré-candidatura a deputado após diagnóstico de linfoma — A 'principal batalha', afirmou o ex-ministro da Casa Civil, é reeleger o presidente Lula",1,NOTICIA_REAL,noticias_reais,CARTACAPITAL,titulo_resumo,ROTULO_ASSUMIDO,164,2026-05-16,https://www.cartacapital.com.br/cartaexpressa/jose-dirceu-mantem-pre-candidatura-a-deputado-apos-diagnostico-de-linfoma/
RSS_00015,Saiba como pedir o reembolso de produtos Ypê suspensos pela Anvisa — Clientes devem preencher um formulário no site da empresa,1,NOTICIA_REAL,noticias_reais,CARTACAPITAL,titulo_resumo,ROTULO_ASSUMIDO,126,2026-05-16,https://www.cartacapital.com.br/saude/saiba-como-pedir-o-reembolso-de-produtos-ype-suspensos-pela-anvisa/
RSS_00016,"Fux defende decisão de Toffoli e mantém a extinção de processos contra Beto Richa — O ministro afirmou se tratar de uma ação 'manifestamente incabível', devido à jurisprudência do STF",1,NOTICIA_REAL,noticias_reais,CARTACAPITAL,titulo_resumo,ROTULO_ASSUMIDO,183,2026-05-15,https://www.cartacapital.com.br/politica/fux-defende-decisao-de-toffoli-e-mantem-a-extincao-de-processos-contra-beto-richa/
RSS_00017,"Ciro confunde gesto de apoiador com apologia ao CV em evento: ‘Prende ele’ — Alertado, o pré-candidato ao governo do Ceará pediu desculpas: 'É que sou vigilante'",1,NOTICIA_REAL,noticias_reais,CARTACAPITAL,titulo_resumo,ROTULO_ASSUMIDO,161,2026-05-16,https://www.cartacapital.com.br/cartaexpressa/ciro-confunde-gesto-de-apoiador-com-apologia-ao-cv-em-evento-prende-ele/
RSS_00018,"Negacionismo fez brasileiros ‘perderem’ 3,4 anos de vida na pandemia — O dado faz parte do Estudo Carga Global de Doenças, publicado neste mês",1,NOTICIA_REAL,noticias_reais,CARTACAPITAL,titulo_resumo,ROTULO_ASSUMIDO,142,2026-05-16,https://www.cartacapital.com.br/saude/negacionismo-fez-brasileiros-perderem-34-anos-de-vida-na-pandemia/
RSS_00019,"A disputa pela Presidência no 1º turno, segundo novo Datafolha — O instituto entrevistou 2.004 eleitores entre a terça-feira 12 e a quarta 13",1,NOTICIA_REAL,noticias_reais,CARTACAPITAL,titulo_resumo,ROTULO_ASSUMIDO,141,2026-05-16,https://www.cartacapital.com.br/politica/a-disputa-pela-presidencia-no-1o-turno-segundo-novo-datafolha-2/
RSS_00020,DC prepara retirada de Aldo Rebelo e quer lançar Joaquim Barbosa à Presidência — A avaliação da legenda é que Aldo não conseguiu se viabilizar eleitoralmente,1,NOTICIA_REAL,noticias_reais,CARTACAPITAL,titulo_resumo,ROTULO_ASSUMIDO,157,2026-05-16,https://www.cartacapital.com.br/cartaexpressa/dc-prepara-retirada-de-aldo-rebelo-e-quer-lancar-joaquim-barbosa-a-presidencia/
RSS_00021,Datafolha divulga neste sábado pesquisa sobre a disputa pela Presidência — As 2.004 entrevistas começaram na terça-feira 12 e terminaram na quinta 14. A margem de erro é de dois pontos percentuais,1,NOTICIA_REAL,noticias_reais,CARTACAPITAL,titulo_resumo,ROTULO_ASSUMIDO,196,2026-05-16,https://www.cartacapital.com.br/cartaexpressa/datafolha-divulga-neste-sabado-pesquisa-sobre-a-disputa-pela-presidencia/
RSS_00022,"Datafolha: Lula vai melhor no 2º turno entre os católicos; Flávio, entre os evangélicos — No geral, há empate. A maioria das entrevistas, porém, ocorreu antes da revelação de conversas entre Flávio e o banqueiro Daniel Vorcaro",1,NOTICIA_REAL,noticias_reais,CARTACAPITAL,titulo_resumo,ROTULO_ASSUMIDO,226,2026-05-16,https://www.cartacapital.com.br/cartaexpressa/datafolha-lula-vai-melhor-no-2o-turno-entre-os-catolicos-flavio-entre-os-evangelicos/
RSS_00023,"Projeto endurece penas de roubo e extorsão contra motoristas de app — Texto inclui motoristas de ônibus, taxistas e trabalhadores de aplicativo desde que o crime seja cometido durante o exercício da profissão.",1,NOTICIA_REAL,noticias_reais,CONGRESSO_EM_FOCO,titulo_resumo,ROTULO_ASSUMIDO,209,2026-05-13,https://www.congressoemfoco.com.br/noticia/118841/projeto-endurece-penas-de-roubo-e-extorsao-contra-motoristas-de-app
RSS_00024,O programa dos R$ 11 bilhões contra o crime organizado — O governo lançou em 12 de maio um pacote de R$ 11 bilhões para combater o crime organizado. Os dados oficiais do Tesouro Nacional mostram que Rio de Janeiro e Minas Gerais — os dois Estados com nota D na avaliação fiscal do Tesouro — estão impedidos de acessar a linha de crédito com garantia federal,1,NOTICIA_REAL,noticias_reais,CONGRESSO_EM_FOCO,titulo_resumo,ROTULO_ASSUMIDO,357,2026-05-15,https://www.congressoemfoco.com.br/artigo/118919/o-programa-dos-r-11-bilhoes-contra-o-crime-organizado
RSS_00025,"Flávio, Eduardo, Frias e Vorcaro: as dúvidas sobre filme de Bolsonaro — Linha do tempo reúne negativa inicial do senador, admissão posterior, versões de Mário Frias, fundo nos EUA e dúvidas sobre a origem dos recursos.",1,NOTICIA_REAL,noticias_reais,CONGRESSO_EM_FOCO,titulo_resumo,ROTULO_ASSUMIDO,218,2026-05-15,https://www.congressoemfoco.com.br/noticia/118916/flavio-eduardo-frias-e-vorcaro-as-duvidas-sobre-filme-de-bolsonaro
RSS_00026,"Após diagnóstico de linfoma, José Dirceu mantém pré-candidatura — Ex-ministro da Casa Civil iniciou quimioterapia em São Paulo e afirmou que seguirá na disputa por vaga na Câmara.",1,NOTICIA_REAL,noticias_reais,CONGRESSO_EM_FOCO,titulo_resumo,ROTULO_ASSUMIDO,179,2026-05-16,https://www.congressoemfoco.com.br/noticia/118929/apos-diagnostico-de-linfoma-jose-dirceu-mantem-pre-candidatura
RSS_00027,"Brasil 2070: que legado queremos deixar? — Entre crises, estagnação e baixa capacidade de investimento, o país perdeu espaço econômico enquanto emergentes aceleraram seu desenvolvimento.",1,NOTICIA_REAL,noticias_reais,CONGRESSO_EM_FOCO,titulo_resumo,ROTULO_ASSUMIDO,186,2026-05-15,https://www.congressoemfoco.com.br/coluna/118913/brasil-2070-que-legado-queremos-deixar
RSS_00028,Projeto amplia afastamento por luto e acompanhamento médico de filhos — Medida apresentada na Câmara amplia reconhecimento de relações familiares na legislação trabalhista.,1,NOTICIA_REAL,noticias_reais,CONGRESSO_EM_FOCO,titulo_resumo,ROTULO_ASSUMIDO,172,2026-05-15,https://www.congressoemfoco.com.br/noticia/118918/projeto-amplia-afastamento-por-luto-e-acompanhamento-medico-de-filhos
RSS_00029,"Eduardo é citado como administrador financeiro do filme ""Dark Horse"" — Nova reportagem do Intercept apontou Eduardo Bolsonaro como responsável pela gestão de recursos da obra cinematográfica.",1,NOTICIA_REAL,noticias_reais,CONGRESSO_EM_FOCO,titulo_resumo,ROTULO_ASSUMIDO,191,2026-05-15,https://www.congressoemfoco.com.br/noticia/118925/eduardo-e-citado-como-administrador-financeiro-do-filme-dark-horse
RSS_00030,Projeto enquadra maus-tratos a animais em violência doméstica vicária — Texto permite aplicação de Lei Maria da Penha em casos em que maus-tratos seja praticado para intimidar vítima.,1,NOTICIA_REAL,noticias_reais,CONGRESSO_EM_FOCO,titulo_resumo,ROTULO_ASSUMIDO,183,2026-05-15,https://www.congressoemfoco.com.br/noticia/118924/projeto-enquadra-maus-tratos-a-animais-em-violencia-domestica-vicaria
RSS_00031,Vítima de violência doméstica poderá pedir divórcio direto em cartório — Comissão da Câmara aprovou proposta que amplia mecanismos de proteção às vítimas.,1,NOTICIA_REAL,noticias_reais,CONGRESSO_EM_FOCO,titulo_resumo,ROTULO_ASSUMIDO,154,2026-05-15,https://www.congressoemfoco.com.br/noticia/118912/vitima-de-violencia-domestica-podera-pedir-divorcio-direto-em-cartorio
RSS_00032,"Lindbergh pede ao STF que determine instalação da CPMI do Master — Em mandado de segurança, deputado do PT acusa Alcolumbre de omissão por não ter lido requerimento na última sessão conjunta.",1,NOTICIA_REAL,noticias_reais,CONGRESSO_EM_FOCO,titulo_resumo,ROTULO_ASSUMIDO,191,2026-05-15,https://www.congressoemfoco.com.br/noticia/118920/lindbergh-pede-ao-stf-que-determine-instalacao-da-cpmi-do-master
RSS_00033,"REDATA: uma decisão estratégica para o futuro digital do Brasil — Infraestrutura digital deixou de ser apenas tecnologia. Hoje, é questão de soberania, competitividade e desenvolvimento econômico.",1,NOTICIA_REAL,noticias_reais,CONGRESSO_EM_FOCO,titulo_resumo,ROTULO_ASSUMIDO,196,2026-05-15,https://www.congressoemfoco.com.br/artigo/118922/redata-uma-decisao-estrategica-para-o-futuro-digital-do-brasil
RSS_00034,"Ciro Gomes oficializa pré-candidatura ao governo do Ceará pelo PSDB — Ex-ministro focou discurso na segurança pública e combate às facções e recebeu apoio de aliados do PSDB, União Brasil e PL no Ceará.",1,NOTICIA_REAL,noticias_reais,CONGRESSO_EM_FOCO,titulo_resumo,ROTULO_ASSUMIDO,202,2026-05-16,https://www.congressoemfoco.com.br/noticia/118928/ciro-gomes-oficializa-pre-candidatura-ao-governo-do-ceara-pelo-psdb
RSS_00035,Entenda como funcionaria Maria da Penha Digital proposta por Sâmia — Texto estabelece um marco jurídico para combater violência de gênero praticada em ambientes digitais.,1,NOTICIA_REAL,noticias_reais,CONGRESSO_EM_FOCO,titulo_resumo,ROTULO_ASSUMIDO,170,2026-05-11,https://www.congressoemfoco.com.br/noticia/118756/entenda-como-funcionaria-maria-da-penha-digital-proposta-por-samia
RSS_00036,"""Esse hospital não tem dinheiro do Vorcaro"", ironiza Lula em cerimônia — Durante inauguração de projeto no interior de São Paulo, Lula fez alusão a mensagem vazada de seu adversário.",1,NOTICIA_REAL,noticias_reais,CONGRESSO_EM_FOCO,titulo_resumo,ROTULO_ASSUMIDO,182,2026-05-15,https://www.congressoemfoco.com.br/noticia/118917/esse-hospital-nao-tem-dinheiro-do-vorcaro--ironiza-lula-em-cerimonia
RSS_00037,Deputado propõe endurecer pena para reincidentes em crimes sexuais — Proposta impede redução penal e condiciona saídas a exame criminológico que indique ausência de risco de reincidência.,1,NOTICIA_REAL,noticias_reais,CONGRESSO_EM_FOCO,titulo_resumo,ROTULO_ASSUMIDO,187,2026-05-13,https://www.congressoemfoco.com.br/noticia/118838/deputado-propoe-endurecer-pena-para-reincidentes-em-crimes-sexuais
RSS_00038,Ficha Limpa: STF corre contra o tempo para decidir sobre candidaturas — STF vai julgar de 22 a 29 de maio ação contra mudanças na Ficha Limpa; parecer de Paulo Gonet está na Corte há quatro meses. Decisão célere interessa tanto a críticos quanto a defensores da ação.,1,NOTICIA_REAL,noticias_reais,CONGRESSO_EM_FOCO,titulo_resumo,ROTULO_ASSUMIDO,267,2026-05-15,https://www.congressoemfoco.com.br/noticia/118904/ficha-limpa-stf-corre-contra-o-tempo-para-decidir-sobre-candidaturas
RSS_00039,Deputado propõe tornar obrigatório atendimento humano em bancos — Projeto prevê opção presencial em agências e cria regras para suporte humano em plataformas digitais.,1,NOTICIA_REAL,noticias_reais,CONGRESSO_EM_FOCO,titulo_resumo,ROTULO_ASSUMIDO,167,2026-05-15,https://www.congressoemfoco.com.br/noticia/118923/deputado-propoe-tornar-obrigatorio-atendimento-humano-em-bancos
RSS_00040,Comissão da Câmara aprova cota para mulheres na direção de clubes — Texto prevê reserva de vagas para mulheres em cargos de comando e em conselhos que apuram assédio sexual.,1,NOTICIA_REAL,noticias_reais,CONGRESSO_EM_FOCO,titulo_resumo,ROTULO_ASSUMIDO,173,2026-05-15,https://www.congressoemfoco.com.br/noticia/118927/comissao-da-camara-aprova-cota-para-mulheres-na-direcao-de-clubes
RSS_00041,"Bia Kicis nega ter destinado emendas para filme sobre Bolsonaro — Deputada afirmou ter recebido representação de Tabata Amaral e Pastor Henrique Vieira no STF com ""estranhamento"".",1,NOTICIA_REAL,noticias_reais,CONGRESSO_EM_FOCO,titulo_resumo,ROTULO_ASSUMIDO,179,2026-05-15,https://www.congressoemfoco.com.br/noticia/118921/bia-kicis-nega-ter-destinado-emendas-para-filme-sobre-bolsonaro
RSS_00042,"Helio Lopes quer zerar imposto na importação de armas para militares — Texto beneficia militares da ativa e da reserva, além de policiais e guardas municipais na compra de armas importadas.",1,NOTICIA_REAL,noticias_reais,CONGRESSO_EM_FOCO,titulo_resumo,ROTULO_ASSUMIDO,189,2026-05-11,https://www.congressoemfoco.com.br/noticia/118755/helio-lopes-quer-zerar-imposto-na-importacao-de-armas-para-militares
RSS_00043,"Internautas resgatam cena de filme de Bolsonaro: ""R$ 134 milhões para isso?"" — Produção estrelada por Jim Caviezel virou alvo de piadas nas redes após repercussão sobre financiamento milionário de Vorcaro",1,NOTICIA_REAL,noticias_reais,CORREIO_BRAZILIENSE,titulo_resumo,ROTULO_ASSUMIDO,204,2026-05-15,https://www.correiobraziliense.com.br/politica/2026/05/7420623-internautas-resgatam-cena-de-filme-de-bolsonaro-rs-134-milhoes-para-isso.html
RSS_00044,"Caso Master: delação de ex-chefe do BRB deve sair até fim do mês — Na próxima semana, Paulo Henrique Costa assina termo de confidencialidade. Em seguida, apresenta pedido de homologação da colaboração premiada",1,NOTICIA_REAL,noticias_reais,CORREIO_BRAZILIENSE,titulo_resumo,ROTULO_ASSUMIDO,209,2026-05-16,https://www.correiobraziliense.com.br/politica/2026/05/7420986-caso-master-delacao-de-ex-chefe-do-brb-deve-sair-ate-fim-do-mes.html
RSS_00045,"Eduardo tinha poder sobre dinheiro do filme de Bolsonaro, revela contrato — Fundo controlado por advogado do ""03"" recebeu pelo menos parte do dinheiro de Daniel Vorcaro investido no longa sobre a vida do ex-presidente",1,NOTICIA_REAL,noticias_reais,CORREIO_BRAZILIENSE,titulo_resumo,ROTULO_ASSUMIDO,217,2026-05-15,https://www.correiobraziliense.com.br/politica/2026/05/7420889-eduardo-tinha-poder-sobre-dinheiro-do-filme-de-bolsonaro-revela-contrato.html
RSS_00046,Eduardo Bolsonaro nega gestão em filme bancado por Vorcaro — Deputado afirma que contrato como produtor executivo serviu apenas para manter projeto sobre Jair Bolsonaro em andamento e diz ter recuperado investimento pessoal de US$ 50 mil,1,NOTICIA_REAL,noticias_reais,CORREIO_BRAZILIENSE,titulo_resumo,ROTULO_ASSUMIDO,237,2026-05-15,https://www.correiobraziliense.com.br/politica/2026/05/7421041-eduardo-bolsonaro-nega-gestao-em-filme-bancado-por-vorcaro.html
RSS_00047,"Bastidores de ""Dark Horse"" misturaram política e ostentação, diz jornal — Bastidores de ""Dark Horse"" reuniram conflitos ideológicos, alto investimento e celebração no dia da prisão de Jair Bolsonaro",1,NOTICIA_REAL,noticias_reais,CORREIO_BRAZILIENSE,titulo_resumo,ROTULO_ASSUMIDO,198,2026-05-16,https://www.correiobraziliense.com.br/politica/2026/05/7421285-bastidores-de-dark-horse-misturaram-politica-e-ostentacao-diz-jornal.html
RSS_00048,"Aliado da família Bolsonaro, Tarcísio falta a evento com Flávio por causa de gripe — Informação foi dada pela assessoria do governador de São Paulo",1,NOTICIA_REAL,noticias_reais,CORREIO_BRAZILIENSE,titulo_resumo,ROTULO_ASSUMIDO,147,2026-05-16,https://www.correiobraziliense.com.br/politica/2026/05/7421255-aliado-da-familia-bolsonaro-tarcisio-falta-a-evento-com-flavio-por-causa-de-gripe.html
RSS_00049,"Quem é o empresário Ricardo Magro, que está na lista vermelha da Interpol? — Decisão do ministro Alexandre de Moraes determina prisão preventiva do controlador do Grupo Refit e autoriza a Polícia Federal a pedir a inclusão do empresário na Difusão Vermelha da Interpol. Magro não retorna oficialmente ao Brasil desde 2018",1,NOTICIA_REAL,noticias_reais,CORREIO_BRAZILIENSE,titulo_resumo,ROTULO_ASSUMIDO,321,2026-05-15,https://www.correiobraziliense.com.br/mundo/2026/05/7420617-ligacao-com-pcc-rs-52-bi-sonegados-mansao-em-miami-quem-e-o-empresario-ricardo-magro-que-esta-na-lista-vermelha-da-interpol.html
RSS_00050,"José Dirceu é internado após diagnóstico de linfoma — Ex-ministro da Casa Civil está no Hospital Sírio-Libanês, em São Paulo, onde iniciou tratamento contra câncer no sistema linfático",1,NOTICIA_REAL,noticias_reais,CORREIO_BRAZILIENSE,titulo_resumo,ROTULO_ASSUMIDO,184,2026-05-15,https://www.correiobraziliense.com.br/politica/2026/05/7420835-jose-dirceu-e-internado-apos-diagnostico-de-linfoma.html
RSS_00051,"Fundo de advogado de Eduardo Bolsonaro comprou casa em estado onde vive o deputado — Imóvel custou R$ 3,6 milhões de reais e foi comprado por fundo de advogado vinculado aos R$ 61 milhões pagos por Daniel Vorcaro para bancar filme sobre Jair Bolsonaro",1,NOTICIA_REAL,noticias_reais,CORREIO_BRAZILIENSE,titulo_resumo,ROTULO_ASSUMIDO,251,2026-05-16,https://www.correiobraziliense.com.br/politica/2026/05/7421127-fundo-de-advogado-de-eduardo-bolsonaro-comprou-casa-em-estado-onde-vive-o-deputado.html
RSS_00052,"Zema recua de críticas a Flávio por relação com Vorcaro: ""Página virada"" — Esse recuo ocorreu em meio à repercussão na direita de sua fala que classificou as conversas entre o filho do ex-presidente Jair Bolsonaro e o banqueiro como ""imperdoável""",1,NOTICIA_REAL,noticias_reais,CORREIO_BRAZILIENSE,titulo_resumo,ROTULO_ASSUMIDO,246,2026-05-16,https://www.correiobraziliense.com.br/politica/2026/05/7421447-zema-recua-de-criticas-a-flavio-por-relacao-com-vorcaro-pagina-virada.html
RSS_00053,"Cotada para vice, Simone Marquetto (PP-SP) se encontra com Flávio Bolsonaro — Ligada ao Frei Gilson e a outras lideranças religiosas, a deputada se consolidou como uma das principais representantes da Igreja Católica no Congresso",1,NOTICIA_REAL,noticias_reais,CORREIO_BRAZILIENSE,titulo_resumo,ROTULO_ASSUMIDO,229,2026-05-16,https://www.correiobraziliense.com.br/politica/2026/05/7421375-cotada-para-vice-simone-marquetto-pp-sp-se-encontra-com-flavio-bolsonaro.html
RSS_00054,"Dino abre processo para apurar uso de emendas em filme sobre Bolsonaro — Ordem do ministro do STF, ainda em caráter preliminar e com sigilo, tem como base pedidos de parlamentares",1,NOTICIA_REAL,noticias_reais,CORREIO_BRAZILIENSE,titulo_resumo,ROTULO_ASSUMIDO,179,2026-05-16,https://www.correiobraziliense.com.br/politica/2026/05/7421043-dino-abre-processo-para-apurar-uso-de-emendas-em-filme-sobre-bolsonaro.html
RSS_00055,"Ciro Gomes confunde letra com símbolo do CV e pede prisão de apoiador — O fato inusitado ocorreu durante o lançamento da pré-candidatura de Ciro ao governo do Ceará, o ex-ministro se desculpou pela confusão",1,NOTICIA_REAL,noticias_reais,CORREIO_BRAZILIENSE,titulo_resumo,ROTULO_ASSUMIDO,206,2026-05-16,https://www.correiobraziliense.com.br/politica/2026/05/7421316-ciro-gomes-confunde-letra-com-simbolo-do-cv-e-pede-prisao-de-apoiador.html
RSS_00056,"Desembargador do RJ foi 'cooptado' por esquema de fraudes da Refit, diz PF — A origem do suposto engajamento do magistrado com o caso Refit, segundo a PF, foi a publicação da Lei Complementar 225/2025",1,NOTICIA_REAL,noticias_reais,CORREIO_BRAZILIENSE,titulo_resumo,ROTULO_ASSUMIDO,200,2026-05-16,https://www.correiobraziliense.com.br/politica/2026/05/7421034-desembargador-ajudou-a-desinterditar-complexo.html
RSS_00057,Datafolha: Lula e Flávio empatavam antes de áudios que ligam senador a Vorcaro — Pesquisa foi concluída antes da repercussão das conversas em que Flávio Bolsonaro cobrou R$ 134 milhões ao banqueiro Daniel Vorcaro,1,NOTICIA_REAL,noticias_reais,CORREIO_BRAZILIENSE,titulo_resumo,ROTULO_ASSUMIDO,212,2026-05-16,https://www.correiobraziliense.com.br/politica/2026/05/7421201-datafolha-lula-e-flavio-empatavam-antes-de-audios-que-ligam-senador-a-vorcaro.html
RSS_00058,"Lula critica uso de IA nas eleições; entenda o que o TSE já decidiu — Resoluções sobre o tema foram publicadas neste ano pelo Tribunal Superior Eleitoral. O presidente Lula conversou sobre IA nas eleições com novo presidente do TSE, Kassio Nunes Marques",1,NOTICIA_REAL,noticias_reais,CORREIO_BRAZILIENSE,titulo_resumo,ROTULO_ASSUMIDO,253,2026-05-15,https://www.correiobraziliense.com.br/politica/2026/05/7420874-lula-critica-uso-de-ia-nas-eleicoes-entenda-o-que-o-tse-ja-decidiu.html
RSS_00059,"Marina condiciona candidatura ao Senado: ""Está entre mim e Márcio França' — Ex-ministra do Meio Ambiente de Lula, Marina Silva disputa com Márcio França, ex-ministro do Empreendedorismo, a escolha pela segunda vaga na candidatura ao Senado por São Paulo",1,NOTICIA_REAL,noticias_reais,CORREIO_BRAZILIENSE,titulo_resumo,ROTULO_ASSUMIDO,253,2026-05-16,https://www.correiobraziliense.com.br/politica/2026/05/7421424-marina-condiciona-candidatura-ao-senado-esta-entre-mim-e-marcio-franca.html
RSS_00060,"Contrariando o DC, Aldo Rebelo afirma que pré-candidatura está mantida — Mais cedo, o próprio presidente do partido já havia confirmado que o recém-filiado Joaquim Barbosa concorrerá ao Planalto",1,NOTICIA_REAL,noticias_reais,CORREIO_BRAZILIENSE,titulo_resumo,ROTULO_ASSUMIDO,194,2026-05-16,https://www.correiobraziliense.com.br/politica/2026/05/7421376-contrariando-o-dc-aldo-rabelo-afirma-que-pre-candidatura-esta-mantida.html
RSS_00061,"MP aciona TCU para investigar uso de incentivos fiscais em filme de Bolsonaro — Após vazamento das conversas entre senador Flávio Bolsonaro e ex-banqueiro do Master negociando patrocínio para o filme sobre Jair Bolsonaro, subprocurador-geral Lucas Furtado protocola representação pedindo que TCU investigue uso de incentivos fiscais e de recursos públicos, direta ou indiretamente, na produção do audiovisual",1,NOTICIA_REAL,noticias_reais,CORREIO_BRAZILIENSE,titulo_resumo,ROTULO_ASSUMIDO,408,2026-05-15,https://www.correiobraziliense.com.br/politica/2026/05/7420791-mp-aciona-tcu-para-investigar-subsidios-em-filme-de-bolsonaro.html
RSS_00062,"Caso Master: PF prende hacker foragido da Compliance Zero em Dubai — Victor Lima Sedlmaier é suspeito de integrar o grupo hacker ""Os Meninos"" e de usar documentos falsos visando fuga",1,NOTICIA_REAL,noticias_reais,CORREIO_BRAZILIENSE,titulo_resumo,ROTULO_ASSUMIDO,182,2026-05-16,https://www.correiobraziliense.com.br/politica/2026/05/7421393-caso-master-pf-prende-hacker-foragido-da-compliance-zero-em-dubai.html
RSS_00063,"Ex-presidente do BRB deve entregar delação até o fim deste mês — Na próxima semana, Paulo Henrique Costa assina termo de confidencialidade com a Polícia Federal. Em seguida, apresenta formalmente o pedido de homologação do contrato de colaboração com as autoridades",1,NOTICIA_REAL,noticias_reais,CORREIO_BRAZILIENSE,titulo_resumo,ROTULO_ASSUMIDO,265,2026-05-15,https://www.correiobraziliense.com.br/politica/2026/05/7420957-ex-presidente-do-brb-deve-entregar-delacao-ate-o-fim-deste-mes.html
RSS_00064,"Flávio garante que os R$ 134 milhões não foram para Eduardo Bolsonaro — Senador declarou que põe a mão no fogo pelo irmão, que mora nos Estados Unidos. Segundo Flávio, Eduardo também prestará explicações sobre o caso",1,NOTICIA_REAL,noticias_reais,CORREIO_BRAZILIENSE,titulo_resumo,ROTULO_ASSUMIDO,216,2026-05-15,https://www.correiobraziliense.com.br/politica/2026/05/7420744-flavio-garante-que-os-rs-134-milhoes-nao-foram-para-eduardo-bolsonaro.html
RSS_00065,"PGR denuncia Romeu Zema ao STJ por calúnia contra Gilmar Mendes — Segundo a PGR, vídeos publicados por Zema atribuíram falsamente crime de corrupção passiva ao ministro do STF",1,NOTICIA_REAL,noticias_reais,CORREIO_BRAZILIENSE,titulo_resumo,ROTULO_ASSUMIDO,175,2026-05-15,https://www.correiobraziliense.com.br/politica/2026/05/7420983-pgr-denuncia-romeu-zema-ao-stj-por-calunia-contra-gilmar-mendes.html
RSS_00066,Moraes vota para tornar policiais réus por obstruir caso Marielle — Ex-chefe da Polícia Civil do RJ e outros dois agentes são julgados no STF por desviar investigações e proteger milicianos,1,NOTICIA_REAL,noticias_reais,CORREIO_BRAZILIENSE,titulo_resumo,ROTULO_ASSUMIDO,189,2026-05-15,https://www.correiobraziliense.com.br/politica/2026/05/7420555-moraes-vota-para-tornar-policiais-reus-por-obstruir-caso-marielle.html
RSS_00067,MPF pede julgamento sobre ataques da Marinha a João Cândido — Órgão pede indenização de R$ 5 milhões por danos à memória do líder da Revolta da Chibata e da população negra,1,NOTICIA_REAL,noticias_reais,CORREIO_BRAZILIENSE,titulo_resumo,ROTULO_ASSUMIDO,172,2026-05-15,https://www.correiobraziliense.com.br/politica/2026/05/7420940-mpf-pede-julgamento-sobre-ataques-da-marinha-a-joao-candido.html
RSS_00068,"Joaquim Barbosa se filia ao DC para concorrer à presidência: ""Obama brasileiro"" — O presidente do partido, ex-deputado João Caldas, afirma que Barbosa é o nome da unificação nacional",1,NOTICIA_REAL,noticias_reais,CORREIO_BRAZILIENSE,titulo_resumo,ROTULO_ASSUMIDO,182,2026-05-16,https://www.correiobraziliense.com.br/politica/2026/05/7421290-joaquim-barbosa-se-filia-ao-dc-para-concorrer-a-presidencia-obama-brasileiro.html
RSS_00069,"Comida estragada, agressão e atraso de cachês marcam gravações de Dark Horse — Denúncias feitas ao Sated/SP revelam os bastidores do filme em São Paulo; Ancine não sabia da gravação do longa",1,NOTICIA_REAL,noticias_reais,CORREIO_BRAZILIENSE,titulo_resumo,ROTULO_ASSUMIDO,190,2026-05-16,https://www.correiobraziliense.com.br/politica/2026/05/7421242-comida-estragada-agressao-e-atraso-de-caches-marcam-gravacoes-de-dark-horse.html
RSS_00070,"PF empareda Castro por suposta conexão com esquema da Refit — Segundo a investigação, ex-governador do Estado do Rio de Janeiro teria conexão com esquema da Refit, acusada de sonegar bilhões em impostos",1,NOTICIA_REAL,noticias_reais,CORREIO_BRAZILIENSE,titulo_resumo,ROTULO_ASSUMIDO,202,2026-05-16,https://www.correiobraziliense.com.br/politica/2026/05/7420945-pf-empareda-claudio-castro.html
RSS_00071,"Após negar, Eduardo confirma ter assinado contrato de gestão financeira de filme de Bolsonaro; entenda — Reportagem publicada pelo The Intercept Brasil revelou um contrato assinado por Eduardo como produtor-executivo da obra; ex-deputado afirma que documento era 'antigo' e que foi feito quando ainda não havia um 'grande investidor' para financiar o projeto.",1,NOTICIA_REAL,noticias_reais,CORREIO_BRAZILIENSE,titulo_resumo,ROTULO_ASSUMIDO,359,2026-05-15,https://www.correiobraziliense.com.br/mundo/2026/05/7420976-apos-negar-eduardo-confirma-ter-assinado-contrato-de-gestao-financeira-de-filme-de-bolsonaro-entenda.html
RSS_00072,Cena de facada em filme sobre Bolsonaro vira alvo de piadas nas redes sociais — Dark Horse é uma cinebiografia inspirada na trajetória do ex-presidente Jair Bolsonaro,1,NOTICIA_REAL,noticias_reais,CORREIO_BRAZILIENSE,titulo_resumo,ROTULO_ASSUMIDO,166,2026-05-16,https://www.correiobraziliense.com.br/politica/2026/05/7421274-cena-de-facada-em-filme-sobre-bolsonaro-vira-alvo-de-piadas-nas-redes-sociais.html
RSS_00073,"Alcolumbre e Múcio se encontram um dia após constrangimento em posse do TSE — Um dia após o clima de constrangimento instalado no TSE (Tribunal Superior Eleitoral) entre o presidente Lula ( PT ) e o presidente do Senado , Davi Alcolumbre (União-AP), o ministro da defesa, José Múcio, se reuniu por horas com o senador na Residência Oficial do Senado. Leia mais (05/14/2026 - 06h00)",1,NOTICIA_REAL,noticias_reais,FOLHA_PODER,titulo_resumo,ROTULO_ASSUMIDO,381,2026-05-14,https://redir.folha.com.br/redir/online/poder/rss091/*https://www1.folha.uol.com.br/colunas/painel/2026/05/alcolumbre-e-mucio-se-encontram-um-dia-apos-constrangimento-em-posse-do-tse.shtml
RSS_00074,"Governo Lula avalia ampliar decreto sobre big techs com agência fiscalizando deveres previstos pelo STF — O governo Lula (PT) avalia avançar na regulação de big techs e atualizar o decreto que baliza o Marco Civil da Internet , que é de 2016, considerando as novas determinações relacionadas a responsabilidade das redes sociais estabelecidas pelo STF (Supremo Tribunal Federal) em julgamento finalizado no ano passado. Leia mais (05/14/2026 - 23h00)",1,NOTICIA_REAL,noticias_reais,FOLHA_PODER,titulo_resumo,ROTULO_ASSUMIDO,450,2026-05-14,https://redir.folha.com.br/redir/online/poder/rss091/*https://www1.folha.uol.com.br/poder/2026/05/governo-lula-avalia-ampliar-decreto-sobre-big-techs-com-agencia-fiscalizando-deveres-previstos-pelo-stf.shtml
RSS_00075,Flávio Bolsonaro sobe e pode cair em nome do pai,1,NOTICIA_REAL,noticias_reais,FOLHA_PODER,titulo,ROTULO_ASSUMIDO,48,2026-05-14,https://redir.folha.com.br/redir/online/poder/rss091/*https://www1.folha.uol.com.br/colunas/dora-kramer/2026/05/flavio-bolsonaro-sobe-e-pode-cair-em-nome-do-pai.shtml
RSS_00076,"Dino abre apuração sobre emendas destinadas a produtora de filme sobre Bolsonaro — O ministro Flávio Dino , do STF (Supremo Tribunal Federal), abriu uma apuração preliminar sigilosa sobre emendas destinadas à produtora do filme ""Dark Horse"" (""Azarão""), que trata da vida do ex-presidente Jair Bolsonaro (PL). Leia mais (05/15/2026 - 11h29)",1,NOTICIA_REAL,noticias_reais,FOLHA_PODER,titulo_resumo,ROTULO_ASSUMIDO,339,2026-05-15,https://redir.folha.com.br/redir/online/poder/rss091/*https://www1.folha.uol.com.br/poder/2026/05/dino-abre-apuracao-sobre-emendas-destinadas-a-produtora-de-filme-sobre-bolsonaro.shtml
RSS_00077,"'Não tenho que justificar nada para ninguém', diz Flávio Bolsonaro sobre conversas com Vorcaro — O senador Flávio Bolsonaro ( PL -RJ) afirmou que não tinha obrigação de avisar antecipadamente seus aliados sobre sua relação com o banqueiro Daniel Vorcaro e a cobrança por valores destinados, segundo ele, ao filme sobre o ex-presidente Jair Bolsonaro (PL) . Leia mais (05/15/2026 - 12h07)",1,NOTICIA_REAL,noticias_reais,FOLHA_PODER,titulo_resumo,ROTULO_ASSUMIDO,387,2026-05-15,https://redir.folha.com.br/redir/online/poder/rss091/*https://www1.folha.uol.com.br/poder/2026/05/nao-tenho-que-justificar-nada-para-ninguem-diz-flavio-bolsonaro-sobre-conversas-com-vorcaro.shtml
RSS_00078,"Lula ironiza Flávio Bolsonaro e diz que 'aqui não tem dinheiro do Vorcaro' — O presidente Lula (PT) ironizou nesta sexta-feira (14) o senador Flávio Bolsonaro (PL-RJ), pré-candidato à Presidência da República, ao participar de evento no interior de São Paulo , e voltou a defender a proibição do uso de inteligência artificial nas eleições deste ano. Leia mais (05/15/2026 - 13h33)",1,NOTICIA_REAL,noticias_reais,FOLHA_PODER,titulo_resumo,ROTULO_ASSUMIDO,381,2026-05-15,https://redir.folha.com.br/redir/online/poder/rss091/*https://www1.folha.uol.com.br/poder/2026/05/lula-ironiza-flavio-bolsonaro-e-diz-que-aqui-nao-tem-dinheiro-do-vorcaro.shtml
RSS_00079,"Fundo nos EUA do caso 'Dark Horse' é controlado por aliados de Eduardo Bolsonaro — O fundo Havengate Development Fund, usado no financiamento do filme "" Dark Horse "" (""azarão"", em inglês) e que teria recebido parte dos R$ 61 milhões pagos pelo Banco Master , é administrado por Paulo Calixto, advogado ligado ao ex-deputado Eduardo Bolsonaro . Leia mais (05/15/2026 - 23h00)",1,NOTICIA_REAL,noticias_reais,FOLHA_PODER,titulo_resumo,ROTULO_ASSUMIDO,374,2026-05-15,https://redir.folha.com.br/redir/online/poder/rss091/*https://www1.folha.uol.com.br/poder/2026/05/fundo-nos-eua-do-caso-dark-horse-e-controlado-por-aliados-de-eduardo-bolsonaro.shtml
RSS_00080,"Webinar gratuito discute direito eleitoral para jornalistas — O Instituto Tornavoz, com apoio do Google News Initiative, promove entre os dias 19 e 26 de maio, de forma gratuita, o webinar ""Direito Eleitoral para Jornalistas - 2026"". Leia mais (05/14/2026 - 12h06)",1,NOTICIA_REAL,noticias_reais,FOLHA_PODER,titulo_resumo,ROTULO_ASSUMIDO,264,2026-05-14,https://redir.folha.com.br/redir/online/poder/rss091/*https://www1.folha.uol.com.br/colunas/painel/2026/05/webinar-gratuito-discute-direito-eleitoral-para-jornalistas.shtml
RSS_00081,"Direita se desarruma e abre a cena eleitoral — A trombada foi feia, obrigou Flávio Bolsonaro ( PL ) a sair da inércia, levou o PT a acionar a artilharia antes do previsto, escancarou as divergências na direita e pode mudar o rumo da corrida eleitoral. Leia mais (05/16/2026 - 15h00)",1,NOTICIA_REAL,noticias_reais,FOLHA_PODER,titulo_resumo,ROTULO_ASSUMIDO,282,2026-05-16,https://redir.folha.com.br/redir/online/poder/rss091/*https://www1.folha.uol.com.br/colunas/dora-kramer/2026/05/direita-se-desarruma-e-abre-a-cena-eleitoral.shtml
RSS_00082,"Pai de nome do PL ao governo do Rio, prefeito de São Gonçalo nega ter sido miliciano — Antes de entrar para a política, o prefeito de São Gonçalo, Nelson Ruas dos Santos, 68, pai do deputado estadual Douglas Ruas , pré-candidato ao governo do Rio de Janeiro pelo PL, atuou na Polícia Militar do Rio de Janeiro ?daí porque adotou o cognome eleitoral de Capitão Nelson. Leia mais (05/16/2026 - 23h00)",1,NOTICIA_REAL,noticias_reais,FOLHA_PODER,titulo_resumo,ROTULO_ASSUMIDO,398,2026-05-16,https://redir.folha.com.br/redir/online/poder/rss091/*https://www1.folha.uol.com.br/poder/2026/05/pai-de-nome-do-pl-ao-governo-do-rio-prefeito-de-sao-goncalo-nega-ter-sido-miliciano.shtml
RSS_00083,"Plano contra crime organizado mira 'andar de cima', diz coordenador de programa de Lula — Coordenador do programa de governo de Lula para a segurança pública na eleição de 2022, o sociólogo Benedito Mariano diz ser consistente o plano contra o crime organizado anunciado na última terça-feira (12). Leia mais (05/16/2026 - 10h52)",1,NOTICIA_REAL,noticias_reais,FOLHA_PODER,titulo_resumo,ROTULO_ASSUMIDO,329,2026-05-16,https://redir.folha.com.br/redir/online/poder/rss091/*https://www1.folha.uol.com.br/colunas/painel/2026/05/plano-contra-crime-organizado-mira-andar-de-cima-diz-coordenador-de-programa-de-lula.shtml
RSS_00084,"José Dirceu recebe diagnóstico de linfoma e inicia tratamento em SP — O ex-ministro da Casa Civil José Dirceu ( PT ) recebeu diagnóstico de linfoma, segundo nota divulgada pelo hospital Sírio-Libanês nesta sexta-feira (15). Ele é pré-candidato a deputado federal por São Paulo. Leia mais (05/15/2026 - 16h58)",1,NOTICIA_REAL,noticias_reais,FOLHA_PODER,titulo_resumo,ROTULO_ASSUMIDO,308,2026-05-15,https://redir.folha.com.br/redir/online/poder/rss091/*https://www1.folha.uol.com.br/poder/2026/05/jose-dirceu-recebe-diagnostico-de-linfoma-e-inicia-tratamento-em-sp.shtml
RSS_00085,"Diretórios do Novo no PR, ligado a Deltan, e em SC criticam vídeo de Zema contra Flávio Bolsonaro — Os diretórios do Novo em Santa Catarina e no Paraná criticaram nesta quinta-feira (14) a divulgação de um vídeo em que Romeu Zema , presidenciável do partido, ataca Flávio Bolsonaro (PL) pelo áudio do senador pedindo dinheiro ao ex-banqueiro Daniel Vorcaro , dono do Master. Leia mais (05/14/2026 - 13h31)",1,NOTICIA_REAL,noticias_reais,FOLHA_PODER,titulo_resumo,ROTULO_ASSUMIDO,405,2026-05-14,https://redir.folha.com.br/redir/online/poder/rss091/*https://www1.folha.uol.com.br/poder/2026/05/ala-do-novo-ligada-a-dallagnol-no-pr-reclama-de-video-de-zema-contra-flavio.shtml
RSS_00086,"Governo Lula discute proposta para limitar penduricalhos de servidores públicos — O governo de Luiz Inácio Lula da Silva (PT) discute uma proposta legislativa para limitar os bônus que permitem uma fração dos servidores públicos receber rendimentos acima do teto constitucional de R$ 46.366,19, conhecidos como ""penduricalhos"". A proposta é discutida no Ministério da Gestão. Leia mais (05/15/2026 - 16h01)",1,NOTICIA_REAL,noticias_reais,FOLHA_PODER,titulo_resumo,ROTULO_ASSUMIDO,406,2026-05-15,https://redir.folha.com.br/redir/online/poder/rss091/*https://www1.folha.uol.com.br/poder/2026/05/governo-lula-discute-proposta-para-limitar-penduricalhos-de-servidores-publicos.shtml
RSS_00087,"Produtora de filme sobre Bolsonaro nega ter recebido aporte de Vorcaro, apesar de Flávio confirmar pedido — A Go Up Entertainment, produtora do filme ""Dark Horse"" (que significa ""azarão""), sobre a história de Jair Bolsonaro ( PL ), negou à Folha o recebimento de repasses de verba do ex-banqueiro Daniel Vorcaro para o projeto. Leia mais (05/13/2026 - 20h11)",1,NOTICIA_REAL,noticias_reais,FOLHA_PODER,titulo_resumo,ROTULO_ASSUMIDO,358,2026-05-13,https://redir.folha.com.br/redir/online/poder/rss091/*https://www1.folha.uol.com.br/poder/2026/05/produtora-de-filme-sobre-bolsonaro-nega-ter-recebido-aporte-de-vorcaro-apesar-de-flavio-confirmar-pedido.shtml
RSS_00088,"DC oficializa nome de Joaquim Barbosa como presidenciável e consolida racha no partido — Mesmo em meio à insatisfação de parte da legenda, o Democracia Cristã (DC) oficializou o nome do ex-ministro do STF (Supremo Tribunal Federal), Joaquim Barbosa, como pré-candidato à Presidência da República. Com isso, consolidou o racha no partido. Leia mais (05/16/2026 - 21h10)",1,NOTICIA_REAL,noticias_reais,FOLHA_PODER,titulo_resumo,ROTULO_ASSUMIDO,368,2026-05-16,https://redir.folha.com.br/redir/online/poder/rss091/*https://www1.folha.uol.com.br/colunas/painel/2026/05/dc-oficializa-nome-de-joaquim-barbosa-como-presidenciavel-e-consolida-racha-no-partido.shtml
RSS_00089,"Destino do dinheiro, orçamento do filme e histórico de Flávio e Vorcaro: 3 perguntas sem resposta — Mensagens reveladas nesta quarta-feira (13) expuseram cobranças de dinheiro feitas pelo senador Flávio Bolsonaro ( PL -RJ) ao ex-banqueiro Daniel Vorcaro e abalaram a pré-campanha do senador à Presidência. Leia mais (05/14/2026 - 12h50)",1,NOTICIA_REAL,noticias_reais,FOLHA_PODER,titulo_resumo,ROTULO_ASSUMIDO,336,2026-05-14,https://redir.folha.com.br/redir/online/poder/rss091/*https://www1.folha.uol.com.br/poder/2026/05/destino-do-dinheiro-orcamento-do-filme-e-historico-de-flavio-e-vorcaro-3-perguntas-sem-resposta.shtml
RSS_00090,"Bannon diz que filme com Bolsonaro será sequência de 'A Paixão de Cristo' e prevê sucesso estrondoso — O estrategista conservador norte-americano Steve Bannon tem dito a pessoas próximas que o filme ""Dark Horse"" (azarão) , sobre a vida de Jair Bolsonaro , será uma espécie de sequência de ""A Paixão de Cristo"". Leia mais (05/14/2026 - 12h44)",1,NOTICIA_REAL,noticias_reais,FOLHA_PODER,titulo_resumo,ROTULO_ASSUMIDO,341,2026-05-14,https://redir.folha.com.br/redir/online/poder/rss091/*https://www1.folha.uol.com.br/colunas/painel/2026/05/bannon-diz-que-filme-com-bolsonaro-sera-sequencia-de-a-paixao-de-cristo.shtml
RSS_00091,"Campanha de Flávio usa precedente de ex-assessor de Moraes para pedir apuração de vazamento de diálogo — A pré-campanha de Flávio Bolsonaro (PL) quer usar o caso de um ex-assessor do ministro Alexandre de Moraes ( STF ), acusado de vazamento de informações, como precedente para pedir apuração e punição aos responsáveis pela divulgação das mensagens entre o senador e o banqueiro Daniel Vorcaro. Leia mais (05/16/2026 - 15h00)",1,NOTICIA_REAL,noticias_reais,FOLHA_PODER,titulo_resumo,ROTULO_ASSUMIDO,427,2026-05-16,https://redir.folha.com.br/redir/online/poder/rss091/*https://www1.folha.uol.com.br/colunas/painel/2026/05/campanha-de-flavio-usa-precedente-de-ex-assessor-de-moraes-para-pedir-apuracao-de-vazamento-de-dialogo.shtml
RSS_00092,"Eduardo assinou contrato com diretor de filme sobre Bolsonaro, mas diz que planos mudaram — O ex-deputado Eduardo Bolsonaro ( PL -SP) atuou como produtor-executivo do filme sobre a vida do ex-presidente Jair Bolsonaro (PL) e assinou um contrato com poderes sobre a gestão financeira do projeto, de acordo com o site The Intercept Brasil . Leia mais (05/15/2026 - 16h43)",1,NOTICIA_REAL,noticias_reais,FOLHA_PODER,titulo_resumo,ROTULO_ASSUMIDO,369,2026-05-15,https://redir.folha.com.br/redir/online/poder/rss091/*https://www1.folha.uol.com.br/poder/2026/05/eduardo-assinou-contrato-como-produtor-executivo-de-filme-sobre-bolsonaro-diz-site.shtml
RSS_00093,"Fiscalização da Receita contra autoridades cai 54% após Moraes suspender força-tarefa — A Receita Federal abriu 1.437 procedimentos fiscais em 2025 contra agentes públicos que integram a lista de pessoas que ocupam cargos públicos relevantes, como parlamentares, ministros, juízes e seus familiares, as chamadas PPEs (Pessoas Politicamente Expostas). Leia mais (05/14/2026 - 23h00)",1,NOTICIA_REAL,noticias_reais,FOLHA_PODER,titulo_resumo,ROTULO_ASSUMIDO,381,2026-05-14,https://redir.folha.com.br/redir/online/poder/rss091/*https://www1.folha.uol.com.br/poder/2026/05/fiscalizacao-da-receita-contra-autoridades-cai-54-apos-moraes-suspender-forca-tarefa.shtml
RSS_00094,"Eduardo e Carlos Bolsonaro atacam Zema após mineiro criticar Flávio por ligação com Vorcaro — Os filhos do ex-presidente Jair Bolsonaro ( PL ) Eduardo e Carlos Bolsonaro atacaram nesta quarta-feira (13) o pré-candidato à Presidência Romeu Zema (Novo), depois de o ex-governador de Minas Gerais classificar como ""imperdoável"" a negociação do senador Flávio Bolsonaro (PL) com o ex-banqueiro Daniel Vorcaro . Leia mais (05/13/2026 - 20h43)",1,NOTICIA_REAL,noticias_reais,FOLHA_PODER,titulo_resumo,ROTULO_ASSUMIDO,437,2026-05-13,https://redir.folha.com.br/redir/online/poder/rss091/*https://www1.folha.uol.com.br/poder/2026/05/eduardo-e-carlos-bolsonaro-atacam-zema-apos-mineiro-criticar-flavio-por-ligacao-com-vorcaro.shtml
RSS_00095,"Rede expulsa dirigente da ala de Marina Silva, que fala em perseguição política — A cúpula da Rede Sustentabilidade expulsou uma das copresidentes do partido, Iaraci Dias, que é do grupo político de Marina Silva (Rede-SP). A legenda é comandada pela ala da deputada federal Heloísa Helena (RJ), que vive um embate com a ex-ministra do Meio Ambiente. Leia mais (05/15/2026 - 20h06)",1,NOTICIA_REAL,noticias_reais,FOLHA_PODER,titulo_resumo,ROTULO_ASSUMIDO,380,2026-05-15,https://redir.folha.com.br/redir/online/poder/rss091/*https://www1.folha.uol.com.br/colunas/painel/2026/05/rede-expulsa-dirigente-da-ala-de-marina-silva-que-fala-em-perseguicao-politica.shtml
RSS_00096,"Moraes intima 'Débora do batom' a explicar descumprimento de medidas cautelares — O ministro Alexandre de Moraes , do STF (Supremo Tribunal Federal), intimou a cabeleireira Débora Rodrigues a se explicar sobre períodos em que ela esteve sem sinal de GPS. Conhecida como ""Débora do Batom"", ela está em prisão domiciliar e com tornozeleira eletrônica pela condenação nos atos golpistas de 8 de janeiro de 2023. Leia mais (05/15/2026 - 13h15)",1,NOTICIA_REAL,noticias_reais,FOLHA_PODER,titulo_resumo,ROTULO_ASSUMIDO,439,2026-05-15,https://redir.folha.com.br/redir/online/poder/rss091/*https://www1.folha.uol.com.br/blogs/brasilia-hoje/2026/05/moraes-intima-debora-do-batom-a-explicar-descumprimento-de-medidas-cautelares.shtml
RSS_00097,"Reuters e Universidade de Durham abrem inscrições para bolsa em jornalismo investigativo — Estão abertas as inscrições para a Sir Harry Evans Global Fellowship , programa internacional de jornalismo investigativo promovido pela Universidade de Durham em parceria com a Reuters . A iniciativa oferece a jornalistas uma experiência de nove meses em uma Redação da agência, com mentoria de editores e acesso a recursos da universidade. Leia mais (05/14/2026 - 15h11)",1,NOTICIA_REAL,noticias_reais,FOLHA_PODER,titulo_resumo,ROTULO_ASSUMIDO,463,2026-05-14,https://redir.folha.com.br/redir/online/poder/rss091/*https://www1.folha.uol.com.br/blogs/novo-em-folha/2026/05/reuters-e-universidade-de-durham-abrem-inscricoes-para-bolsa-em-jornalismo-investigativo.shtml
RSS_00098,"Caso Flávio-Vorcaro e arsenal de Lula marcam fim da fase de aquecimento da eleição — Toda eleição presidencial tem uma fase de aquecimento, em que os candidatos se preparam para a campanha. A revelação dos laços de Flávio Bolsonaro ( PL ) com o dono do Banco Master e a decisão de Lula (PT) de sacar um arsenal para evitar uma derrota na disputa indicam que essa etapa acabou na última semana. Leia mais (05/16/2026 - 12h03)",1,NOTICIA_REAL,noticias_reais,FOLHA_PODER,titulo_resumo,ROTULO_ASSUMIDO,424,2026-05-16,https://redir.folha.com.br/redir/online/poder/rss091/*https://www1.folha.uol.com.br/poder/2026/05/caso-flavio-vorcaro-e-arsenal-de-lula-marcam-fim-da-fase-de-aquecimento-da-eleicao.shtml
RSS_00099,"Indique um juiz antiativista, Lula — Toffoli, Zanin, Dino. A fila de indicações baseadas na expectativa de lealdade pessoal parou em Messias. Depois da derrota merecida, Lula examina duas opções equivocadas. Há, porém, uma terceira, que serviria ao STF e ao Brasil. Leia mais (05/15/2026 - 13h30)",1,NOTICIA_REAL,noticias_reais,FOLHA_PODER,titulo_resumo,ROTULO_ASSUMIDO,296,2026-05-15,https://redir.folha.com.br/redir/online/poder/rss091/*https://www1.folha.uol.com.br/colunas/demetriomagnoli/2026/05/indique-um-juiz-antiativista-lula.shtml
RSS_00100,"Flávio confirma ter pedido dinheiro a Vorcaro para filme de Bolsonaro, mas nega ter recebido vantagens — O senador e pré-candidato à Presidência Flávio Bolsonaro ( PL -RJ) confirmou nesta quarta-feira (13) que pediu dinheiro a Daniel Vorcaro , dono do Banco Master , para financiar o filme ""Dark Horse"" , sobre o ex-presidente Jair Bolsonaro (PL), mas negou ter recebido vantagens do ex-banqueiro. Leia mais (05/13/2026 - 17h55)",1,NOTICIA_REAL,noticias_reais,FOLHA_PODER,titulo_resumo,ROTULO_ASSUMIDO,428,2026-05-13,https://redir.folha.com.br/redir/online/poder/rss091/*https://www1.folha.uol.com.br/poder/2026/05/flavio-confirma-ter-pedido-dinheiro-a-vorcaro-para-filme-de-bolsonaro-mas-nega-ter-recebido-vantagens.shtml
RSS_00101,"Ciro Gomes confirma candidatura ao Governo do Ceará, chama rivais de frouxos e elogia bolsonaristas — O ex-ministro Ciro Gomes ( PSDB ) lançou sua pré-candidatura ao governo do Ceará neste sábado (16), chamando seus adversários de frouxos e endurecendo o discurso sobre segurança pública, com promessas de combater facções criminosas no estado. Leia mais (05/16/2026 - 15h50)",1,NOTICIA_REAL,noticias_reais,FOLHA_PODER,titulo_resumo,ROTULO_ASSUMIDO,375,2026-05-16,https://redir.folha.com.br/redir/online/poder/rss091/*https://www1.folha.uol.com.br/poder/2026/05/ciro-gomes-confirma-candidatura-ao-governo-do-ceara-chama-rivais-de-frouxos-e-elogia-bolsonaristas.shtml
RSS_00102,"Tarcísio diz que áudio de Flávio Bolsonaro preocupa, mas defende o aliado — O governador Tarcísio de Freitas (Republicanos) disse que a divulgação do áudio do senador Flávio Bolsonaro ( PL -RJ) pedindo dinheiro para Daniel Vorcaro preocupa, mas defendeu a postura do aliado até o momento e afirmou que o episódio não deve comprometer candidaturas. Leia mais (05/14/2026 - 13h53)",1,NOTICIA_REAL,noticias_reais,FOLHA_PODER,titulo_resumo,ROTULO_ASSUMIDO,378,2026-05-14,https://redir.folha.com.br/redir/online/poder/rss091/*https://www1.folha.uol.com.br/poder/2026/05/tarcisio-diz-que-audio-de-flavio-bolsonaro-preocupa-mas-defende-o-aliado.shtml
RSS_00103,"Datafolha: 9 de 10 eleitores dizem não se arrepender de voto em Lula ou Bolsonaro em 2022 — Passados quase três anos e meio do segundo turno da eleição presidencial de 2022, a maioria absoluta dos eleitores afirma não se arrepender do voto dado naquele pleito. É o que mostra nova rodada de pesquisa Datafolha . Leia mais (05/16/2026 - 15h00)",1,NOTICIA_REAL,noticias_reais,FOLHA_PODER,titulo_resumo,ROTULO_ASSUMIDO,342,2026-05-16,https://redir.folha.com.br/redir/online/poder/rss091/*https://www1.folha.uol.com.br/poder/2026/05/datafolha-9-de-10-eleitores-dizem-nao-se-arrepender-de-voto-em-lula-ou-bolsonaro-em-2022.shtml
RSS_00104,"Prêmio Amrigs abre inscrições para trabalhos sobre IA na medicina — Estão abertas as inscrições para o Prêmio Amrigs de Jornalismo 2026. A iniciativa reconhece trabalhos jornalísticos produzidos no Brasil sobre medicina . As reportagens devem tratar dos impactos da inteligência artificial na saúde , como prática médica, diagnóstico, relação com pacientes e organização dos serviços. Leia mais (05/15/2026 - 10h00)",1,NOTICIA_REAL,noticias_reais,FOLHA_PODER,titulo_resumo,ROTULO_ASSUMIDO,415,2026-05-15,https://redir.folha.com.br/redir/online/poder/rss091/*https://www1.folha.uol.com.br/blogs/novo-em-folha/2026/05/premio-amrigs-abre-inscricoes-para-trabalhos-sobre-ia-na-medicina.shtml
RSS_00105,"Conversa com Vorcaro atropela Flávio Bolsonaro e abala direita — Veio como um terremoto a revelação de um áudio no qual o senador Flávio Bolsonaro pede milhões de reais ao banqueiro Daniel Vorcaro para supostamente financiar a cinebiografia de seu pai. O furo do site Intercept atingiu não apenas a candidatura do senador, mas a própria perspectiva da direita na eleição presidencial. Leia mais (05/14/2026 - 04h03)",1,NOTICIA_REAL,noticias_reais,FOLHA_PODER,titulo_resumo,ROTULO_ASSUMIDO,415,2026-05-14,https://redir.folha.com.br/redir/online/poder/rss091/*https://www1.folha.uol.com.br/colunas/marcosaugustogoncalves/2026/05/conversa-com-vorcaro-atropela-flavio-bolsonaro-e-abala-direita.shtml
RSS_00106,"PGR denuncia Zema sob acusação de calúnia contra Gilmar Mendes — A PGR (Procuradoria-Geral da República) denunciou o ex-governador de Minas Gerais Romeu Zema (Novo), pré-candidato à Presidência da República, sob a acusação de calúnia no caso da série de vídeos contra o ministro do STF (Supremo Tribunal Federal) Gilmar Mendes . Leia mais (05/15/2026 - 19h37)",1,NOTICIA_REAL,noticias_reais,FOLHA_PODER,titulo_resumo,ROTULO_ASSUMIDO,359,2026-05-15,https://redir.folha.com.br/redir/online/poder/rss091/*https://www1.folha.uol.com.br/poder/2026/05/pgr-denuncia-zema-sob-acusacao-de-calunia-contra-gilmar-mendes.shtml
RSS_00107,"Grande centrão: Veredas — ""O senhor sabe: centrão é onde manda quem é forte, com as astúcias."" Leia mais (05/13/2026 - 19h00)",1,NOTICIA_REAL,noticias_reais,FOLHA_PODER,titulo_resumo,ROTULO_ASSUMIDO,125,2026-05-13,https://redir.folha.com.br/redir/online/poder/rss091/*https://www1.folha.uol.com.br/colunas/conrado-hubner-mendes/2026/05/grande-centrao-veredas.shtml
RSS_00108,"Datafolha: Governo Lula tem 39% de avaliação negativa e 30% de positiva — Com três anos e quatro meses de governo, 39% dos entrevistados pelo Datafolha avaliam que o presidente Lula ( PT ) está fazendo um trabalho ruim ou péssimo, enquanto 30% consideram a gestão boa ou ótima, e 29% a classificam como regular. Leia mais (05/16/2026 - 18h30)",1,NOTICIA_REAL,noticias_reais,FOLHA_PODER,titulo_resumo,ROTULO_ASSUMIDO,342,2026-05-16,https://redir.folha.com.br/redir/online/poder/rss091/*https://www1.folha.uol.com.br/poder/2026/05/datafolha-governo-lula-tem-39-de-avaliacao-negativa-e-30-de-positiva.shtml
RSS_00109,"Integrantes do PL dizem ter ficado surpresos com relação entre Flávio e Vorcaro — Integrantes do PL dizem ter ficado surpresos com a divulgação do áudio entre Flávio Bolsonaro (PL-RJ) e Daniel Vorcaro . Internamente, dizem que realmente acreditavam que os dois nunca tinham se falado. Leia mais (05/14/2026 - 17h00)",1,NOTICIA_REAL,noticias_reais,FOLHA_PODER,titulo_resumo,ROTULO_ASSUMIDO,315,2026-05-14,https://redir.folha.com.br/redir/online/poder/rss091/*https://www1.folha.uol.com.br/colunas/painel/2026/05/integrantes-do-pl-dizem-ter-ficado-surpresos-com-relacao-entre-flavio-e-vorcaro.shtml
RSS_00110,"Aliados de Flávio Bolsonaro criticam reação da pré-campanha à crise sobre pagamento de Vorcaro — Interlocutores do senador Flávio Bolsonaro ( PL -RJ) criticaram de forma reservada a resposta da pré-campanha à crise deflagrada pela reportagem do site Intercept Brasil que expôs o contato entre o presidenciável e o dono do Banco Master , Daniel Vorcaro , na negociação de R$ 134 milhões para bancar a produção do filme ""Dark Horse"", a respeito de Jair Bolsonaro (PL). Leia mais (05/14/2026 - 17h00)",1,NOTICIA_REAL,noticias_reais,FOLHA_PODER,titulo_resumo,ROTULO_ASSUMIDO,497,2026-05-14,https://redir.folha.com.br/redir/online/poder/rss091/*https://www1.folha.uol.com.br/poder/2026/05/aliados-de-flavio-bolsonaro-criticam-reacao-da-pre-campanha-a-crise-sobre-pagamento-de-vorcaro.shtml
RSS_00111,"Bolsonaristas veem Tarcísio distante e querem apoio maior a Flávio — O primeiro posicionamento do governador Tarcísio de Freitas (Republicanos) diante da crise gerada pelas relações entre Flávio Bolsonaro ( PL -RJ) e Daniel Vorcaro , do Banco Master , desagradou bolsonaristas em São Paulo . Leia mais (05/15/2026 - 15h15)",1,NOTICIA_REAL,noticias_reais,FOLHA_PODER,titulo_resumo,ROTULO_ASSUMIDO,322,2026-05-15,https://redir.folha.com.br/redir/online/poder/rss091/*https://www1.folha.uol.com.br/poder/2026/05/bolsonaristas-veem-tarcisio-distante-e-querem-apoio-maior-a-flavio.shtml
RSS_00112,"Datafolha: Lula empata com Flávio antes de caso 'Dark Horse' e abre vantagem sobre Zema e Caiado — O presidente Lula (PT) seguia empatado com o senador Flávio Bolsonaro (PL-RJ) na simulação de segundo turno das eleições presidenciais até a divulgação de conversas entre o parlamentar e o ex-banqueiro Daniel Vorcaro, mostra pesquisa Datafolha. Leia mais (05/16/2026 - 12h00)",1,NOTICIA_REAL,noticias_reais,FOLHA_PODER,titulo_resumo,ROTULO_ASSUMIDO,374,2026-05-16,https://redir.folha.com.br/redir/online/poder/rss091/*https://www1.folha.uol.com.br/poder/2026/05/datafolha-lula-empata-com-flavio-antes-de-caso-dark-horse-e-abre-vantagem-sobre-zema-e-caiado.shtml
RSS_00113,"Fim da 6x1 pode encarecer moradias do Minha Casa, Minha Vida, diz Câmara da Construção — Um estudo da CBIC (Câmara Brasileira da Indústria da Construção) aponta que o fim da escala 6x1 pode encarecer as obras populares no país e, com isso, reduzir o número de entregas no âmbito do Minha Casa, Minha Vida. Leia mais (05/15/2026 - 06h00)",1,NOTICIA_REAL,noticias_reais,FOLHA_PODER,titulo_resumo,ROTULO_ASSUMIDO,336,2026-05-15,https://redir.folha.com.br/redir/online/poder/rss091/*https://www1.folha.uol.com.br/colunas/painel/2026/05/fim-da-6x1-pode-encarecer-moradias-do-minha-casa-minha-vida-diz-camara-da-construcao.shtml
RSS_00114,"PF troca chefia de caso que envolve INSS e Lulinha; Mendonça e oposição cobram explicações — A Polícia Federal trocou a coordenação dos inquéritos da Operação Sem Desconto , que apura um esquema de fraudes envolvendo o INSS e motivou a quebra de sigilo de Fábio Luís Lula da Silva, o Lulinha , filho do presidente Lula (PT). Leia mais (05/15/2026 - 15h29)",1,NOTICIA_REAL,noticias_reais,FOLHA_PODER,titulo_resumo,ROTULO_ASSUMIDO,355,2026-05-15,https://redir.folha.com.br/redir/online/poder/rss091/*https://www1.folha.uol.com.br/poder/2026/05/pf-troca-chefia-de-caso-que-envolve-inss-e-lulinha-mendonca-e-oposicao-cobram-explicacoes.shtml
RSS_00115,"PT-DF fecha nominata à Câmara e tenta acordo com PCdoB para reforçar chapa ao governo — De olho na disputa ao Governo do Distrito Federal , o PT -DF fechou neste sábado (16) a nominata com os pré-candidatos à Câmara dos Deputados que são apostas do partido nas eleições de 2026. Leia mais (05/16/2026 - 16h00)",1,NOTICIA_REAL,noticias_reais,FOLHA_PODER,titulo_resumo,ROTULO_ASSUMIDO,309,2026-05-16,https://redir.folha.com.br/redir/online/poder/rss091/*https://www1.folha.uol.com.br/colunas/painel/2026/05/pt-df-fecha-nominata-a-camara-e-tenta-acordo-com-pcdob-para-reforcar-chapa-ao-governo.shtml
RSS_00116,"'É imperdoável, um tapa na cara', diz Zema sobre ligação entre Flávio Bolsonaro e Vorcaro — O ex-governador de Minas Gerais Romeu Zema (Novo), pré-candidato à Presidência da República, classificou como ""imperdoável"" a negociação do senador Flávio Bolsonaro ( PL ) com o ex-banqueiro Daniel Vorcaro , revelada nesta quarta-feira (13) pelo site The Intercept Brasil e confirmada pela Folha . Leia mais (05/13/2026 - 17h58)",1,NOTICIA_REAL,noticias_reais,FOLHA_PODER,titulo_resumo,ROTULO_ASSUMIDO,420,2026-05-13,https://redir.folha.com.br/redir/online/poder/rss091/*https://www1.folha.uol.com.br/poder/2026/05/e-imperdoavel-um-tapa-na-cara-diz-zema-sobre-ligacao-entre-flavio-bolsonaro-e-vorcaro.shtml
RSS_00117,"Joaquim Barbosa se filia ao partido DC, que pretende lançá-lo à Presidência — O ex-ministro do STF Joaquim Barbosa filiou-se no início de abril ao partido DC (Democracia Cristã). A legenda pretende lançá-lo candidato a presidente da República. Leia mais (05/15/2026 - 19h51)",1,NOTICIA_REAL,noticias_reais,FOLHA_PODER,titulo_resumo,ROTULO_ASSUMIDO,274,2026-05-15,https://redir.folha.com.br/redir/online/poder/rss091/*https://www1.folha.uol.com.br/colunas/painel/2026/05/joaquim-barbosa-se-filia-ao-partido-dc-que-pretende-lanca-lo-a-presidencia.shtml
RSS_00118,"Filiação de Joaquim Barbosa para disputar Presidência abre crise e gera ameaças no partido DC — A filiação do ex-ministro do STF Joaquim Barbosa ao DC (Democracia Cristã), com possível candidatura a presidente, gerou uma crise na pequena legenda. Leia mais (05/16/2026 - 09h10)",1,NOTICIA_REAL,noticias_reais,FOLHA_PODER,titulo_resumo,ROTULO_ASSUMIDO,277,2026-05-16,https://redir.folha.com.br/redir/online/poder/rss091/*https://www1.folha.uol.com.br/colunas/painel/2026/05/filiacao-de-joaquim-barbosa-abre-crise-no-dc-e-dirigente-em-sp-diz-que-ex-ministro-do-stf-e-inapoiavel.shtml
RSS_00119,"As mudanças nas versões de Flávio Bolsonaro sobre sua ligação com Daniel Vorcaro — Após o vazamento de mensagens e áudios pelo portal The Intercept Brasil, o senador Flávio Bolsonaro ( PL -RJ) admitiu ter negociado com o banqueiro Daniel Vorcaro , do Banco Master , pagamentos para financiar um filme sobre seu pai, o ex-presidente Jair Bolsonaro (PL). Leia mais (05/14/2026 - 11h46)",1,NOTICIA_REAL,noticias_reais,FOLHA_PODER,titulo_resumo,ROTULO_ASSUMIDO,383,2026-05-14,https://redir.folha.com.br/redir/online/poder/rss091/*https://www1.folha.uol.com.br/poder/2026/05/as-mudancas-nas-versoes-de-flavio-bolsonaro-sobre-sua-ligacao-com-daniel-vorcaro.shtml
RSS_00120,"'Ele merece ou não este filme?', diz Flávio Bolsonaro ao defender uso de verba para obra sobre o pai",1,NOTICIA_REAL,noticias_reais,FOLHA_PODER,titulo,ROTULO_ASSUMIDO,100,2026-05-15,https://redir.folha.com.br/redir/online/poder/rss091/*https://www1.folha.uol.com.br/poder/2026/05/ele-merece-ou-nao-este-filme-diz-flavio-bolsonaro-ao-defender-uso-de-verba-para-obra-sobre-o-pai.shtml
RSS_00121,"Como ver mais notícias da Folha na pesquisa do Google — Ao pesquisar um assunto na internet , especialmente temas noticiosos, a prioridade do usuário é encontrar respostas confiáveis . Diante do enorme volume de conteúdo publicado diariamente, filtrar o que é relevante pode ser um desafio. Leia mais (05/14/2026 - 17h15)",1,NOTICIA_REAL,noticias_reais,FOLHA_PODER,titulo_resumo,ROTULO_ASSUMIDO,321,2026-05-14,https://redir.folha.com.br/redir/online/poder/rss091/*https://www1.folha.uol.com.br/poder/2026/05/como-ver-mais-noticias-da-folha-na-pesquisa-do-google.shtml
RSS_00122,Planalto diz que novo Desenrola e fim da 'taxa das blusinhas' ainda não foram mensurados em pesquisas — A avaliação do Palácio do Planalto é que a nova pesquisa Datafolha ainda não mensurou os reais impactos de anúncios feitos recentemente pelo governo Lula . Leia mais (05/16/2026 - 13h00),1,NOTICIA_REAL,noticias_reais,FOLHA_PODER,titulo_resumo,ROTULO_ASSUMIDO,290,2026-05-16,https://redir.folha.com.br/redir/online/poder/rss091/*https://www1.folha.uol.com.br/colunas/painel/2026/05/planalto-diz-que-novo-desenrola-e-fim-da-taxa-das-blusinhas-ainda-nao-foram-mensurados-em-pesquisas.shtml
RSS_00123,"Fundo dos EUA, emendas e Banco Master; quem é quem no caso das conversas de Flávio e Vorcaro — A divulgação das conversas em que o senador Flávio Bolsonaro ( PL -RJ) pede dinheiro ao ex-banqueiro Daniel Vorcaro para financiar um filme sobre a vida do seu pai , o ex-presidente Jair Bolsonaro (PL), coloca sob suspeita a origem dos recursos para financiamento do projeto. Leia mais (05/15/2026 - 23h00)",1,NOTICIA_REAL,noticias_reais,FOLHA_PODER,titulo_resumo,ROTULO_ASSUMIDO,401,2026-05-15,https://redir.folha.com.br/redir/online/poder/rss091/*https://www1.folha.uol.com.br/poder/2026/05/fundo-dos-eua-emendas-e-banco-master-quem-e-quem-no-caso-das-conversas-de-flavio-e-vorcaro.shtml
RSS_00124,"Lula reage na busca por reeleição com pacote de benesses e vê caso Master acuar adversários — O presidente Lula (PT) reagiu em sua pré-campanha à reeleição depois de passar meses com um discurso ameno diante de adversários e desofrer uma derrota histórica com a rejeição, pelo Senado , da nomeação de Jorge Messias para uma vaga no STF (Supremo Tribunal Federal). Leia mais (05/16/2026 - 23h00)",1,NOTICIA_REAL,noticias_reais,FOLHA_PODER,titulo_resumo,ROTULO_ASSUMIDO,394,2026-05-16,https://redir.folha.com.br/redir/online/poder/rss091/*https://www1.folha.uol.com.br/poder/2026/05/lula-reage-na-busca-por-reeleicao-com-pacote-de-benesses-e-ve-caso-master-acuar-adversarios.shtml
RSS_00125,"Três Poderes: Nunes Marques é o vencedor da semana; Flávio, o perdedor — Vencedor da semana: o ministro Nunes Marques, que tomou posse na presidência do Tribunal Superior Eleitoral ( TSE ) com um elogiado discurso sobre defesa das urnas eletrônicas e da moderação no Judiciário. Leia mais (05/16/2026 - 12h00)",1,NOTICIA_REAL,noticias_reais,FOLHA_PODER,titulo_resumo,ROTULO_ASSUMIDO,309,2026-05-16,https://redir.folha.com.br/redir/online/poder/rss091/*https://www1.folha.uol.com.br/colunas/painel/2026/05/tres-poderes-nunes-marques-e-o-vencedor-da-semana-flavio-o-perdedor.shtml
RSS_00126,"Prerrogativas fala em possível financiamento político clandestino e aciona PGR e PF — O grupo Prerrogativas, alinhado ao presidente Lula (PT), acionou a PGR (Procuradoria Geral da República) e a PF ( Polícia Federal ) pedindo abertura de investigação para rastrear o dinheiro arrecadado para financiar o filme que conta a história de Jair Bolsonaro . Leia mais (05/15/2026 - 14h00)",1,NOTICIA_REAL,noticias_reais,FOLHA_PODER,titulo_resumo,ROTULO_ASSUMIDO,381,2026-05-15,https://redir.folha.com.br/redir/online/poder/rss091/*https://www1.folha.uol.com.br/colunas/painel/2026/05/prerrogativas-fala-em-possivel-financiamento-politico-clandestino-e-aciona-pgr-e-pf.shtml
RSS_00127,"Flávio Bolsonaro, irmão de Vorcaro — Em 16 de novembro de 2025, Flávio Bolsonaro enviou uma mensagem a Daniel Vorcaro , dono do Banco Master . Dizia: ""Irmão, eu estarei contigo sempre, não tem meia conversa entre a gente, só preciso que me dê uma luz"". A luz, no caso, eram R$ 134 milhões que Vorcaro daria para a realização de ""Dark Horse"" , a cinebiografia de Jair Bolsonaro . Leia mais (05/16/2026 - 15h52)",1,NOTICIA_REAL,noticias_reais,FOLHA_PODER,titulo_resumo,ROTULO_ASSUMIDO,409,2026-05-16,https://redir.folha.com.br/redir/online/poder/rss091/*https://www1.folha.uol.com.br/colunas/celso-rocha-de-barros/2026/05/flavio-bolsonaro-irmao-de-vorcaro.shtml
RSS_00128,"Pai de Vorcaro doou R$ 1 milhão para partido de Zema em MG nas eleições de 2022 — Preso nesta quinta-feira (14) , o pai de Daniel Vorcaro , Henrique Moura Vorcaro, doou R$ 1 milhão para o diretório estadual do Novo em Minas Gerais nas eleições de 2022, mostram dados da prestação de conta do partido apresentados ao TSE (Tribunal Superior Eleitoral). Leia mais (05/14/2026 - 12h22)",1,NOTICIA_REAL,noticias_reais,FOLHA_PODER,titulo_resumo,ROTULO_ASSUMIDO,381,2026-05-14,https://redir.folha.com.br/redir/online/poder/rss091/*https://www1.folha.uol.com.br/poder/2026/05/pai-de-daniel-vorcaro-doou-r-1-milhao-a-diretorio-do-partido-novo-em-mg-quando-zema-era-candidato.shtml
RSS_00129,"Pesquisa mostra que Flávio estancou antes de 'Dark Horse', dizem aliados de Lula; oposição minimiza — Aliados do presidente Lula (PT) avaliam que a pesquisa Datafolha divulgada neste sábado (16) indica a perda de força da pré-campanha de Flávio Bolsonaro ( PL ) antes mesmo da revelação de conversas em que o senador pede dinheiro a Daniel Vorcaro , ex-dono do Banco Master . Leia mais (05/16/2026 - 17h00)",1,NOTICIA_REAL,noticias_reais,FOLHA_PODER,titulo_resumo,ROTULO_ASSUMIDO,406,2026-05-16,https://redir.folha.com.br/redir/online/poder/rss091/*https://www1.folha.uol.com.br/poder/2026/05/pesquisa-mostra-que-flavio-estancou-antes-de-dark-horse-dizem-aliados-de-lula-oposicao-minimiza.shtml
RSS_00130,"Elo de Flávio Bolsonaro com Vorcaro é caso de polícia, diz Lula — O presidente Lula (PT) afirmou nesta quinta-feira (14) que o elo entre o senador Flávio Bolsonaro ( PL -RJ) e o banqueiro Daniel Vorcaro , do Banco Master , é ""caso de polícia"". Leia mais (05/14/2026 - 17h12)",1,NOTICIA_REAL,noticias_reais,FOLHA_PODER,titulo_resumo,ROTULO_ASSUMIDO,274,2026-05-14,https://redir.folha.com.br/redir/online/poder/rss091/*https://www1.folha.uol.com.br/poder/2026/05/elo-de-flavio-bolsonaro-com-vorcaro-e-caso-de-policia-diz-lula.shtml
RSS_00131,Aliados de Flávio temem contágio e defendem Cláudio Castro fora da disputa ao Senado pelo Rio,1,NOTICIA_REAL,noticias_reais,FOLHA_PODER,titulo,ROTULO_ASSUMIDO,93,2026-05-15,https://redir.folha.com.br/redir/online/poder/rss091/*https://www1.folha.uol.com.br/poder/2026/05/aliados-de-flavio-temem-contagio-e-defendem-claudio-castro-fora-da-disputa-ao-senado-pelo-rio.shtml
RSS_00132,"Elo de Flávio com Vorcaro gera apreensão de bolsonaristas, e aliados de Lula apostam na PF — A revelação de que o senador Flávio Bolsonaro ( PL -RJ), pré-candidato à Presidência, pediu dinheiro para o ex-banqueiro Daniel Vorcaro , então dono do Banco Master , para fazer um filme sobre seu pai, o ex-presidente Jair Bolsonaro (PL), pegou bolsonaristas de surpresa e causou apreensão sobre as consequências políticas do caso. Leia mais (05/13/2026 - 20h37)",1,NOTICIA_REAL,noticias_reais,FOLHA_PODER,titulo_resumo,ROTULO_ASSUMIDO,455,2026-05-13,https://redir.folha.com.br/redir/online/poder/rss091/*https://www1.folha.uol.com.br/poder/2026/05/elo-de-flavio-com-vorcaro-gera-apreensao-de-bolsonaristas-e-aliados-de-lula-apostam-na-pf.shtml
RSS_00133,"Flávio diz que omitiu contato com Vorcaro por cláusula de confidencialidade em patrocínio de filme — O senador Flávio Bolsonaro ( PL -RJ) afirmou nesta quinta-feira (14) que omitiu seu contato com o ex-banqueiro Daniel Vorcaro , dono do Master, por causa de uma cláusula de confidencialidade no contrato a respeito do financiamento do filme ""Dark Horse"" (""azarão"" em inglês). Leia mais (05/14/2026 - 19h37)",1,NOTICIA_REAL,noticias_reais,FOLHA_PODER,titulo_resumo,ROTULO_ASSUMIDO,406,2026-05-14,https://redir.folha.com.br/redir/online/poder/rss091/*https://www1.folha.uol.com.br/poder/2026/05/flavio-diz-que-omitiu-contato-com-vorcaro-por-clausula-de-confidencialidade-em-patrocinio-de-filme.shtml
RSS_00134,"Flávio pediu dinheiro a Vorcaro para financiar filme sobre Bolsonaro — Pré-candidato do PL à Presidência da República, Flávio Bolsonaro pediu dinheiro a Daniel Vorcaro , do Banco Master , para financiar um filme sobre Jair Bolsonaro . Leia mais (05/13/2026 - 16h52)",1,NOTICIA_REAL,noticias_reais,FOLHA_PODER,titulo_resumo,ROTULO_ASSUMIDO,265,2026-05-13,https://redir.folha.com.br/redir/online/poder/rss091/*https://www1.folha.uol.com.br/poder/2026/05/vorcaro-pagou-r-61-milhoes-para-filme-sobre-jair-bolsonaro-e-flavio-pediu-mais-diz-site.shtml
RSS_00135,"Flávio Bolsonaro aposta em CPI do Master contra desgaste, mas aliados veem chances mínimas — Pré-candidato à Presidência, o senador Flávio Bolsonaro (PL-RJ) apostará na defesa da CPI (Comissão Parlamentar de Inquérito) do Banco Master para tentar reverter o desgaste causado pela revelação de que tratava o ex-banqueiro Daniel Vorcaro como ""meu irmão"" e que R$ 134 milhões para financiar um filme sobre seu pai, o ex-presidente Jair Bolsonaro. Leia mais (05/14/2026 - 23h00)",1,NOTICIA_REAL,noticias_reais,FOLHA_PODER,titulo_resumo,ROTULO_ASSUMIDO,474,2026-05-14,https://redir.folha.com.br/redir/online/poder/rss091/*https://www1.folha.uol.com.br/poder/2026/05/flavio-bolsonaro-aposta-em-cpi-do-master-contra-desgaste-mas-aliados-veem-chances-minimas.shtml
RSS_00136,Centrão repensa aliança com Flávio Bolsonaro após áudios que mostram proximidade com Vorcaro — A ala do centrão que caminhava para uma aliança com Flávio Bolsonaro ( PL -RJ) agora prega cautela e quer postergar ao máximo a decisão sobre formar ou não uma coalizão em torno do oposicionista. Leia mais (05/15/2026 - 13h00),1,NOTICIA_REAL,noticias_reais,FOLHA_PODER,titulo_resumo,ROTULO_ASSUMIDO,321,2026-05-15,https://redir.folha.com.br/redir/online/poder/rss091/*https://www1.folha.uol.com.br/poder/2026/05/centrao-repensa-alianca-com-flavio-bolsonaro-apos-audios-que-mostram-proximidade-com-vorcaro.shtml
RSS_00137,"Empresa que repassou dinheiro a filme de Bolsonaro é dona de fundos da rede do Master — A Entre Investimentos, empresa que teria sido utilizada por Daniel Vorcaro para financiar um filme sobre o ex-presidente Jair Bolsonaro ( PL ), é cotista de sete fundos na rede do Banco Master (em quatro deles, única cotista). Ao todo, esses fundos têm R$ 2,9 bilhões em ativos. Leia mais (05/15/2026 - 04h04)",1,NOTICIA_REAL,noticias_reais,FOLHA_PODER,titulo_resumo,ROTULO_ASSUMIDO,397,2026-05-15,https://redir.folha.com.br/redir/online/poder/rss091/*https://www1.folha.uol.com.br/poder/2026/05/empresa-que-repassou-dinheiro-a-filme-de-bolsonaro-e-dona-de-fundos-da-rede-do-master.shtml
RSS_00138,Novo diz que vídeo de Zema contra Flávio mostra que ele não é linha auxiliar do bolsonarismo — O vídeo de Romeu Zema (Novo-MG) com ataques a Flávio Bolsonaro ( PL -RJ) após a divulgação do áudio com Daniel Vorcaro passou pela cúpula do partido Novo . Leia mais (05/14/2026 - 15h32),1,NOTICIA_REAL,noticias_reais,FOLHA_PODER,titulo_resumo,ROTULO_ASSUMIDO,281,2026-05-14,https://redir.folha.com.br/redir/online/poder/rss091/*https://www1.folha.uol.com.br/colunas/painel/2026/05/novo-diz-que-video-de-zema-contra-flavio-mostra-que-ele-nao-e-linha-auxiliar-do-bolsonarismo.shtml
RSS_00139,"Jornalista Catarina Alencastro lança livro infanto-juvenil inspirado nas queimadas no Pantanal — A jornalista Catarina Alencastro lança neste sábado (16) em São Paulo seu primeiro livro infanto-juvenil, inspirado nas queimadas históricas que atingiram o Pantanal no ano de 2020. Leia mais (05/15/2026 - 10h13)",1,NOTICIA_REAL,noticias_reais,FOLHA_PODER,titulo_resumo,ROTULO_ASSUMIDO,309,2026-05-15,https://redir.folha.com.br/redir/online/poder/rss091/*https://www1.folha.uol.com.br/colunas/painel/2026/05/jornalista-catarina-alencastro-lanca-livro-infanto-juvenil-inspirado-nas-queimadas-no-pantanal.shtml
RSS_00140,"Conversa com Vorcaro encerra lua de mel de Flávio e pode ser fatal para campanha — Os diálogos entre Flávio Bolsonaro e o banqueiro Daniel Vorcaro , revelados pelo site Intercept Brasil , jogaram a campanha do senador em uma crise que pode ser fatal. Leia mais (05/14/2026 - 15h13)",1,NOTICIA_REAL,noticias_reais,FOLHA_PODER,titulo_resumo,ROTULO_ASSUMIDO,281,2026-05-14,https://redir.folha.com.br/redir/online/poder/rss091/*https://www1.folha.uol.com.br/colunas/painel/2026/05/conversa-com-vorcaro-encerra-lua-de-mel-de-flavio-e-pode-ser-fatal-para-campanha.shtml
RSS_00141,"Entidades da sociedade civil discutem código de conduta dos tribunais com Fachin — Nove entidades da sociedade civil se reúnem na próxima quarta-feira (20) com o presidente do STF (Supremo Tribunal Federal), ministro Edson Fachin , para tratar do código de conduta para ministros de tribunais superiores. Leia mais (05/14/2026 - 17h30)",1,NOTICIA_REAL,noticias_reais,FOLHA_PODER,titulo_resumo,ROTULO_ASSUMIDO,335,2026-05-14,https://redir.folha.com.br/redir/online/poder/rss091/*https://www1.folha.uol.com.br/colunas/painel/2026/05/entidades-da-sociedade-civil-discutem-codigo-de-conduta-dos-tribunais-com-fachin.shtml
RSS_00142,"Donald Trump contra os Estados Unidos — Em pouco mais de um ano, Donald Trump abalroou o conjunto de instituições que deram feição própria à ordem internacional liberal, criada no segundo pós-Guerra e da qual os EUA foram avalista e principal beneficiário. Leia mais (05/13/2026 - 17h25)",1,NOTICIA_REAL,noticias_reais,FOLHA_PODER,titulo_resumo,ROTULO_ASSUMIDO,287,2026-05-13,https://redir.folha.com.br/redir/online/poder/rss091/*https://www1.folha.uol.com.br/colunas/maria-herminia-tavares/2026/05/donald-trump-contra-os-estados-unidos.shtml
RSS_00143,Câmara aprova projeto que permite recontratação de cientistas aposentados em empresas públicas,1,NOTICIA_REAL,noticias_reais,FOLHA_PODER,titulo,ROTULO_ASSUMIDO,94,2026-05-14,https://redir.folha.com.br/redir/online/poder/rss091/*https://www1.folha.uol.com.br/blogs/brasilia-hoje/2026/05/camara-aprova-projeto-que-permite-recontratacao-de-cientistas-aposentados-em-empresas-publicas.shtml
RSS_00144,"Após áudio de Flávio, Lindbergh pede que STF determine instalação da CPI do Master — O deputado federal Lindbergh Farias ( PT -RJ) acionou o Supremo Tribunal Federal ( STF ) para que a Corte determine a instalação da CPMI do Master imediatamente. Na peça, o petista cita o áudio entre Flávio Bolsonaro ( PL -RJ) e Daniel Vorcaro . Leia mais (05/15/2026 - 13h16)",1,NOTICIA_REAL,noticias_reais,FOLHA_PODER,titulo_resumo,ROTULO_ASSUMIDO,361,2026-05-15,https://redir.folha.com.br/redir/online/poder/rss091/*https://www1.folha.uol.com.br/colunas/painel/2026/05/apos-audio-de-flavio-lindbergh-pede-que-stf-determine-instalacao-da-cpi-do-master.shtml
RSS_00145,"Prêmio ICL de Jornalismo abre inscrições com R$ 70 mil em premiação — Estão abertas, até 30 de outubro de 2026, as inscrições para o Prêmio ICL de Jornalismo , do ICL (Instituto Combustível Legal) . A iniciativa reconhece reportagens investigativas sobre os impactos do mercado irregular de combustíveis na vida da população, na arrecadação pública e nas empresas do setor. Leia mais (05/14/2026 - 19h00)",1,NOTICIA_REAL,noticias_reais,FOLHA_PODER,titulo_resumo,ROTULO_ASSUMIDO,404,2026-05-14,https://redir.folha.com.br/redir/online/poder/rss091/*https://www1.folha.uol.com.br/blogs/novo-em-folha/2026/05/premio-icl-de-jornalismo-abre-inscricoes-com-r-70-mil-em-premiacao.shtml
RSS_00146,"Flávio diz que Jair Bolsonaro o aconselhou a falar a verdade e que Eduardo vive de doação do pai — O senador Flávio Bolsonaro ( PL -RJ), pré-candidato à Presidência da República, afirmou nesta sexta-feira (15) que conversou com seu pai, Jair Bolsonaro (PL), a respeito de sua relação com Daniel Vorcaro , revelada pelo site The Intercept Brasil, e que o ex-presidente lhe disse para ficar tranquilo e falar a verdade. Leia mais (05/15/2026 - 08h50)",1,NOTICIA_REAL,noticias_reais,FOLHA_PODER,titulo_resumo,ROTULO_ASSUMIDO,448,2026-05-15,https://redir.folha.com.br/redir/online/poder/rss091/*https://www1.folha.uol.com.br/poder/2026/05/flavio-diz-que-jair-bolsonaro-o-aconselhou-a-falar-a-verdade-e-que-eduardo-vive-de-doacao-do-pai.shtml
RSS_00147,"Aliados de Flávio admitem prejuízo em diálogo com Vorcaro e veem reforço a slogan 'BolsoMaster' — Aliados do senador Flavio Bolsonaro ( PL ) avaliaram como ""muito ruim"" a revelação de conversas em que ele pede dinheiro ao banqueiro Daniel Vorcaro para financiar um filme biográfico sobre o ex-presidente Jair Bolsonaro (PL). Os diálogos foram divulgados pelo site The Intercept. Leia mais (05/13/2026 - 17h12)",1,NOTICIA_REAL,noticias_reais,FOLHA_PODER,titulo_resumo,ROTULO_ASSUMIDO,409,2026-05-13,https://redir.folha.com.br/redir/online/poder/rss091/*https://www1.folha.uol.com.br/colunas/painel/2026/05/aliados-de-flavio-admitem-prejuizo-em-dialogo-com-vorcaro-e-veem-reforco-a-slogan-bolsomaster.shtml
RSS_00148,"Nova regra de Fachin sobre distribuição de processos no STF acirra atrito interno na corte — As novas regras do STF (Supremo Tribunal Federal) para distribuição de processos judiciais determinadas nesta semana pelo presidente da corte, ministro Edson Fachin , acirraram o atrito entre magistrados e são o capítulo mais recente da divisão interna do tribunal. Leia mais (05/14/2026 - 19h35)",1,NOTICIA_REAL,noticias_reais,FOLHA_PODER,titulo_resumo,ROTULO_ASSUMIDO,389,2026-05-14,https://redir.folha.com.br/redir/online/poder/rss091/*https://www1.folha.uol.com.br/poder/2026/05/nova-regra-de-fachin-sobre-distribuicao-de-processos-no-stf-acirra-atrito-interno-na-corte.shtml
RSS_00149,"Áudio de Flávio com Vorcaro irrita pastores, e ala defende migrar apoio para Caiado — A revelação de que o senador Flávio Bolsonaro (PL-RJ) pediu uma quantia milionária a Daniel Vorcaro para financiar um filme sobre o pai caiu como um balde de água fria entre lideranças evangélicas que, nos bastidores, já vinham demonstrando entusiasmo limitado com sua pré-candidatura à Presidência. Leia mais (05/14/2026 - 12h52)",1,NOTICIA_REAL,noticias_reais,FOLHA_PODER,titulo_resumo,ROTULO_ASSUMIDO,416,2026-05-14,https://redir.folha.com.br/redir/online/poder/rss091/*https://www1.folha.uol.com.br/poder/2026/05/audio-de-flavio-com-vorcaro-irrita-pastores-e-ala-defende-migrar-apoio-para-caiado.shtml
RSS_00150,"Vereadora pede à Justiça Eleitoral inelegibilidade de mulher de Nunes — A vereadora Amanda Paschoal (PSOL) pediu nesta sexta-feira (15), em representação apresentada à Procuradoria Regional Eleitoral de São Paulo, que a primeira-dama da capital, Regina Nunes (MDB) , pré-candidata a deputada estadual, tenha seu eventual registro de candidatura cassado e fique inelegível por oito anos. Leia mais (05/15/2026 - 16h34)",1,NOTICIA_REAL,noticias_reais,FOLHA_PODER,titulo_resumo,ROTULO_ASSUMIDO,417,2026-05-15,https://redir.folha.com.br/redir/online/poder/rss091/*https://www1.folha.uol.com.br/colunas/painel/2026/05/vereadora-pede-a-justica-eleitoral-inelegibilidade-de-mulher-de-nunes.shtml
RSS_00151,"Oposição diz que pesquisa reflete 'máquina pública a favor' de Lula, mas vê limite em melhora — Lideranças bolsonaristas interpretam que a recuperação do presidente Luiz Inácio Lula da Silva (PT) na pesquisa Quaest divulgada nesta quarta-feira (13), ainda que tímida, é o primeiro sinal do poder da máquina pública a favor do petista. Leia mais (05/13/2026 - 18h10)",1,NOTICIA_REAL,noticias_reais,FOLHA_PODER,titulo_resumo,ROTULO_ASSUMIDO,365,2026-05-13,https://redir.folha.com.br/redir/online/poder/rss091/*https://www1.folha.uol.com.br/blogs/brasilia-hoje/2026/05/oposicao-diz-que-pesquisa-reflete-maquina-publica-a-favor-de-lula-mas-ve-limite-em-melhora.shtml
RSS_00152,"Prerrogativas estuda ofensiva jurídica para descobrir destino de dinheiro que financiaria filme de Bolsonaro — O Grupo Prerrogativas está analisando quais medidas jurídicas deve adotar nos próximos dias, em uma ofensiva contra o filme que conta a história do ex-presidente Jair Bolsonaro. Leia mais (05/14/2026 - 19h00)",1,NOTICIA_REAL,noticias_reais,FOLHA_PODER,titulo_resumo,ROTULO_ASSUMIDO,319,2026-05-14,https://redir.folha.com.br/redir/online/poder/rss091/*https://www1.folha.uol.com.br/colunas/painel/2026/05/prerrogativas-estuda-ofensiva-juridica-para-descobrir-destino-de-dinheiro-que-financiaria-filme-de-bolsonaro.shtml
RSS_00153,"Flávio fala em 'zero dinheiro público', mas produtora de filme tem elo com emendas e verba da Prefeitura de SP",1,NOTICIA_REAL,noticias_reais,FOLHA_PODER,titulo,ROTULO_ASSUMIDO,110,2026-05-14,https://redir.folha.com.br/redir/online/poder/rss091/*https://www1.folha.uol.com.br/poder/2026/05/flavio-fala-em-zero-dinheiro-publico-mas-produtora-de-filme-tem-elo-com-emendas-e-verba-da-prefeitura-de-sp.shtml
RSS_00154,"Aliados de Flávio Bolsonaro veem abalo de confiança por elo com Vorcaro e temem mais acusações — A revelação de conversas e uma relação de intimidade entre o senador Flávio Bolsonaro ( PL -RJ) e o ex-banqueiro Daniel Vorcaro , após o pré-candidato dizer publicamente e reservadamente para líderes de direita que não tinha contatos com o dono do Banco Master , causou uma sensação de quebra de confiança entre seus apoiadores. Leia mais (05/14/2026 - 04h06)",1,NOTICIA_REAL,noticias_reais,FOLHA_PODER,titulo_resumo,ROTULO_ASSUMIDO,456,2026-05-14,https://redir.folha.com.br/redir/online/poder/rss091/*https://www1.folha.uol.com.br/poder/2026/05/aliados-de-flavio-bolsonaro-veem-abalo-de-confianca-por-elo-com-vorcaro-e-temem-mais-acusacoes.shtml
RSS_00155,"Produtores cogitam antecipar para julho filme sobre Bolsonaro — Os produtores do filme ""Dark Horse"" avaliam antecipar a estreia do filme que conta a história do ex-presidente Jair Bolsonaro para julho. A previsão inicial era lançar apenas em setembro , véspera das eleições. Leia mais (05/15/2026 - 14h42)",1,NOTICIA_REAL,noticias_reais,FOLHA_PODER,titulo_resumo,ROTULO_ASSUMIDO,305,2026-05-15,https://redir.folha.com.br/redir/online/poder/rss091/*https://www1.folha.uol.com.br/colunas/painel/2026/05/produtores-cogitam-antecipar-para-julho-filme-sobre-bolsonaro.shtml
RSS_00156,"Flávio diz que novos diálogos com Vorcaro podem vazar, mas que contato se restringiu a filme — O senador e pré-candidato à Presidência Flávio Bolsonaro ( PL -RJ) disse nesta sexta-feira (15) que novas conversas ou relatos de encontros que teve com o dono do Banco Master , Daniel Vorcaro , podem se tornar públicos, mas afirmou que o contato que manteve com o ex-banqueiro se restringiu ao filme sobre o ex-presidente Jair Bolsonaro (PL). Leia mais (05/15/2026 - 17h02)",1,NOTICIA_REAL,noticias_reais,FOLHA_PODER,titulo_resumo,ROTULO_ASSUMIDO,469,2026-05-15,https://redir.folha.com.br/redir/online/poder/rss091/*https://www1.folha.uol.com.br/poder/2026/05/flavio-diz-que-novos-dialogos-com-vorcaro-podem-vazar-mas-que-contato-se-restringiu-a-filme.shtml
RSS_00157,"Turbinada sob Castro, cidade de pré-candidato bolsonarista no RJ espera verba acertada com Paes",1,NOTICIA_REAL,noticias_reais,FOLHA_PODER,titulo,ROTULO_ASSUMIDO,95,2026-05-16,https://redir.folha.com.br/redir/online/poder/rss091/*https://www1.folha.uol.com.br/poder/2026/05/turbinada-sob-castro-cidade-de-pre-candidato-bolsonarista-no-rj-espera-verba-acertada-com-paes.shtml
RSS_00158,"Eduardo Bolsonaro nega que tenha usado dinheiro do Master para se bancar nos EUA — O ex-deputado federal Eduardo Bolsonaro ( PL ) negou que tenha recebido dinheiro do empresário Daniel Vorcaro para se manter nos Estados Unidos. O ex-parlamentar reagiu em resposta à reportagem da Folha , que mostrou que a Polícia Federal suspeita que recursos de Vorcaro tenham custeado sua permanência fora do Brasil. Leia mais (05/14/2026 - 23h03)",1,NOTICIA_REAL,noticias_reais,FOLHA_PODER,titulo_resumo,ROTULO_ASSUMIDO,433,2026-05-14,https://redir.folha.com.br/redir/online/poder/rss091/*https://www1.folha.uol.com.br/poder/2026/05/eduardo-bolsonaro-nega-que-tenha-usado-dinheiro-do-master-para-se-bancar-nos-eua.shtml
RSS_00159,"Datafolha divulga nova pesquisa sobre eleição presidencial; confira — Uma nova pesquisa Datafolha sobre o cenário da eleição presidencial foi divulgada neste sábado (16). Além das intenções de voto para primeiro e segundo turno, o instituto questionou o eleitor sobre a rejeição aos candidatos, bem como a avaliação do governo Lula (PT). Leia mais (05/16/2026 - 00h22)",1,NOTICIA_REAL,noticias_reais,FOLHA_PODER,titulo_resumo,ROTULO_ASSUMIDO,368,2026-05-16,https://redir.folha.com.br/redir/online/poder/rss091/*https://www1.folha.uol.com.br/poder/2026/05/datafolha-divulga-neste-sabado-nova-pesquisa-sobre-eleicao-presidencial.shtml
RSS_00160,"Em sinalização ao multilateralismo, ministro da Fazenda é convidado e fará discurso em reunião do G7 — O ministro da Fazenda Dario Durigan foi convidado pela França para fazer o principal discurso de uma das sessões da reunião de ministros de Finanças do G7 , o grupo dos países mais industrializados do mundo. Leia mais (05/16/2026 - 23h00)",1,NOTICIA_REAL,noticias_reais,FOLHA_PODER,titulo_resumo,ROTULO_ASSUMIDO,341,2026-05-16,https://redir.folha.com.br/redir/online/poder/rss091/*https://www1.folha.uol.com.br/colunas/painel/2026/05/em-sinalizacao-ao-multilateralismo-ministro-da-fazenda-e-convidado-e-fara-discurso-em-reuniao-do-g7.shtml
RSS_00161,"Documentário sobre Bolsonaro estreia com salas vazias e também tem elo com verba de deputados — O documentário ""A Colisão dos Destinos"", dirigido por Doriel Francisco, que conta a história da vida do ex-presidente Jair Bolsonaro , chega ao seu primeiro fim de semana em cartaz nos cinemas com distribuição falha e salas vazias. Apesar de ser exibido em 17 estados, a obra está fora do circuito Rio-São Paulo. Leia mais (05/15/2026 - 23h00)",1,NOTICIA_REAL,noticias_reais,FOLHA_PODER,titulo_resumo,ROTULO_ASSUMIDO,439,2026-05-15,https://redir.folha.com.br/redir/online/poder/rss091/*https://www1.folha.uol.com.br/poder/2026/05/documentario-sobre-bolsonaro-estreia-com-salas-vazias-e-tambem-tem-elo-com-verba-de-deputados.shtml
RSS_00162,"Servidor trabalha para redes sociais da mulher de Nunes, pré-candidata a deputada em SP — Um servidor comissionado da Prefeitura de São Paulo trabalhou em horário comercial para a pré-campanha da primeira-dama Regina Nunes (MDB), pré-candidata a deputada estadual . Leia mais (05/13/2026 - 23h00)",1,NOTICIA_REAL,noticias_reais,FOLHA_PODER,titulo_resumo,ROTULO_ASSUMIDO,296,2026-05-13,https://redir.folha.com.br/redir/online/poder/rss091/*https://www1.folha.uol.com.br/poder/2026/05/servidor-trabalha-para-redes-sociais-da-mulher-de-nunes-pre-candidata-a-deputada-em-sp.shtml
RSS_00163,"Produtores de filme sobre Bolsonaro pediram dinheiro a diversos empresários — O banqueiro Daniel Vorcaro não foi o único empresário a ser procurado por produtores do filme ""Dark Horse"" atrás de financiamento, no ano passado. Leia mais (05/13/2026 - 19h58)",1,NOTICIA_REAL,noticias_reais,FOLHA_PODER,titulo_resumo,ROTULO_ASSUMIDO,255,2026-05-13,https://redir.folha.com.br/redir/online/poder/rss091/*https://www1.folha.uol.com.br/colunas/painel/2026/05/produtores-de-filme-sobre-bolsonaro-pediram-dinheiro-a-diversos-empresarios.shtml
RSS_00164,"PF suspeita que dinheiro de Vorcaro tenha custeado despesas de Eduardo Bolsonaro nos EUA — A Polícia Federal suspeita que recursos ligados a Daniel Vorcaro , do Banco Master , foram usados para financiar despesas do ex-deputado Eduardo Bolsonaro ( PL -SP) nos Estados Unidos, onde ele vive desde fevereiro de 2025. Leia mais (05/14/2026 - 13h04)",1,NOTICIA_REAL,noticias_reais,FOLHA_PODER,titulo_resumo,ROTULO_ASSUMIDO,345,2026-05-14,https://redir.folha.com.br/redir/online/poder/rss091/*https://www1.folha.uol.com.br/poder/2026/05/pf-suspeita-que-dinheiro-de-vorcaro-tenha-custeado-despesas-de-eduardo-bolsonaro-nos-eua.shtml
RSS_00165,"Governistas comemoram áudio de Flávio Bolsonaro a Vorcaro, mas têm dúvida sobre efeito em eleitor — Aliados do presidente Lula ( PT ) comemoraram a divulgação de áudio em que o senador Flávio Bolsonaro ( PL -RJ) cobra o antigo dono do Banco Master , Daniel Vorcaro . Reservadamente, porém, expressam dúvidas sobre a capacidade do caso de influenciar o eleitorado bolsonarista. Leia mais (05/14/2026 - 04h02)",1,NOTICIA_REAL,noticias_reais,FOLHA_PODER,titulo_resumo,ROTULO_ASSUMIDO,407,2026-05-14,https://redir.folha.com.br/redir/online/poder/rss091/*https://www1.folha.uol.com.br/poder/2026/05/governistas-comemoram-audio-de-flavio-bolsonaro-a-vorcaro-mas-tem-duvida-sobre-efeito-em-eleitor.shtml
RSS_00166,"Frente ambientalista critica Câmara por dar voz a cético do clima em eventos na Casa — A Frente Parlamentar Ambientalista veio a público para repudiar o espaço que a Câmara dos Deputados tem dado ao dinamarquês Bjorn Lomborg, nesta semana. O cientista político gerou polêmica ao dizer que as preocupações ambientais atuais são exageradas. Leia mais (05/14/2026 - 11h03)",1,NOTICIA_REAL,noticias_reais,FOLHA_PODER,titulo_resumo,ROTULO_ASSUMIDO,369,2026-05-14,https://redir.folha.com.br/redir/online/poder/rss091/*https://www1.folha.uol.com.br/colunas/painel/2026/05/frente-ambientalista-critica-camara-por-dar-voz-a-cetico-do-clima-em-eventos-na-casa.shtml
RSS_00167,"Vaquinha a pré-candidatos soma mais de R$ 400 mil um dia após lançamento — A arrecadação por vaquinha para pré-candidatos às eleições deste ano começou nesta sexta-feira (15) e, após um dia de lançamento, já contabilizou mais de R$ 400 mil doados aos políticos. Leia mais (05/16/2026 - 06h00)",1,NOTICIA_REAL,noticias_reais,FOLHA_PODER,titulo_resumo,ROTULO_ASSUMIDO,292,2026-05-16,https://redir.folha.com.br/redir/online/poder/rss091/*https://www1.folha.uol.com.br/colunas/painel/2026/05/em-menos-de-24h-no-ar-vaquinha-a-pre-candidatos-soma-mais-de-r-200-mil.shtml
RSS_00168,"Projeto quer elevar orçamento de Defensorias Públicas para 2% da receita dos estados — Após articulação de defensores públicos, o Senado pode começar a analisar um projeto que amplia o orçamento destinado às Defensorias Públicas nos estados. O projeto do senador Jorge Kajuru ( PSB -GO) estabelece um patamar de 2% da receita dos estados para os órgãos. Leia mais (05/14/2026 - 18h00)",1,NOTICIA_REAL,noticias_reais,FOLHA_PODER,titulo_resumo,ROTULO_ASSUMIDO,384,2026-05-14,https://redir.folha.com.br/redir/online/poder/rss091/*https://www1.folha.uol.com.br/colunas/painel/2026/05/projeto-quer-elevar-orcamento-de-defensorias-publicas-para-2-da-receita-dos-estados.shtml
RSS_00169,"Lula sugere veto a IA na eleição e, sem citar Flávio Bolsonaro, diz que 'verdade não falha' — O presidente Lula (PT) sugeriu nesta quinta-feira (14) a senadores aliados da Bahia que propusessem uma medida legislativa para vetar o uso de inteligência artificial nas eleições . Leia mais (05/14/2026 - 14h28)",1,NOTICIA_REAL,noticias_reais,FOLHA_PODER,titulo_resumo,ROTULO_ASSUMIDO,306,2026-05-14,https://redir.folha.com.br/redir/online/poder/rss091/*https://www1.folha.uol.com.br/poder/2026/05/lula-sugere-veto-a-ia-na-eleicao-e-sem-citar-flavio-bolsonaro-diz-que-verdade-nao-falha.shtml
RSS_00170,"Flávio Bolsonaro diz que tentaram enterrá-lo vivo e associa Lula ao diabo — O senador Flávio Bolsonaro ( PL ) afirmou neste sábado (12) que os adversários o subestimam, reafirmou sua pré-candidatura à Presidência da República e falou que a a eleição de outubro será uma disputa de Deus contra o diabo. Leia mais (05/16/2026 - 12h52)",1,NOTICIA_REAL,noticias_reais,FOLHA_PODER,titulo_resumo,ROTULO_ASSUMIDO,332,2026-05-16,https://redir.folha.com.br/redir/online/poder/rss091/*https://www1.folha.uol.com.br/poder/2026/05/flavio-bolsonaro-diz-que-tentaram-enterra-lo-vivo-e-compara-lula-ao-diabo.shtml
RSS_00171,"Flávio, que agora admite pedido de dinheiro, disse há dois meses que nunca teve contato com Vorcaro — Pré-candidato à Presidência da República, o senador Flávio Bolsonaro (PL-RJ), que agora admite ter pedido e recebido dinheiro de Daniel Vorcaro para a realização de um filme sobre seu pai, negou há dois meses ter qualquer contato com o ex-dono do Banco Master , quando a Folha revelou que seu número de telefone estava na agenda do ex-banqueiro. Leia mais (05/13/2026 - 19h30)",1,NOTICIA_REAL,noticias_reais,FOLHA_PODER,titulo_resumo,ROTULO_ASSUMIDO,478,2026-05-13,https://redir.folha.com.br/redir/online/poder/rss091/*https://www1.folha.uol.com.br/poder/2026/05/flavio-que-agora-admite-pedido-de-dinheiro-disse-ha-dois-meses-que-nunca-teve-contato-com-vorcaro.shtml
RSS_00172,"Não creio que morte da juíza tenha inspirado charge — No último sábado (9), duas juízas ligadas a movimentos feministas sugeriram que eu fizesse um contraponto às manifestações de repúdio a uma charge de Marilia Marz publicada na Folha . Leia mais (05/15/2026 - 04h03)",1,NOTICIA_REAL,noticias_reais,FOLHA_PODER,titulo_resumo,ROTULO_ASSUMIDO,268,2026-05-15,https://redir.folha.com.br/redir/online/poder/rss091/*https://www1.folha.uol.com.br/blogs/frederico-vasconcelos/2026/05/nao-creio-que-morte-da-juiza-tenha-inspirado-charge.shtml
RSS_00173,"Datafolha: 39% avaliam governo Lula como ruim ou péssimo; 30% como ótimo ou bom — Avaliação do presidente permaneceu estável dentro da margem de erro, que é de dois pontos percentuais para mais ou menos. Pesquisa aponta que 29% classificam a gestão como regular.",1,NOTICIA_REAL,noticias_reais,G1_POLITICA,titulo_resumo,ROTULO_ASSUMIDO,262,2026-05-17,https://g1.globo.com/politica/noticia/2026/05/16/datafolha-39percent-avaliam-governo-lula-como-ruim-ou-pessimo-30percent-como-otimo-ou-bom.ghtml
RSS_00174,"Foragido de operação sobre o Master chega a SP após ser preso em Dubai — Victor Lima Sedlmaier é suspeito de ser um dos integrantes do grupo 'Os Meninos', que era 'especializado em ataques cibernéticos, invasões telemáticas, derrubada de perfis e monitoramento digital ilegal'",1,NOTICIA_REAL,noticias_reais,G1_POLITICA,titulo_resumo,ROTULO_ASSUMIDO,276,2026-05-16,https://g1.globo.com/sp/sao-paulo/noticia/2026/05/16/foragido-de-operacao-sobre-o-master-chega-a-sp-apos-ser-preso-em-dubai.ghtml
RSS_00175,"Foragido de operação sobre o Master é preso em Dubai — Victor Lima Sedlmaier é suspeito de ser um dos integrantes do grupo 'Os Meninos', que era especializado em ataques cibernéticos e invasões, segundo a PF. Ele chegou em São Paulo no final da tarde deste sábado (16).",1,NOTICIA_REAL,noticias_reais,G1_POLITICA,titulo_resumo,ROTULO_ASSUMIDO,269,2026-05-16,https://g1.globo.com/politica/noticia/2026/05/16/foragido-de-operacao-sobre-o-master-e-preso-em-dubai-informa-a-pf.ghtml
RSS_00176,"Zema ironiza PT com fogos de artifício, mas lei proíbe o uso em BH — ""Se o PT tá triste, o Brasil tá feliz,"" diz Zema ao soltar fogos em Belo Horizonte, cidade que proíbe estampidos por lei desde 2022",1,NOTICIA_REAL,noticias_reais,METROPOLES,titulo_resumo,ROTULO_ASSUMIDO,200,2025-12-01,https://www.metropoles.com/brasil/politica-brasil/zema-ironiza-pt-com-fogos-de-artificio-mas-lei-proibe-o-uso-em-bh
RSS_00177,"Tarcísio nunca disse nada contra as tentativas de golpe e volta a apoiar Bolsonaro com post de Trump — Tarcísio endossa post de Trump em apoio a Bolsonaro. Aproveitou polêmica para agradar o ex-presidente e deixa claro, de novo, sua afinidade",1,NOTICIA_REAL,noticias_reais,METROPOLES,titulo_resumo,ROTULO_ASSUMIDO,242,2025-07-08,https://www.metropoles.com/blog-do-noblat/tarcisio-nunca-disse-nada-contra-as-tentativas-de-golpe-e-volta-a-apoiar-bolsonaro-com-post-de-trump
RSS_00178,"Sanção absurda de Trump não vai ver ""os fogos de réveillon"" de 2026 — Economista fala sobre a fama viral ""Trump sempre amarela"" e aposta que sanção não dura",1,NOTICIA_REAL,noticias_reais,METROPOLES,titulo_resumo,ROTULO_ASSUMIDO,156,2025-07-11,https://www.metropoles.com/blog-do-noblat/sancao-absurda-de-trump-nao-vai-ver-os-fogos-de-reveillon-de-2026
RSS_00179,"Funai: 297 terras ficarão desprotegidas com derrubada de vetos de Lula — Congresso derrotou Lula e derrubou 88,8% dos vetos do presidente no projeto conhecido como “PL da Devastação”",1,NOTICIA_REAL,noticias_reais,METROPOLES,titulo_resumo,ROTULO_ASSUMIDO,182,2025-11-27,https://www.metropoles.com/brasil/politica-brasil/funai-297-terras-ficarao-desprotegidas-com-derrubada-de-vetos-de-lula
RSS_00180,"""Vamos supor que Trump queira anistia. É muito?"", desabafa Bolsonaro — Bolsonaro questiona se Trump está pedindo muito com chantagem da anistia em troca de tirar a tarifa de 50% - Lula o chama de patriota falso",1,NOTICIA_REAL,noticias_reais,METROPOLES,titulo_resumo,ROTULO_ASSUMIDO,210,2025-07-18,https://www.metropoles.com/blog-do-noblat/vamos-supor-que-trump-queira-anistia-e-muito-desabafa-bolsonaro
RSS_00181,CPMI do INSS pretende mirar bancos que aparecerem nas investigações — Senador Carlos Viana promete resistir à pressão de instituições ligadas a esquemas de empréstimos consignados irregulares,1,NOTICIA_REAL,noticias_reais,METROPOLES,titulo_resumo,ROTULO_ASSUMIDO,191,2025-08-29,https://www.metropoles.com/brasil/cpmi-do-inss-pretende-mirar-bancos-que-aparecerem-nas-investigacoes
RSS_00182,A verdade de Bolsonaro: pedida a condenação por tentativa de golpe — A pena pode superar 40 anos caso Bolsonaro seja condenado por todos os crimes indicados pela PGR,1,NOTICIA_REAL,noticias_reais,METROPOLES,titulo_resumo,ROTULO_ASSUMIDO,165,2025-07-15,https://www.metropoles.com/blog-do-noblat/a-verdade-de-bolsonaro-pedida-a-condenacao-por-tentativa-de-golpe
RSS_00183,"INSS. Ex-ministro de Bolsonaro justifica fraude: ""Falta de estrutura"" — Ex-ministro de Bolsonaro, José Carlos Oliveira, agora Ahmed Mohamad, depõe me CPMI do INSS nesta quinta (11)",1,NOTICIA_REAL,noticias_reais,METROPOLES,titulo_resumo,ROTULO_ASSUMIDO,180,2025-09-11,https://www.metropoles.com/brasil/inss-ex-ministro-de-bolsonaro-justifica-fraude-falta-de-estrutura
RSS_00184,"Não se iludam, bolsonaristas: post de Trump não vai dar em nada — Polêmica de Trump em defesa de Bolsonaro recebe reação dura de Lula, mas para bolsonaristas deixa a ilusão de ""mais 72h"" (de novo)",1,NOTICIA_REAL,noticias_reais,METROPOLES,titulo_resumo,ROTULO_ASSUMIDO,196,2025-07-08,https://www.metropoles.com/blog-do-noblat/nao-se-iludam-bolsonaristas-post-de-trump-nao-vai-dar-em-nada
RSS_00185,"Bateu, levou: Brasil adota regra de reciprocidade com Portugal — ""Acham que os imigrantes chegam em Portugal para roubar o trabalho deles. É um discurso de extrema-direita muito forte""",1,NOTICIA_REAL,noticias_reais,METROPOLES,titulo_resumo,ROTULO_ASSUMIDO,184,2025-07-08,https://www.metropoles.com/blog-do-noblat/bateu-levou-brasil-adota-regra-de-reciprocidade-com-portugal-c
RSS_00186,"""Zema não é uma liderança de massa e vem sendo atropelado"", diz cientista político — Um dos que se posicionou dentro a favor de Bolsonaro foi o governador Romeu Zema. Teria ele estofo para presidência em 2026?",1,NOTICIA_REAL,noticias_reais,METROPOLES,titulo_resumo,ROTULO_ASSUMIDO,209,2025-07-14,https://www.metropoles.com/blog-do-noblat/zema-nao-e-uma-lideranca-de-massa-e-vem-sendo-atropelado-diz-cientista-politico
RSS_00187,"No Ceará, Michelle Bolsonaro chegará de jatinho a Brasilia esta tarde — Ex-primeira-dama estava no estado nordestino cumprindo agenda do PL Mulher quando seu marido, o ex-presidente Jair Bolsonaro foi preso",1,NOTICIA_REAL,noticias_reais,METROPOLES,titulo_resumo,ROTULO_ASSUMIDO,206,2025-11-22,https://www.metropoles.com/brasil/politica-brasil/no-ceara-michelle-bolsonaro-chegara-de-jatinho-a-brasilia-esta-tarde
RSS_00188,Pesquisa dá folego para Lula e confirma que ação de Trump foi positiva — Pesquisa Quaest mostrou que o sentimento da população sobre tarifaço de Trump estava certo,1,NOTICIA_REAL,noticias_reais,METROPOLES,titulo_resumo,ROTULO_ASSUMIDO,163,2025-07-17,https://www.metropoles.com/blog-do-noblat/pesquisa-da-folego-para-lula-e-confirma-que-acao-de-trump-foi-positiva
RSS_00189,"Congresso: a ""baleia branca"" de Lula 3? — Impasse do IOF expõe calcanhar de Aquiles do Congresso",1,NOTICIA_REAL,noticias_reais,METROPOLES,titulo_resumo,ROTULO_ASSUMIDO,96,2025-07-05,https://www.metropoles.com/blog-do-noblat/congresso-a-baleia-branca-de-lula-3
RSS_00190,"Iniciada, CPMI do INSS tem desafio de manter relevância no semestre — Julgamento do ex-presidente Jair Bolsonaro (PL), marcado para começar na terça-feira (2/9), pode ofuscar os trabalhos da CPMI",1,NOTICIA_REAL,noticias_reais,METROPOLES,titulo_resumo,ROTULO_ASSUMIDO,195,2025-09-01,https://www.metropoles.com/brasil/iniciada-cpmi-do-inss-tem-desafio-de-manter-relevancia-no-semestre
RSS_00191,"Eduardo Bolsonaro mostra que não liga pro Brasil, o medo é ser preso — Filho do presidente, Eduardo Bolsonaro mostra que só se preocupa mesmo é com si mesmo. Critíca Tarcísio e desafia Moraes. Brasil por último.",1,NOTICIA_REAL,noticias_reais,METROPOLES,titulo_resumo,ROTULO_ASSUMIDO,211,2025-07-15,https://www.metropoles.com/blog-do-noblat/eduardo-bolsonaro-mostra-que-nao-liga-pro-brasil-o-medo-e-ser-preso
RSS_00192,"Confira a íntegra da decisão de Moraes sobre prisão de Jair Bolsonaro — Decisão do ministro do STF foi motivada por participação de Bolsonaro, por videochamada, em ato no Rio de Janeiro, nesse domingo (3/8)",1,NOTICIA_REAL,noticias_reais,METROPOLES,titulo_resumo,ROTULO_ASSUMIDO,206,2025-08-04,https://www.metropoles.com/brasil/confira-a-integra-da-decisao-de-moraes-sobre-prisao-de-jair-bolsonaro
RSS_00193,"Governo mantém sob sigilo proposta para reverter tarifaço de Trump — Gestão Lula segue atuando no modo analógico, enquanto Donald Trump está na era digital",1,NOTICIA_REAL,noticias_reais,METROPOLES,titulo_resumo,ROTULO_ASSUMIDO,155,2025-07-16,https://www.metropoles.com/colunas/andreza-matais/governo-mantem-sob-sigilo-proposta-para-reverter-tarifaco-de-trump
RSS_00194,Lula vai precisar moderar fervura da base para não perder o trunfo — Veja os vídeos de Lula e de Trump e análise do cientista político Rudá Ricci sobre impacto do clima político quente,1,NOTICIA_REAL,noticias_reais,METROPOLES,titulo_resumo,ROTULO_ASSUMIDO,184,2025-07-12,https://www.metropoles.com/blog-do-noblat/lula-vai-precisar-moderar-fervura-da-base-para-nao-perder-o-trunfo
RSS_00195,O alerta de Felca chegou ao Congresso — De Felca ao Congresso: a luta contra a “adultização” infantil. Entenda a nova lei de proteção às crianças na internet.,1,NOTICIA_REAL,noticias_reais,METROPOLES,titulo_resumo,ROTULO_ASSUMIDO,158,2025-08-23,https://www.metropoles.com/blog-do-noblat/o-alerta-de-felca-chegou-ao-congresso
RSS_00196,Papa Leão 14 é filmado fazendo a trend do “Six Seven” — Pontífice repetiu o gesto ao lado de padre italiano e grupo de crianças; publicação usa funk brasileiro de fundo,1,NOTICIA_REAL,noticias_reais,PODER360,titulo_resumo,ROTULO_ASSUMIDO,168,2026-05-16,https://www.poder360.com.br/poder-internacional/papa-leao-14-e-filmado-fazendo-a-trend-do-six-seven/
RSS_00197,Flávio Bolsonaro diz que não há nada errado com filme sobre Jair — Senador defendeu recursos para longa-metragem sobre o pai; Flávio disse no X que esquerda tenta manipular a opinião pública,1,NOTICIA_REAL,noticias_reais,PODER360,titulo_resumo,ROTULO_ASSUMIDO,190,2026-05-17,https://www.poder360.com.br/poder-eleicoes/flavio-bolsonaro-diz-que-nao-ha-nada-errado-com-filme-sobre-jair/
RSS_00198,Atos pró-Palestina e anti-imigração têm milhares em Londres — Polícia britânica convoca 4.000 agentes e prende 43 pessoas em atos da direita e de grupos pró-Palestina,1,NOTICIA_REAL,noticias_reais,PODER360,titulo_resumo,ROTULO_ASSUMIDO,166,2026-05-17,https://www.poder360.com.br/poder-internacional/atos-pro-palestina-e-anti-imigracao-tem-milhares-em-londres/
RSS_00199,Fundo ligado a aliado de Eduardo compra casa no Texas — PF investiga desvio de recursos; fundo gerenciou verba de filme sobre Bolsonaro,1,NOTICIA_REAL,noticias_reais,PODER360,titulo_resumo,ROTULO_ASSUMIDO,135,2026-05-17,https://www.poder360.com.br/poder-justica/fundo-ligado-a-aliado-de-eduardo-compra-casa-no-texas/
RSS_00200,Protestos na Bolívia cercam La Paz e pedem saída de presidente — Manifestações começaram contra lei de terras e se ampliaram pelo país; Argentina enviou avião com 12 toneladas de alimentos,1,NOTICIA_REAL,noticias_reais,PODER360,titulo_resumo,ROTULO_ASSUMIDO,188,2026-05-16,https://www.poder360.com.br/poder-internacional/bloqueios-bolivia-pedem-renuncia-rodrigo-paz/
RSS_00201,Desabamento em Salvador deixa ao menos 1 morto — Prédio de 4 andares desabou; bombeiros buscam desaparecidos,1,NOTICIA_REAL,noticias_reais,PODER360,titulo_resumo,ROTULO_ASSUMIDO,108,2026-05-17,https://www.poder360.com.br/poder-infra/desabamento-em-salvador-deixa-ao-menos-1-morto/
RSS_00202,Cuba divulga manual de sobrevivência a ataques militares — Cartilha orienta cubanos a montar kits para emergências,1,NOTICIA_REAL,noticias_reais,PODER360,titulo_resumo,ROTULO_ASSUMIDO,114,2026-05-16,https://www.poder360.com.br/poder-internacional/cuba-divulga-manual-de-sobrevivencia-a-ataques-militares/
RSS_00203,Governo Lula anuncia R$ 37 bi para o refino em São Paulo — Aporte na Refinaria de Paulínia deve criar 38 mil empregos diretos e indiretos até 2030,1,NOTICIA_REAL,noticias_reais,PODER360,titulo_resumo,ROTULO_ASSUMIDO,146,2026-05-17,https://www.poder360.com.br/poder-infra/governo-lula-anuncia-r-37-bi-para-o-refino-em-sao-paulo/
RSS_00204,"Empresa afasta chileno preso por ofensas em voo da Latam Airlines — Suspeito era executivo comercial da Landes, empresa chilena de pescados",1,NOTICIA_REAL,noticias_reais,PODER360,titulo_resumo,ROTULO_ASSUMIDO,139,2026-05-17,https://www.poder360.com.br/poder-internacional/empresa-afasta-chileno-preso-por-ofensas-em-voo-da-latam-airlines/
RSS_00205,"Cacique Raoni, de 94 anos, é internado em UTI com pneumonia — Líder indígena está no Hospital Dois Pinheiros, em Sinop (MT); medida preventiva visa a monitorar quadro respiratório",1,NOTICIA_REAL,noticias_reais,PODER360,titulo_resumo,ROTULO_ASSUMIDO,179,2026-05-17,https://www.poder360.com.br/poder-brasil/cacique-raoni-de-94-anos-e-internado-em-uti-com-pneumonia/
RSS_00206,"Em sinalização ao multilateralismo, ministro da Fazenda é convidado e fará discurso em reunião do G7",1,NOTICIA_REAL,noticias_reais,UOL_NOTICIAS,titulo,ROTULO_ASSUMIDO,100,,https://www1.folha.uol.com.br/colunas/painel/2026/05/em-sinalizacao-ao-multilateralismo-ministro-da-fazenda-e-convidado-e-fara-discurso-em-reuniao-do-g7.shtml
RSS_00207,Lula reage na busca por reeleição com pacote de benesses e vê caso Master acuar adversários,1,NOTICIA_REAL,noticias_reais,UOL_NOTICIAS,titulo,ROTULO_ASSUMIDO,91,,https://www1.folha.uol.com.br/poder/2026/05/lula-reage-na-busca-por-reeleicao-com-pacote-de-benesses-e-ve-caso-master-acuar-adversarios.shtml
RSS_00208,Fui assaltada. Fique sem celular e sem história,1,NOTICIA_REAL,noticias_reais,UOL_NOTICIAS,titulo,ROTULO_ASSUMIDO,47,,https://www1.folha.uol.com.br/colunas/becky-korich/2026/05/fui-assaltada-fique-sem-celular-e-sem-historia.shtml
RSS_00209,Juros escalam com candidatura de Flávio Bolsonaro ameaçada pelo 'caso Dark Horse',1,NOTICIA_REAL,noticias_reais,UOL_NOTICIAS,titulo,ROTULO_ASSUMIDO,81,,https://www1.folha.uol.com.br/mercado/2026/05/juros-escalam-com-candidatura-de-flavio-bolsonaro-ameacada-pelo-caso-dark-horse.shtml
RSS_00210,'7 Leituras' começa sua edição de 20 anos com peça adaptada por Hitchcock,1,NOTICIA_REAL,noticias_reais,UOL_NOTICIAS,titulo,ROTULO_ASSUMIDO,73,,https://guia.folha.uol.com.br/teatro/2026/05/7-leituras-comeca-sua-edicao-de-20-anos-com-peca-adaptada-por-hitchcock.shtml
RSS_00211,"Turbinada sob Castro, cidade de pré-candidato bolsonarista no RJ espera verba acertada com Paes",1,NOTICIA_REAL,noticias_reais,UOL_NOTICIAS,titulo,ROTULO_ASSUMIDO,95,,https://www1.folha.uol.com.br/poder/2026/05/turbinada-sob-castro-cidade-de-pre-candidato-bolsonarista-no-rj-espera-verba-acertada-com-paes.shtml
RSS_00212,Michelle Bolsonaro pretende alavancar candidaturas femininas no DF — Mulheres que representam os envolvidos no 8 de Janeiro contam com apoio da ex-primeira-dama na disputa por uma vaga no Congresso,1,NOTICIA_REAL,noticias_reais,VEJA_POLITICA,titulo_resumo,ROTULO_ASSUMIDO,197,2026-05-16,https://veja.abril.com.br/politica/michelle-bolsonaro-pretende-alavancar-candidaturas-femininas-no-df/
RSS_00213,"‘Não tem que justificar nada’, diz Flávio sobre pedido de dinheiro a Vorcaro — Senador e pré-candidato à Presidência foi vaiado durante agenda na sede da Polícia Militar do Rio de Janeiro",1,NOTICIA_REAL,noticias_reais,VEJA_POLITICA,titulo_resumo,ROTULO_ASSUMIDO,187,2026-05-15,https://veja.abril.com.br/politica/nao-tem-que-justificar-nada-diz-flavio-sobre-pedido-de-dinheiro-a-vorcaro/
RSS_00214,"Fora do STF, Barroso participa de fórum em Oxford e diz o que ainda precisa mudar no Brasil — Patrono do Brasil-UK Fórum, ex-presidente do STF participa do evento neste fim de semana na Inglaterra",1,NOTICIA_REAL,noticias_reais,VEJA_POLITICA,titulo_resumo,ROTULO_ASSUMIDO,196,2026-05-15,https://veja.abril.com.br/politica/fora-do-stf-barroso-diz-o-que-precisa-mudar-no-brasil-em-abertura-de-forum-em-oxford/
RSS_00215,A aposta de Temer sobre reconciliação entre ministros do STF e cúpula do Congresso — Ex-presidente avalia que crise será superada quando a Corte validar a modulação de penas de condenados no 8 de janeiro,1,NOTICIA_REAL,noticias_reais,VEJA_POLITICA,titulo_resumo,ROTULO_ASSUMIDO,203,2026-05-16,https://veja.abril.com.br/politica/a-aposta-de-temer-sobre-reconciliacao-entre-ministros-do-stf-e-cupula-do-congresso/
RSS_00216,A dobradinha da Esplanada que vem chamando atenção de Lula e ministros — Sintonia fina entre Dario Durigan e Bruno Moretti tem recebido elogios nos bastidores,1,NOTICIA_REAL,noticias_reais,VEJA_POLITICA,titulo_resumo,ROTULO_ASSUMIDO,158,2026-05-16,https://veja.abril.com.br/politica/a-dobradinha-da-esplanada-que-vem-chamando-atencao-de-lula-e-ministros/
RSS_00217,"O plano inusitado que Zema pretende implementar caso seja eleito para a presidência — Se chegar ao Planalto em 2027, ex-governador de Minas Gerais quer alianças para reformular as relações do Executivo com o Congresso",1,NOTICIA_REAL,noticias_reais,VEJA_POLITICA,titulo_resumo,ROTULO_ASSUMIDO,217,2026-05-16,https://veja.abril.com.br/politica/a-plano-inusitado-que-zema-pretende-implementar-caso-seja-eleito-para-a-presidencia/
RSS_00218,Flávio Bolsonaro queima (o filme) na largada — Conversa despudorada com o banqueiro Daniel Vorcaro deixa o senador na defensiva,1,NOTICIA_REAL,noticias_reais,VEJA_POLITICA,titulo_resumo,ROTULO_ASSUMIDO,127,2026-05-15,https://veja.abril.com.br/coluna/jorge-pontes/flavio-bolsonaro-queima-o-filme-na-largada/
RSS_00219,‘Bolsomaster’: petistas ganharam narrativa de bandeja — Revelação de áudio de Flávio Bolsonaro cobrando patrocínio do dono do Banco Master deu novo fôlego à campanha petista,1,NOTICIA_REAL,noticias_reais,VEJA_POLITICA,titulo_resumo,ROTULO_ASSUMIDO,173,2026-05-16,https://veja.abril.com.br/politica/bolsomaster-petistas-ganharam-narrativa-de-bandeja/
RSS_00220,"Ala do PL do Rio vê Castro mais frágil, mas descarta abandono imediato — Ex-governador do Rio foi alvo de ação da PF que investiga possíveis fraudes fiscais pela Refit, a antiga Refinaria de Manguinhos",1,NOTICIA_REAL,noticias_reais,VEJA_POLITICA,titulo_resumo,ROTULO_ASSUMIDO,201,2026-05-15,https://veja.abril.com.br/politica/ala-do-pl-do-rio-ve-castro-mais-fragil-mas-descarta-abandono-imediato/
RSS_00221,"Flávio ironiza ataque de Zema: ‘Mineiro tem mais calma na hora de falar’ — Pré-candidato do PL participou de agenda com aliados na PM do Rio; ex-governador de Minas disse que conversa com Vorcaro é ""tapa na cara dos brasileiros""",1,NOTICIA_REAL,noticias_reais,VEJA_POLITICA,titulo_resumo,ROTULO_ASSUMIDO,228,2026-05-15,https://veja.abril.com.br/politica/flavio-ironiza-ataque-de-zema-mineiro-tem-mais-calma-na-hora-de-falar/
RSS_00222,Os dois temas que preocupam a frente parlamentar do ambiente de negócios — Parlamentares vão debater fim da 'taxa das blusinhas' e da escala 6x1 em almoço,1,NOTICIA_REAL,noticias_reais,VEJA_POLITICA,titulo_resumo,ROTULO_ASSUMIDO,154,2026-05-15,https://veja.abril.com.br/politica/os-dois-temas-que-preocupam-a-frente-parlamentar-do-ambiente-de-negocios/
RSS_00223,"Zema tem recorde de ‘curtidas’ ao criticar Flávio Bolsonaro, mas também ganha desafetos — Vídeo do ex-governador foi visto por 4 milhões de internautas e criou problemas para a aliança entre o Novo e o PL",1,NOTICIA_REAL,noticias_reais,VEJA_POLITICA,titulo_resumo,ROTULO_ASSUMIDO,204,2026-05-16,https://veja.abril.com.br/politica/zema-tem-recorde-de-curtidas-ao-criticar-flavio-bolsonaro-mas-tambem-ganha-desafetos/
RSS_00224,Nunes Marques acumula desafios no TSE em cenário eleitoral que promete turbulências — Ministro cita a inteligência artificial e o ataque às urnas como ameaças à democracia,1,NOTICIA_REAL,noticias_reais,VEJA_POLITICA,titulo_resumo,ROTULO_ASSUMIDO,171,2026-05-16,https://veja.abril.com.br/politica/nunes-marques-acumula-desafios-no-tse-em-cenario-eleitoral-que-promete-turbulencias/
RSS_00225,"A bola fora de governador interino do Rio de Janeiro durante ‘exoneraço’ — Nos primeiros dias à frente do governo, Ricardo Couto procurou por funcionária que ele mesmo havia exonerado",1,NOTICIA_REAL,noticias_reais,VEJA_POLITICA,titulo_resumo,ROTULO_ASSUMIDO,183,2026-05-15,https://veja.abril.com.br/politica/a-bola-fora-de-governador-interino-do-rio-de-janeiro-durante-exoneraco/
RSS_00226,"Ciro se lança ao governo do Ceará ao lado de bolsonaristas e critica ex-aliados e o STF — Ex-ministro anunciou pré-candidatura neste sábado, 16, em evento em Fortaleza",1,NOTICIA_REAL,noticias_reais,VEJA_POLITICA,titulo_resumo,ROTULO_ASSUMIDO,167,2026-05-16,https://veja.abril.com.br/politica/ciro-se-lanca-ao-governo-do-ceara-ao-lado-de-bolsonaristas-e-critica-ex-aliados-e-o-stf/
RSS_00227,"Subprocurador pede que TCU apure financiamento de filme de Bolsonaro — Lucas Furtado cita utilização indireta de recursos públicos, investimentos ligados ao Master e suposta ocultação da origem dos recursos aportados no longa",1,NOTICIA_REAL,noticias_reais,VEJA_POLITICA,titulo_resumo,ROTULO_ASSUMIDO,225,2026-05-15,https://veja.abril.com.br/politica/subprocurador-pede-que-tcu-apure-financiamento-de-filme-de-bolsonaro/
RSS_00228,"Flávio Bolsonaro, o irmão Vorcaro e a máxima de que não há almoço de graça — Agentes privados gastam dinheiro grosso para comprar simpatia, favores e, às vezes, vantagens indevidas",1,NOTICIA_REAL,noticias_reais,VEJA_POLITICA,titulo_resumo,ROTULO_ASSUMIDO,180,2026-05-16,https://veja.abril.com.br/politica/flavio-bolsonaro-o-irmao-vorcaro-e-a-maxima-de-que-nao-ha-almoco-de-graca/
RSS_00229,A consequência para Zema após os vídeos contra Gilmar Mendes — Confronto entre o ex-governador de Minas e o ministro do STF ganhou novo capítulo,1,NOTICIA_REAL,noticias_reais,VEJA_POLITICA,titulo_resumo,ROTULO_ASSUMIDO,144,2026-05-15,https://veja.abril.com.br/politica/a-consequencia-para-zema-apos-os-videos-contra-gilmar-mendes/
RSS_00230,"Caso Marielle: Moraes vota para tornar policiais réus em mais um processo — Primeira Turma do STF analisa o caso em plenário virtual, com sessão prevista até sexta-feira, 22",1,NOTICIA_REAL,noticias_reais,VEJA_POLITICA,titulo_resumo,ROTULO_ASSUMIDO,173,2026-05-15,https://veja.abril.com.br/politica/caso-marielle-moraes-vota-para-tornar-policiais-reus-em-mais-um-processo/
RSS_00231,O receio do ‘efeito Orloff’ do caso Master no Supremo — Declaração do presidenciável do PL para consolar aliado do Centrão que havia sido alvo da PF passa a valer para ele mesmo após revelação de áudio para Vorcaro,1,NOTICIA_REAL,noticias_reais,VEJA_POLITICA,titulo_resumo,ROTULO_ASSUMIDO,214,2026-05-16,https://veja.abril.com.br/politica/o-receio-do-efeito-orloff-do-caso-master-no-supremo/
